date,open,close,high,low,volume
2019-01-02,2298.180,2262.790,2301.060,2252.750,20880697.000
2019-01-03,2259.480,2269.240,2287.780,2253.940,18895240.000
2019-01-04,2252.740,2314.650,2316.350,2249.370,25900596.000
2019-01-07,2329.030,2314.320,2331.600,2306.900,25278948.000
2019-01-08,2312.170,2305.170,2312.170,2298.950,18131160.000
2019-01-09,2320.910,2332.720,2360.360,2318.440,28747596.000
2019-01-10,2333.220,2331.850,2345.330,2321.300,22280507.000
2019-01-11,2342.020,2354.500,2360.060,2334.910,18417693.000
2019-01-14,2350.260,2331.140,2354.310,2330.000,16462252.000
2019-01-15,2337.700,2378.370,2380.600,2332.410,22466336.000
2019-01-16,2375.170,2381.220,2385.220,2366.340,18097039.000
2019-01-17,2388.590,2371.350,2396.800,2370.580,21555000.000
2019-01-18,2385.620,2417.360,2422.030,2380.560,30088200.000
2019-01-21,2418.000,2432.490,2443.230,2418.000,26237236.000
2019-01-22,2430.430,2401.230,2430.430,2394.180,19373137.000
2019-01-23,2397.410,2397.050,2414.020,2392.640,16290135.000
2019-01-24,2401.380,2411.560,2414.890,2385.100,20415697.000
2019-01-25,2419.260,2441.640,2453.670,2418.010,25683679.000
2019-01-28,2455.280,2437.030,2473.120,2429.880,23468163.000
2019-01-29,2433.310,2455.900,2461.520,2423.460,21863480.000
2019-01-30,2445.860,2440.010,2462.610,2439.330,17835170.000
2019-01-31,2454.640,2483.470,2487.100,2450.180,26681298.000
2019-02-01,2502.100,2499.640,2503.550,2479.340,21950054.000
2019-02-11,2485.500,2527.470,2528.380,2484.650,25211570.000
2019-02-12,2528.100,2533.180,2537.290,2515.030,25458804.000
2019-02-13,2538.420,2580.610,2587.880,2528.230,39821832.000
2019-02-14,2572.640,2576.310,2585.510,2564.870,27718515.000
2019-02-15,2566.340,2517.460,2568.790,2515.890,30315796.000
2019-02-18,2540.530,2582.850,2583.400,2540.300,37400592.000
2019-02-19,2586.860,2579.050,2614.360,2568.180,37907379.000
2019-02-20,2593.790,2588.170,2599.550,2569.980,29965181.000
2019-02-21,2586.740,2577.230,2615.470,2569.480,35252855.000
2019-02-22,2576.000,2623.070,2623.090,2555.730,41384151.000
2019-02-25,2652.910,2787.700,2788.670,2652.910,96939051.000
2019-02-26,2781.310,2733.900,2804.160,2729.480,87230161.000
2019-02-27,2739.110,2750.340,2794.930,2722.310,75508865.000
2019-02-28,2749.870,2743.970,2767.860,2733.030,46340959.000
2019-03-01,2764.950,2819.470,2819.470,2747.210,56100147.000
2019-03-04,2839.400,2832.590,2907.820,2816.980,92180167.000
2019-03-05,2829.500,2828.870,2835.110,2807.120,60349235.000
2019-03-06,2827.860,2840.270,2847.380,2797.500,69492224.000
2019-03-07,2831.360,2789.700,2831.360,2773.350,73263959.000
2019-03-08,2731.530,2685.590,2753.550,2684.200,72033928.000
2019-03-11,2683.760,2708.600,2714.090,2670.790,52014052.000
2019-03-12,2730.530,2719.770,2759.610,2704.690,64867544.000
2019-03-13,2731.500,2723.960,2747.960,2699.980,54064571.000
2019-03-14,2720.190,2729.130,2752.660,2716.270,43471813.000
2019-03-15,2736.000,2755.810,2783.510,2735.860,44123096.000
2019-03-18,2763.230,2825.180,2827.260,2749.200,61605235.000
2019-03-19,2830.240,2806.900,2842.450,2797.720,43459056.000
2019-03-20,2799.320,2812.920,2831.630,2787.280,40322247.000
2019-03-21,2816.450,2802.960,2822.630,2799.830,43631385.000
2019-03-22,2804.720,2795.390,2813.520,2771.960,35988070.000
2019-03-25,2757.810,2718.180,2765.840,2717.290,52140915.000
2019-03-26,2737.370,2706.150,2739.290,2693.910,40073955.000
2019-03-27,2721.140,2741.590,2751.720,2714.090,33542018.000
2019-03-28,2728.040,2733.970,2742.700,2709.390,31840303.000
2019-03-29,2747.540,2838.510,2845.230,2746.110,59676669.000
2019-04-01,2860.140,2892.620,2906.150,2860.140,77912146.000
2019-04-02,2900.630,2888.530,2903.870,2878.390,61187461.000
2019-04-03,2869.850,2920.000,2923.920,2865.300,64723749.000
2019-04-04,2927.100,2951.980,2959.590,2921.200,73035716.000
2019-04-08,2978.500,2962.270,3007.830,2938.650,74531909.000
2019-04-09,2968.080,2967.510,2980.120,2948.310,50802142.000
2019-04-10,2957.270,2979.100,2996.410,2941.350,48692438.000
2019-04-11,2982.390,2928.430,3000.100,2920.190,42811144.000
2019-04-12,2920.550,2920.520,2933.450,2903.270,32521633.000
2019-04-15,2973.020,2924.930,2999.330,2924.600,58437528.000
2019-04-16,2914.990,3023.030,3023.030,2909.670,70764163.000
2019-04-17,3017.390,3017.420,3035.410,2996.760,49960675.000
2019-04-18,3014.910,3004.920,3019.540,2993.270,39670684.000
2019-04-19,3013.670,3042.430,3043.930,2989.550,39943672.000
2019-04-22,3047.430,2970.490,3048.820,2962.360,56759697.000
2019-04-23,2968.000,2978.850,3007.350,2964.980,41065456.000
2019-04-24,2989.960,2974.850,3001.530,2933.530,35425729.000
2019-04-25,2962.740,2928.000,2973.220,2924.020,38934483.000
2019-04-26,2913.770,2892.860,2930.210,2892.530,36562197.000
2019-04-29,2906.470,2939.410,2968.160,2899.830,39249355.000
2019-04-30,2935.240,2945.240,2955.880,2919.490,32127983.000
2019-05-06,2853.880,2805.040,2867.600,2768.800,62436063.000
2019-05-07,2814.470,2806.260,2833.200,2777.730,35418177.000
2019-05-08,2753.610,2758.240,2796.470,2750.930,30398772.000
2019-05-09,2740.350,2698.780,2748.010,2686.470,30758681.000
2019-05-10,2731.580,2793.760,2798.870,2698.810,39453278.000
2019-05-13,2751.760,2741.110,2767.480,2736.840,26590971.000
2019-05-14,2716.730,2724.730,2754.690,2716.730,26222018.000
2019-05-15,2743.780,2783.540,2797.150,2743.780,30718920.000
2019-05-16,2777.850,2791.410,2793.760,2766.150,28946302.000
2019-05-17,2792.080,2735.210,2792.510,2728.930,30072063.000
2019-05-20,2726.070,2715.430,2746.660,2697.610,31202646.000
2019-05-21,2717.870,2739.790,2764.480,2712.040,26969051.000
2019-05-22,2739.110,2725.730,2745.860,2714.650,23168729.000
2019-05-23,2710.570,2685.930,2713.940,2679.540,27810156.000
2019-05-24,2693.880,2702.030,2722.340,2692.530,21237076.000
2019-05-27,2696.260,2722.330,2731.300,2667.380,27243848.000
2019-05-28,2719.060,2748.800,2759.780,2716.310,34670056.000
2019-05-29,2728.440,2755.810,2780.310,2724.850,24940857.000
2019-05-30,2748.430,2742.960,2752.690,2721.880,24398405.000
2019-05-31,2740.300,2728.950,2762.390,2728.950,22188152.000
2019-06-03,2737.810,2743.060,2762.080,2723.930,27092220.000
2019-06-04,2744.700,2721.310,2746.510,2713.800,22275832.000
2019-06-05,2741.940,2719.590,2747.230,2717.930,25766253.000
2019-06-06,2727.700,2706.760,2727.700,2701.920,21390312.000
2019-06-10,2717.910,2743.370,2752.880,2712.160,27088081.000
2019-06-11,2750.540,2812.900,2816.990,2750.540,40850315.000
2019-06-12,2802.530,2796.730,2805.010,2790.180,26445230.000
2019-06-13,2798.020,2794.540,2804.760,2771.860,23452887.000
2019-06-14,2798.400,2785.610,2816.180,2781.720,26124830.000
2019-06-17,2785.470,2793.700,2813.450,2785.470,20477851.000
2019-06-18,2800.830,2806.450,2809.870,2785.380,21676404.000
2019-06-19,2872.070,2842.740,2879.230,2842.420,41160110.000
2019-06-20,2847.320,2942.630,2954.030,2846.440,57360369.000
2019-06-21,2939.650,2938.770,2958.230,2929.900,46560205.000
2019-06-24,2942.510,2949.520,2958.020,2931.670,29016018.000
2019-06-25,2946.020,2910.120,2946.710,2875.370,38165595.000
2019-06-26,2896.760,2903.490,2915.240,2891.000,24024660.000
2019-06-27,2917.200,2937.130,2952.910,2914.960,33472487.000
2019-06-28,2932.690,2930.600,2937.290,2911.670,23708671.000
2019-07-01,2984.650,3002.940,3011.910,2978.750,42622714.000
2019-07-02,3000.780,2999.080,3003.880,2988.470,34629488.000
2019-07-03,2990.050,2964.730,2990.050,2953.700,33918965.000
2019-07-04,2966.330,2953.270,2974.800,2939.970,32928834.000
2019-07-05,2952.710,2961.920,2967.980,2937.600,23845345.000
2019-07-08,2944.970,2897.510,2944.970,2877.740,33732588.000
2019-07-09,2894.330,2881.550,2902.140,2872.030,21374700.000
2019-07-10,2896.700,2878.780,2897.580,2870.670,18911521.000
2019-07-11,2897.470,2887.830,2918.940,2879.640,21157266.000
2019-07-12,2883.090,2902.130,2912.900,2878.200,21454210.000
2019-07-15,2885.980,2902.610,2920.160,2850.100,28196106.000
2019-07-16,2900.050,2884.560,2905.110,2881.400,17411517.000
2019-07-17,2877.490,2875.030,2892.340,2866.470,18099830.000
2019-07-18,2869.730,2859.160,2872.240,2859.070,19542086.000
2019-07-19,2875.960,2895.620,2906.550,2875.900,22451089.000
2019-07-22,2897.790,2881.900,2905.350,2872.530,23603184.000
2019-07-23,2885.700,2881.100,2889.390,2871.510,20448748.000
2019-07-24,2894.940,2906.550,2923.400,2894.590,26019871.000
2019-07-25,2911.010,2931.180,2931.180,2903.310,22933113.000
2019-07-26,2918.110,2939.350,2943.070,2918.010,23521864.000
2019-07-29,2936.640,2930.490,2938.730,2922.680,22372005.000
2019-07-30,2939.140,2944.020,2958.300,2938.900,22696980.000
2019-07-31,2931.850,2912.660,2932.650,2906.710,23888034.000
2019-08-01,2901.150,2887.870,2909.470,2880.300,24271683.000
2019-08-02,2837.370,2843.770,2852.110,2831.660,29943968.000
2019-08-05,2823.350,2786.720,2828.480,2785.900,28350976.000
2019-08-06,2736.680,2760.680,2771.790,2718.210,36941691.000
2019-08-07,2771.240,2747.250,2773.940,2747.250,24588464.000
2019-08-08,2771.450,2786.870,2790.140,2768.710,29406960.000
2019-08-09,2800.440,2772.150,2802.810,2767.140,25380966.000
2019-08-12,2787.440,2824.800,2825.090,2782.770,22136997.000
2019-08-13,2807.960,2792.910,2812.490,2787.120,21464034.000
2019-08-14,2827.040,2804.360,2831.340,2803.860,26108221.000
2019-08-15,2758.740,2814.390,2815.150,2756.380,25284675.000
2019-08-16,2817.270,2824.230,2846.260,2805.810,24147328.000
2019-08-19,2839.250,2877.230,2877.470,2823.870,41911167.000
2019-08-20,2869.160,2875.650,2883.550,2864.710,29817583.000
2019-08-21,2868.630,2869.220,2875.010,2864.810,21637444.000
2019-08-22,2878.730,2878.000,2881.060,2862.440,20493057.000
2019-08-23,2880.570,2917.380,2923.930,2876.020,24138057.000
2019-08-26,2869.460,2863.480,2882.450,2854.510,26436578.000
2019-08-27,2883.420,2887.240,2915.840,2881.000,35741368.000
2019-08-28,2883.350,2867.030,2887.850,2860.710,23610765.000
2019-08-29,2867.770,2855.450,2871.630,2843.280,22386670.000
2019-08-30,2878.210,2872.400,2886.350,2856.030,25922975.000
2019-09-02,2871.290,2894.960,2902.410,2866.750,29753214.000
2019-09-03,2897.290,2892.180,2900.760,2878.100,25904982.000
2019-09-04,2888.970,2919.680,2919.680,2887.590,37647144.000
2019-09-05,2938.140,2955.840,2988.210,2938.140,52852272.000
2019-09-06,2974.800,2981.070,2981.240,2955.820,31465367.000
2019-09-09,3004.800,2981.590,3008.670,2974.230,38695798.000
2019-09-10,2987.510,2969.800,2988.060,2958.310,36034678.000
2019-09-11,2978.970,2957.140,2980.660,2946.570,35199335.000
2019-09-12,2970.010,2999.560,3001.230,2963.450,31824410.000
2019-09-16,3003.650,2982.450,3004.880,2972.580,32533939.000
2019-09-17,2974.010,2937.010,2974.010,2929.310,30722495.000
2019-09-18,2947.970,2954.360,2967.860,2947.680,23353923.000
2019-09-19,2965.030,2956.830,2965.110,2941.660,20942809.000
2019-09-20,2964.920,2963.430,2970.720,2956.920,30230028.000
2019-09-23,2955.260,2930.910,2955.260,2916.430,23782646.000
2019-09-24,2936.950,2940.080,2956.290,2929.600,22732296.000
2019-09-25,2930.140,2928.840,2942.000,2923.150,22526512.000
2019-09-26,2939.680,2927.880,2952.870,2926.540,31466918.000
2019-09-27,2929.320,2929.470,2934.330,2916.070,23014561.000
2019-09-30,2917.070,2897.700,2933.510,2897.680,19233021.000
2019-10-08,2898.530,2922.350,2938.870,2898.530,24961388.000
2019-10-09,2908.170,2922.980,2931.640,2896.260,26136018.000
2019-10-10,2917.820,2940.800,2944.020,2910.350,21996133.000
2019-10-11,2952.470,2983.120,2989.750,2945.010,31177123.000
2019-10-14,3007.360,3013.530,3040.500,2997.660,42543315.000
2019-10-15,3018.860,3015.420,3019.290,3005.870,25446083.000
2019-10-16,3015.170,3004.720,3043.450,2999.380,26256367.000
2019-10-17,3009.690,3011.750,3018.650,2997.840,18936107.000
2019-10-18,3020.010,2963.180,3027.600,2961.130,24631271.000
2019-10-21,2957.970,2968.910,2973.790,2950.300,24223543.000
2019-10-22,2983.840,2973.220,2983.840,2956.900,21001262.000
2019-10-23,2969.980,2954.310,2977.680,2945.840,22633012.000
2019-10-24,2963.340,2959.030,2976.370,2945.680,24482739.000
2019-10-25,2955.510,2967.050,2970.540,2935.060,24522583.000
2019-10-28,2967.630,2981.360,2984.940,2962.400,28490213.000
2019-10-29,2982.450,2968.280,2984.350,2968.210,21802993.000
2019-10-30,2966.760,2952.120,2971.900,2946.970,21820115.000
2019-10-31,2964.910,2954.730,2966.590,2948.330,26277647.000
2019-11-01,2953.740,3002.650,3005.180,2947.600,28879939.000
2019-11-04,3012.940,3022.270,3025.640,3011.200,30906972.000
2019-11-05,3024.870,3039.980,3065.930,3015.800,38359862.000
2019-11-06,3041.420,3032.790,3045.460,3024.750,29174816.000
2019-11-07,3034.160,3033.300,3044.720,3021.690,23317946.000
2019-11-08,3052.690,3012.460,3055.600,3011.370,28297012.000
2019-11-11,2995.140,2965.710,2995.140,2962.680,28511827.000
2019-11-12,2973.000,2971.360,2978.170,2954.780,20527695.000
2019-11-13,2967.620,2967.670,2976.260,2955.100,22621812.000
2019-11-14,2975.480,2968.570,2980.700,2964.920,22123548.000
2019-11-15,2972.480,2954.700,2976.370,2953.760,22029561.000
2019-11-18,2954.780,2980.950,2985.970,2949.470,23876300.000
2019-11-19,2973.570,3000.750,3000.750,2973.570,24265871.000
2019-11-20,2991.420,2968.120,2996.510,2962.710,22511696.000
2019-11-21,2957.070,2949.340,2957.350,2940.150,21914452.000
2019-11-22,2952.770,2922.270,2967.780,2913.180,26802021.000
2019-11-25,2926.150,2951.250,2951.790,2925.400,33302211.000
2019-11-26,2962.370,2946.570,2965.390,2943.550,30225430.000
2019-11-27,2948.340,2944.320,2953.390,2933.280,20359377.000
2019-11-28,2945.340,2930.480,2952.260,2922.550,17773346.000
2019-11-29,2923.450,2894.720,2927.250,2879.930,20790150.000
2019-12-02,2896.510,2899.440,2913.740,2893.420,21334638.000
2019-12-03,2892.420,2909.620,2909.950,2876.520,19088333.000
2019-12-04,2902.130,2901.070,2903.940,2887.840,19438168.000
2019-12-05,2912.940,2921.950,2927.340,2907.770,22464511.000
2019-12-06,2928.360,2939.820,2939.820,2922.430,21383576.000
2019-12-09,2944.160,2933.040,2945.270,2923.790,25034095.000
2019-12-10,2925.950,2936.990,2937.780,2923.750,20246093.000
2019-12-11,2947.540,2949.650,2953.940,2934.040,23592999.000
2019-12-12,2954.400,2938.040,2954.400,2934.000,20689842.000
2019-12-13,2968.860,3006.310,3006.310,2967.850,41894582.000
2019-12-16,2999.500,2999.200,2999.530,2983.190,33429792.000
2019-12-17,3000.780,3033.140,3053.830,2991.080,47347335.000
2019-12-18,3031.890,3025.780,3041.830,3020.950,32492619.000
2019-12-19,3027.670,3017.710,3029.700,3009.870,26929092.000
2019-12-20,3022.120,3012.630,3033.560,3009.380,25092228.000
2019-12-23,3015.290,2984.240,3028.560,2982.020,27450023.000
2019-12-24,2985.620,2996.760,2999.080,2982.420,22275453.000
2019-12-25,2993.360,2986.000,2993.560,2976.910,21384876.000
2019-12-26,2986.310,3011.640,3011.640,2985.530,23055824.000
2019-12-27,3012.030,3017.780,3047.610,3012.030,34420274.000
2019-12-30,3016.200,3062.750,3065.250,3007.960,43666647.000
2019-12-31,3057.300,3063.220,3065.380,3043.930,31074043.000
2020-01-02,3073.930,3090.830,3107.520,3073.930,50036392.000
2020-01-03,3097.250,3078.280,3097.410,3072.110,37185493.000
2020-01-06,3062.280,3056.840,3090.840,3040.190,47707827.000
2020-01-07,3063.750,3074.020,3080.270,3061.560,34371788.000
2020-01-08,3058.360,3037.850,3058.700,3030.100,37653773.000
2020-01-09,3060.770,3067.550,3071.540,3055.990,33150515.000
2020-01-10,3079.080,3067.880,3081.960,3058.160,28542389.000
2020-01-13,3069.680,3090.130,3090.130,3054.880,29330835.000
2020-01-14,3097.720,3080.600,3108.180,3078.460,35129017.000
2020-01-15,3078.250,3058.010,3086.970,3052.700,28116086.000
2020-01-16,3067.950,3043.090,3068.200,3039.070,28312318.000
2020-01-17,3054.040,3053.170,3067.560,3042.590,23304514.000
2020-01-20,3070.670,3065.990,3072.290,3054.450,27274849.000
2020-01-21,3048.950,3012.110,3050.820,3011.180,32801291.000
2020-01-22,2996.810,3017.880,3023.900,2965.660,33159760.000
2020-01-23,2993.770,2932.490,2993.770,2910.390,42839352.000
2020-02-03,2676.010,2727.090,2755.840,2676.010,58609184.000
2020-02-04,2724.130,2794.660,2796.710,2724.130,57016369.000
2020-02-05,2803.740,2812.900,2833.210,2782.420,44182070.000
2020-02-06,2829.510,2854.890,2866.390,2809.370,42134251.000
2020-02-07,2836.800,2851.710,2851.820,2819.670,34443628.000
2020-02-10,2826.800,2850.060,2854.830,2817.770,33654934.000
2020-02-11,2858.920,2879.860,2893.070,2854.070,36028244.000
2020-02-12,2876.670,2895.590,2895.930,2870.770,31230750.000
2020-02-13,2898.400,2875.480,2906.720,2871.260,37434764.000
2020-02-14,2870.710,2895.060,2900.200,2870.630,35125996.000
2020-02-17,2901.690,2950.070,2950.280,2898.590,45296532.000
2020-02-18,2940.650,2924.400,2944.430,2914.960,38098991.000
2020-02-19,2917.120,2923.760,2942.350,2914.590,40270252.000
2020-02-20,2931.370,2978.180,2981.270,2920.800,50229847.000
2020-02-21,2965.600,2968.140,2991.060,2959.510,46920152.000
2020-02-24,2949.980,2930.030,2953.290,2922.160,48637573.000
2020-02-25,2891.980,2909.320,2912.160,2869.640,53157948.000
2020-02-26,2877.460,2901.670,2930.020,2872.830,62965029.000
2020-02-27,2904.870,2912.040,2927.200,2903.750,42152250.000
2020-02-28,2860.280,2821.040,2880.790,2818.430,58479965.000
2020-03-02,2837.770,2907.890,2922.950,2837.770,54884776.000
2020-03-03,2941.680,2921.440,2948.550,2910.760,53161398.000
2020-03-04,2921.070,2947.570,2949.570,2919.370,42569549.000
2020-03-05,2966.690,3018.070,3023.120,2956.650,60497966.000
2020-03-06,2989.760,2964.830,2999.490,2962.400,41855288.000
2020-03-09,2908.630,2868.830,2908.630,2864.490,58864747.000
2020-03-10,2859.870,2924.220,2935.090,2852.930,48050530.000
2020-03-11,2927.830,2888.360,2927.830,2888.360,36442062.000
2020-03-12,2858.510,2841.980,2866.140,2828.290,37023632.000
2020-03-13,2720.610,2798.770,2826.720,2715.140,49061355.000
2020-03-16,2800.000,2694.020,2800.180,2689.900,46971206.000
2020-03-17,2696.700,2685.590,2734.800,2629.180,41532694.000
2020-03-18,2695.420,2625.750,2724.300,2625.600,37681392.000
2020-03-19,2611.750,2569.790,2630.050,2517.300,49523528.000
2020-03-20,2597.980,2628.420,2636.140,2580.360,37231436.000
2020-03-23,2548.850,2559.620,2586.110,2548.000,32549721.000
2020-03-24,2608.240,2639.380,2641.870,2592.600,36868414.000
2020-03-25,2700.100,2700.190,2711.120,2681.090,38491194.000
2020-03-26,2676.620,2689.280,2716.340,2673.440,28226021.000
2020-03-27,2722.470,2701.440,2733.520,2701.440,35386945.000
2020-03-30,2667.120,2690.040,2696.330,2664.720,34049707.000
2020-03-31,2713.500,2689.380,2716.020,2684.210,30299038.000
2020-04-01,2684.500,2682.080,2722.320,2680.080,27519373.000
2020-04-02,2667.940,2719.890,2719.890,2665.810,28730893.000
2020-04-03,2707.820,2708.820,2720.840,2697.830,24444559.000
2020-04-07,2756.270,2757.410,2762.310,2743.160,35954651.000
2020-04-08,2742.360,2743.890,2753.490,2736.090,25401676.000
2020-04-09,2754.720,2752.590,2760.590,2749.420,23820497.000
2020-04-10,2755.200,2749.850,2787.280,2742.520,25444794.000
2020-04-13,2740.090,2739.170,2749.480,2731.030,19187662.000
2020-04-14,2756.500,2785.720,2785.800,2745.990,26722995.000
2020-04-15,2783.280,2764.490,2788.090,2761.440,23051495.000
2020-04-16,2751.690,2768.260,2771.430,2750.290,23016379.000
2020-04-17,2790.830,2809.080,2825.960,2782.710,34869719.000
2020-04-20,2812.800,2819.790,2821.010,2799.920,27627564.000
2020-04-21,2808.910,2784.530,2808.910,2767.270,24943676.000
2020-04-22,2774.440,2804.240,2804.240,2768.400,20694563.000
2020-04-23,2813.730,2797.660,2820.240,2794.460,24529563.000
2020-04-24,2789.050,2776.020,2789.050,2770.340,19914774.000
2020-04-27,2786.470,2805.220,2818.540,2783.170,23147140.000
2020-04-28,2814.230,2825.140,2832.060,2781.150,27084228.000
2020-04-29,2814.600,2844.810,2852.100,2814.070,25430134.000
2020-04-30,2851.140,2861.910,2882.700,2851.140,30389053.000
2020-05-06,2823.290,2863.850,2865.110,2823.270,35459781.000
2020-05-07,2860.960,2854.420,2863.160,2845.660,23902000.000
2020-05-08,2864.860,2873.010,2883.690,2858.110,27037179.000
2020-05-11,2876.770,2871.850,2897.990,2864.960,25308998.000
2020-05-12,2871.310,2869.600,2880.500,2855.020,21330150.000
2020-05-13,2860.820,2867.710,2869.700,2845.340,18325651.000
2020-05-14,2854.780,2834.530,2854.780,2833.950,19818343.000
2020-05-15,2845.910,2819.690,2849.170,2818.370,19470580.000
2020-05-18,2821.730,2837.170,2849.850,2813.260,22626866.000
2020-05-19,2869.230,2860.670,2872.700,2854.890,22705516.000
2020-05-20,2861.590,2856.140,2864.670,2847.260,19949229.000
2020-05-21,2866.740,2846.820,2867.910,2844.140,19071145.000
2020-05-22,2840.880,2775.810,2841.110,2775.310,25971302.000
2020-05-25,2784.430,2789.710,2789.820,2762.300,18674923.000
2020-05-26,2806.250,2808.840,2811.830,2796.850,18110409.000
2020-05-27,2810.470,2795.480,2814.560,2790.840,19759953.000
2020-05-28,2797.370,2809.660,2830.460,2785.320,22943372.000
2020-05-29,2791.620,2806.660,2813.820,2788.870,21471026.000
2020-06-01,2832.220,2870.360,2873.050,2832.220,28433443.000
2020-06-02,2864.530,2885.920,2890.810,2862.680,26703943.000
2020-06-03,2900.870,2889.110,2922.780,2889.080,27840975.000
2020-06-04,2900.960,2883.360,2902.900,2876.440,21894729.000
2020-06-05,2886.230,2896.350,2896.350,2871.870,21269701.000
2020-06-08,2907.680,2909.590,2925.200,2904.030,29300629.000
2020-06-09,2911.950,2928.300,2931.540,2905.840,24400880.000
2020-06-10,2925.170,2908.480,2925.170,2905.210,22717666.000
2020-06-11,2899.490,2876.510,2907.660,2867.200,28998543.000
2020-06-12,2840.800,2884.120,2884.990,2837.550,34095944.000
2020-06-15,2862.490,2838.610,2875.030,2838.610,29310497.000
2020-06-16,2867.710,2878.990,2879.530,2861.010,24218333.000
2020-06-17,2879.850,2881.130,2882.100,2864.160,22244613.000
2020-06-18,2872.170,2888.960,2892.120,2860.500,27634304.000
2020-06-19,2891.310,2925.940,2933.900,2888.920,37137361.000
2020-06-22,2921.300,2921.890,2947.610,2912.490,37262985.000
2020-06-23,2913.010,2925.420,2929.800,2902.120,27540128.000
2020-06-24,2928.520,2943.470,2947.190,2926.840,30179573.000
2020-06-29,2935.540,2925.480,2942.490,2909.450,32483377.000
2020-06-30,2933.930,2942.070,2951.120,2928.680,27015598.000
2020-07-01,2950.490,3009.860,3010.360,2941.380,42668069.000
2020-07-02,3005.360,3084.240,3088.960,3003.780,67223806.000
2020-07-03,3101.390,3159.160,3159.170,3101.260,78209416.000
2020-07-06,3198.740,3374.140,3384.870,3198.740,122167869.000
2020-07-07,3438.860,3381.760,3465.470,3381.760,108624139.000
2020-07-08,3378.110,3429.940,3466.630,3371.590,91457213.000
2020-07-09,3426.600,3442.020,3451.930,3403.730,84934440.000
2020-07-10,3404.000,3351.780,3411.090,3338.590,79046518.000
2020-07-13,3338.710,3390.120,3421.940,3327.700,80024186.000
2020-07-14,3374.070,3348.030,3391.900,3310.890,76786395.000
2020-07-15,3363.920,3313.760,3374.290,3303.150,70412031.000
2020-07-16,3313.560,3162.030,3326.690,3162.030,74683068.000
2020-07-17,3181.700,3185.890,3223.540,3151.220,49449099.000
2020-07-20,3219.920,3287.920,3293.630,3189.470,63047536.000
2020-07-21,3302.720,3286.810,3305.200,3272.470,44511981.000
2020-07-22,3278.740,3291.360,3354.720,3273.810,54403751.000
2020-07-23,3263.070,3284.110,3303.430,3224.510,55665583.000
2020-07-24,3265.520,3158.290,3270.560,3136.640,60638136.000
2020-07-27,3178.050,3163.230,3194.140,3136.030,37627456.000
2020-07-28,3188.960,3185.890,3205.570,3168.900,35710451.000
2020-07-29,3184.720,3243.380,3245.700,3171.040,43648691.000
2020-07-30,3252.200,3231.520,3263.190,3231.360,36108945.000
2020-07-31,3226.420,3249.340,3284.380,3199.910,42897905.000
2020-08-03,3271.180,3281.100,3284.790,3251.820,48299026.000
2020-08-04,3293.920,3312.130,3329.560,3279.140,62540477.000
2020-08-05,3298.140,3292.310,3300.900,3257.290,45579284.000
2020-08-06,3295.430,3292.200,3311.360,3243.650,48945753.000
2020-08-07,3277.440,3263.750,3288.790,3219.420,48981049.000
2020-08-10,3250.540,3285.760,3309.980,3232.090,53271403.000
2020-08-11,3291.340,3262.820,3333.750,3257.370,53822802.000
2020-08-12,3255.540,3249.740,3266.580,3199.550,51024947.000
2020-08-13,3261.130,3241.840,3265.510,3230.170,37092071.000
2020-08-14,3236.950,3288.510,3292.030,3230.210,36747477.000
2020-08-17,3300.900,3368.850,3397.500,3299.210,75899031.000
2020-08-18,3369.870,3367.330,3377.520,3350.780,47444157.000
2020-08-19,3361.720,3307.660,3366.680,3306.330,44419447.000
2020-08-20,3285.200,3264.530,3288.210,3252.180,37052900.000
2020-08-21,3287.430,3284.730,3299.940,3261.550,28050142.000
2020-08-24,3306.560,3298.720,3320.970,3291.660,29666151.000
2020-08-25,3312.030,3310.840,3335.030,3300.200,28449955.000
2020-08-26,3308.930,3277.890,3327.820,3269.090,32922437.000
2020-08-27,3286.780,3290.790,3291.680,3257.570,28135800.000
2020-08-28,3296.520,3368.440,3372.740,3286.140,39008700.000
2020-08-31,3386.620,3343.890,3408.580,3343.210,47905156.000
2020-09-01,3333.210,3355.100,3355.100,3328.120,30466450.000
2020-09-02,3371.570,3347.300,3373.350,3316.500,35512308.000
2020-09-03,3349.260,3334.410,3374.010,3322.900,31252364.000
2020-09-04,3293.490,3309.210,3314.550,3283.310,28637547.000
2020-09-07,3303.640,3253.430,3328.720,3243.430,32580054.000
2020-09-08,3267.310,3289.910,3296.140,3249.250,32380563.000
2020-09-09,3253.500,3235.700,3267.860,3217.150,30096577.000
2020-09-10,3264.320,3245.500,3273.900,3239.580,29973848.000
2020-09-11,3238.470,3265.500,3270.590,3230.320,23510280.000
2020-09-14,3283.930,3294.150,3298.930,3275.300,21125876.000
2020-09-15,3291.200,3317.640,3321.180,3275.060,21316420.000
2020-09-16,3314.210,3295.580,3322.320,3283.880,22229206.000
2020-09-17,3286.150,3264.690,3287.260,3253.520,23423082.000
2020-09-18,3267.630,3347.780,3347.780,3264.330,44577962.000
2020-09-21,3359.230,3311.590,3360.920,3311.110,29799599.000
2020-09-22,3285.770,3270.520,3319.950,3260.490,26820060.000
2020-09-23,3271.470,3275.740,3284.400,3256.180,20467807.000
2020-09-24,3259.120,3218.720,3264.830,3214.700,25647587.000
2020-09-25,3232.690,3229.780,3244.030,3219.310,20910220.000
2020-09-28,3237.300,3250.500,3268.260,3237.300,20974373.000
2020-09-29,3266.010,3241.320,3266.940,3241.320,19027743.000
2020-09-30,3252.590,3232.420,3269.310,3218.550,22694946.000
2020-10-09,3281.460,3286.860,3296.670,3274.190,24624394.000
2020-10-12,3302.980,3387.880,3388.600,3302.620,39773572.000
2020-10-13,3381.640,3386.890,3391.990,3363.980,27928262.000
2020-10-14,3380.560,3369.500,3380.560,3359.620,25822628.000
2020-10-15,3369.720,3371.400,3392.930,3363.810,27385168.000
2020-10-16,3374.170,3380.170,3400.420,3362.180,34932345.000
2020-10-19,3398.750,3354.310,3430.560,3349.160,41264704.000
2020-10-20,3352.030,3363.500,3365.180,3340.840,26392527.000
2020-10-21,3372.690,3377.420,3380.050,3351.720,31329504.000
2020-10-22,3370.080,3369.530,3378.650,3328.320,27398859.000
2020-10-23,3364.600,3346.610,3395.410,3346.610,33911572.000
2020-10-26,3320.030,3304.700,3328.680,3288.580,34650144.000
2020-10-27,3298.060,3294.090,3305.610,3281.620,25579509.000
2020-10-28,3295.440,3313.230,3324.800,3285.040,28279844.000
2020-10-29,3278.980,3324.440,3351.120,3277.570,30218954.000
2020-10-30,3321.940,3280.380,3332.870,3271.270,35737111.000
2020-11-02,3280.620,3265.900,3298.080,3249.960,34665398.000
2020-11-03,3284.040,3307.480,3324.410,3282.550,34085466.000
2020-11-04,3311.540,3332.190,3340.530,3301.320,28344930.000
2020-11-05,3366.400,3369.500,3386.980,3345.200,31277108.000
2020-11-06,3380.200,3359.120,3380.200,3339.470,35031944.000
2020-11-09,3382.800,3418.280,3428.130,3382.800,43918142.000
2020-11-10,3439.360,3416.140,3440.560,3402.380,41761633.000
2020-11-11,3415.880,3411.230,3432.270,3407.840,40415189.000
2020-11-12,3413.210,3397.350,3420.650,3387.330,27098482.000
2020-11-13,3376.910,3338.310,3377.160,3318.450,34513696.000
2020-11-16,3352.690,3377.110,3377.110,3344.400,32324893.000
2020-11-17,3376.870,3379.270,3388.960,3362.500,33074229.000
2020-11-18,3377.840,3387.040,3408.300,3373.000,43605864.000
2020-11-19,3377.230,3410.090,3415.860,3372.840,32606150.000
2020-11-20,3407.730,3411.930,3415.250,3398.790,29720748.000
2020-11-23,3427.780,3469.800,3485.890,3426.780,49251555.000
2020-11-24,3461.430,3442.720,3470.910,3437.730,34240109.000
2020-11-25,3461.480,3420.290,3475.250,3420.290,40663779.000
2020-11-26,3418.560,3445.740,3447.610,3414.060,33465271.000
2020-11-27,3453.310,3498.660,3498.660,3447.610,53901248.000
2020-11-30,3509.660,3469.420,3570.220,3469.420,84292983.000
2020-12-01,3480.560,3554.010,3559.070,3476.940,52488689.000
2020-12-02,3555.600,3545.340,3568.720,3527.120,39442806.000
2020-12-03,3545.280,3536.810,3550.100,3519.430,35867871.000
2020-12-04,3535.940,3541.520,3546.710,3504.430,33238617.000
2020-12-07,3547.930,3509.940,3548.780,3495.650,35450745.000
2020-12-08,3512.860,3499.060,3529.350,3490.890,28935941.000
2020-12-09,3511.760,3468.530,3517.920,3468.000,30654727.000
2020-12-10,3464.940,3459.030,3478.910,3442.150,29228443.000
2020-12-11,3473.870,3427.860,3477.470,3404.930,38906387.000
2020-12-14,3443.030,3467.770,3472.120,3435.310,24982218.000
2020-12-15,3466.490,3468.830,3476.880,3443.860,26154182.000
2020-12-16,3480.930,3485.400,3494.650,3469.550,22462530.000
2020-12-17,3497.390,3539.540,3543.730,3491.920,27091201.000
2020-12-18,3529.020,3507.970,3538.570,3493.300,26277800.000
2020-12-21,3505.910,3522.260,3531.420,3481.260,26717595.000
2020-12-22,3519.050,3470.900,3526.110,3467.530,34878459.000
2020-12-23,3483.190,3494.590,3516.020,3473.100,27238775.000
2020-12-24,3495.850,3489.270,3521.040,3474.020,20119571.000
2020-12-25,3476.550,3512.490,3514.510,3468.400,21054656.000
2020-12-28,3514.710,3523.840,3548.530,3503.970,26413299.000
2020-12-29,3533.130,3517.350,3539.670,3513.660,26014590.000
2020-12-30,3513.790,3574.130,3574.210,3512.310,26787234.000
2020-12-31,3581.450,3640.640,3646.750,3581.360,36574846.000
2021-01-04,3632.690,3643.360,3659.170,3608.340,43546644.000
2021-01-05,3627.650,3683.360,3683.360,3620.560,47233743.000
2021-01-06,3688.950,3736.650,3736.650,3670.540,45166106.000
2021-01-07,3750.880,3808.070,3808.070,3729.990,42918063.000
2021-01-08,3815.570,3788.320,3833.860,3752.090,41585644.000
2021-01-11,3794.830,3776.530,3849.680,3763.150,47451000.000
2021-01-12,3764.650,3906.120,3906.120,3764.650,48175867.000
2021-01-13,3914.000,3873.230,3931.950,3844.280,55273849.000
2021-01-14,3863.100,3811.220,3866.950,3800.790,50868859.000
2021-01-15,3825.540,3817.930,3866.010,3789.480,55635243.000
2021-01-18,3807.990,3849.400,3873.450,3796.430,42248384.000
2021-01-19,3855.750,3808.690,3862.110,3792.590,42747056.000
2021-01-20,3813.910,3814.650,3838.310,3790.540,34372343.000
2021-01-21,3833.780,3850.060,3874.670,3812.810,36730229.000
2021-01-22,3851.130,3846.390,3862.890,3823.330,38259480.000
2021-01-25,3843.490,3898.150,3903.190,3828.750,37336501.000
2021-01-26,3878.250,3813.290,3878.250,3809.660,29584420.000
2021-01-27,3818.420,3818.270,3831.620,3790.810,28706054.000
2021-01-28,3771.790,3735.030,3779.410,3720.120,30041206.000
2021-01-29,3758.890,3713.250,3767.010,3675.490,32742330.000
2021-02-01,3712.780,3746.370,3747.730,3699.200,29489016.000
2021-02-02,3751.740,3771.470,3774.060,3731.520,28858748.000
2021-02-03,3768.710,3775.720,3796.430,3747.380,31609193.000
2021-02-04,3764.430,3801.620,3820.340,3759.430,33163780.000
2021-02-05,3819.800,3840.770,3876.680,3808.170,41583746.000
2021-02-08,3856.940,3890.470,3896.540,3835.100,33339893.000
2021-02-09,3900.860,3952.830,3952.940,3871.790,32740059.000
2021-02-10,3967.680,4028.530,4039.230,3967.360,38958603.000
2021-02-18,4097.870,4014.320,4110.180,3996.630,51203085.000
2021-02-19,3994.830,4014.460,4023.880,3956.980,42899726.000
2021-02-22,4020.010,3881.870,4020.010,3879.480,58726427.000
2021-02-23,3854.160,3897.720,3942.090,3854.160,43455612.000
2021-02-24,3902.360,3805.470,3910.010,3766.600,39343931.000
2021-02-25,3844.620,3851.030,3878.210,3818.710,46688986.000
2021-02-26,3768.900,3756.860,3819.040,3753.440,41573102.000
2021-03-01,3793.370,3787.870,3795.050,3747.580,33657707.000
2021-03-02,3812.350,3718.770,3812.350,3689.010,35216197.000
2021-03-03,3710.260,3817.410,3818.070,3708.230,36579579.000
2021-03-04,3769.970,3708.660,3781.280,3686.090,36373718.000
2021-03-05,3655.910,3688.680,3721.280,3627.290,36137582.000
2021-03-08,3713.460,3573.430,3732.780,3571.420,41752978.000
2021-03-09,3570.260,3509.610,3595.190,3489.970,42344061.000
2021-03-10,3563.560,3532.050,3572.370,3528.320,28096287.000
2021-03-11,3554.680,3625.310,3633.770,3554.680,31056230.000
2021-03-12,3647.510,3632.580,3647.510,3600.390,35139699.000
2021-03-15,3620.040,3566.880,3627.310,3539.490,37488832.000
2021-03-16,3579.010,3599.160,3608.110,3556.620,28394041.000
2021-03-17,3588.230,3590.830,3616.940,3552.490,26229565.000
2021-03-18,3598.850,3605.600,3619.330,3586.500,23406869.000
2021-03-19,3565.090,3512.020,3573.060,3496.380,34681298.000
2021-03-22,3516.660,3538.430,3558.940,3511.720,26393423.000
2021-03-23,3541.330,3516.360,3542.820,3482.590,25310915.000
2021-03-24,3507.550,3466.040,3528.730,3457.440,25639804.000
2021-03-25,3454.460,3463.870,3479.130,3439.510,23261828.000
2021-03-26,3483.690,3529.730,3539.230,3480.330,24810847.000
2021-03-29,3543.250,3537.710,3563.400,3510.410,28205828.000
2021-03-30,3541.380,3577.240,3582.020,3531.630,25778955.000
2021-03-31,3573.860,3539.370,3573.860,3518.170,29985299.000
2021-04-01,3547.460,3582.650,3586.360,3545.090,21357739.000
2021-04-02,3592.880,3616.760,3616.800,3583.040,23396735.000
2021-04-06,3624.800,3594.710,3624.800,3581.760,17974469.000
2021-04-07,3593.170,3558.470,3593.170,3537.060,22800013.000
2021-04-08,3541.060,3573.040,3582.910,3533.320,19473454.000
2021-04-09,3564.660,3514.110,3565.220,3504.490,19685860.000
2021-04-12,3505.710,3477.070,3520.730,3465.650,24855006.000
2021-04-13,3483.010,3461.460,3505.390,3448.570,21074331.000
2021-04-14,3469.400,3469.170,3484.060,3442.230,19500313.000
2021-04-15,3456.550,3431.490,3456.550,3399.760,21262701.000
2021-04-16,3445.090,3448.100,3456.720,3411.100,18688056.000
2021-04-19,3449.050,3513.400,3515.880,3426.820,27193465.000
2021-04-20,3496.810,3510.120,3532.790,3491.890,21176621.000
2021-04-21,3493.790,3516.100,3524.540,3488.490,20750102.000
2021-04-22,3521.980,3487.430,3524.710,3477.060,22679141.000
2021-04-23,3487.120,3524.020,3533.230,3482.860,20552367.000
2021-04-26,3540.530,3467.660,3548.210,3462.160,25863227.000
2021-04-27,3469.980,3476.300,3482.600,3450.020,20804166.000
2021-04-28,3457.170,3473.040,3473.040,3440.200,22451259.000
2021-04-29,3483.100,3517.210,3519.830,3468.620,31480525.000
2021-04-30,3518.860,3491.190,3522.610,3471.380,34026554.000
2021-05-06,3475.050,3449.940,3510.400,3443.310,29933429.000
2021-05-07,3457.910,3406.310,3470.520,3402.080,30092528.000
2021-05-10,3410.010,3399.980,3416.030,3371.130,28048889.000
2021-05-11,3380.630,3437.710,3443.360,3371.470,24935741.000
2021-05-12,3423.420,3447.860,3456.070,3421.660,23689680.000
2021-05-13,3418.580,3413.890,3435.450,3395.810,21882668.000
2021-05-14,3426.430,3503.040,3504.650,3406.710,34527248.000
2021-05-17,3502.740,3539.910,3556.490,3502.210,30165091.000
2021-05-18,3543.110,3537.700,3550.080,3520.670,23782587.000
2021-05-19,3531.790,3511.470,3531.790,3501.380,23806633.000
2021-05-20,3514.430,3522.450,3530.490,3496.520,23827196.000
2021-05-21,3532.870,3481.860,3544.270,3475.260,20644644.000
2021-05-24,3482.990,3497.750,3499.450,3457.290,22986543.000
2021-05-25,3505.810,3641.290,3645.070,3505.630,44182865.000
2021-05-26,3656.340,3657.190,3678.070,3643.980,34559396.000
2021-05-27,3645.480,3664.940,3709.000,3628.960,29879120.000
2021-05-28,3663.880,3659.300,3689.250,3630.570,28682846.000
2021-05-31,3652.890,3650.220,3652.890,3615.420,26328401.000
2021-06-01,3641.970,3650.900,3652.950,3608.200,28161547.000
2021-06-02,3661.940,3622.400,3665.920,3604.780,27975392.000
2021-06-03,3620.790,3591.160,3637.000,3589.230,26020146.000
2021-06-04,3574.300,3612.700,3655.920,3573.700,28857581.000
2021-06-07,3610.890,3601.110,3613.280,3579.010,25698179.000
2021-06-08,3597.940,3580.280,3634.820,3558.460,26079669.000
2021-06-09,3575.490,3587.530,3599.620,3572.360,27296859.000
2021-06-10,3588.140,3607.680,3634.920,3582.160,28657592.000
2021-06-11,3610.140,3576.780,3611.250,3564.650,40729745.000
2021-06-15,3570.400,3528.670,3579.090,3513.130,37547489.000
2021-06-16,3525.750,3486.290,3532.850,3480.410,31629333.000
2021-06-17,3477.470,3481.600,3503.550,3467.580,29446419.000
2021-06-18,3475.550,3454.590,3488.260,3426.030,36119342.000
2021-06-21,3440.740,3431.250,3455.560,3410.400,30456915.000
2021-06-22,3444.750,3464.710,3469.810,3437.950,32625885.000
2021-06-23,3469.280,3471.340,3496.440,3460.690,29564533.000
2021-06-24,3476.680,3483.910,3487.270,3452.610,28769183.000
2021-06-25,3483.160,3535.020,3545.430,3479.740,36027211.000
2021-06-28,3541.100,3520.740,3543.700,3502.780,29701717.000
2021-06-29,3514.320,3482.730,3517.360,3475.440,28814608.000
2021-06-30,3477.380,3498.650,3504.960,3477.380,24932786.000
2021-07-01,3510.560,3535.250,3535.330,3479.520,29553157.000
2021-07-02,3495.600,3408.240,3495.600,3403.800,34710862.000
2021-07-05,3402.110,3404.790,3415.560,3376.840,30926793.000
2021-07-06,3405.470,3405.280,3406.760,3368.140,29211833.000
2021-07-07,3384.570,3424.390,3433.730,3382.240,26919459.000
2021-07-08,3432.890,3373.260,3434.150,3365.530,33862453.000
2021-07-09,3359.200,3361.590,3373.140,3329.740,31636606.000
2021-07-12,3385.120,3384.510,3413.350,3357.130,38416319.000
2021-07-13,3384.750,3391.740,3409.790,3377.200,31407675.000
2021-07-14,3385.390,3339.380,3385.390,3328.880,34733676.000
2021-07-15,3335.050,3411.290,3414.420,3332.780,31955193.000
2021-07-16,3405.400,3369.900,3413.270,3365.950,27229855.000
2021-07-19,3362.580,3385.370,3390.270,3322.320,29817037.000
2021-07-20,3364.310,3378.630,3382.090,3357.750,25865362.000
2021-07-21,3385.140,3388.520,3410.820,3375.630,33490582.000
2021-07-22,3386.910,3392.720,3410.630,3378.120,36955443.000
2021-07-23,3389.400,3357.450,3389.430,3353.040,36847907.000
2021-07-26,3339.860,3228.370,3339.860,3195.620,44339594.000
2021-07-27,3228.440,3126.380,3238.390,3117.610,49848732.000
2021-07-28,3107.120,3154.640,3171.080,3098.020,40519637.000
2021-07-29,3206.440,3182.800,3207.900,3159.770,35649915.000
2021-07-30,3160.470,3132.820,3160.470,3114.510,32388851.000
2021-08-02,3112.300,3211.140,3217.810,3082.830,45574984.000
2021-08-03,3197.890,3223.830,3235.400,3181.760,38895185.000
2021-08-04,3219.400,3233.100,3242.390,3211.400,33649542.000
2021-08-05,3214.470,3227.360,3266.300,3198.370,31843626.000
2021-08-06,3211.640,3195.700,3213.100,3181.380,29907723.000
2021-08-09,3171.100,3235.210,3253.080,3169.190,38742858.000
2021-08-10,3231.150,3288.650,3290.250,3193.960,32464842.000
2021-08-11,3280.810,3262.580,3298.410,3259.530,40066318.000
2021-08-12,3247.800,3226.110,3262.900,3222.690,32263283.000
2021-08-13,3212.330,3217.840,3242.310,3199.860,28209573.000
2021-08-16,3212.660,3222.620,3246.930,3205.530,32549562.000
2021-08-17,3219.830,3149.880,3240.330,3141.660,39784669.000
2021-08-18,3148.380,3190.550,3204.870,3133.880,45500289.000
2021-08-19,3179.930,3144.370,3185.730,3130.470,45199623.000
2021-08-20,3105.160,3072.750,3118.700,3044.880,38536618.000
2021-08-23,3079.290,3099.890,3109.990,3069.530,31664015.000
2021-08-24,3106.230,3147.770,3160.560,3104.970,38208245.000
2021-08-25,3160.740,3159.800,3173.370,3138.220,33666800.000
2021-08-26,3156.910,3088.830,3156.910,3087.300,31599888.000
2021-08-27,3086.050,3123.050,3145.980,3084.310,32613426.000
2021-08-30,3141.120,3112.700,3141.760,3092.830,45208788.000
2021-08-31,3099.470,3097.060,3122.910,3056.700,51607669.000
2021-09-01,3087.260,3165.040,3185.820,3064.500,73041358.000
2021-09-02,3166.270,3167.100,3189.250,3149.250,51786472.000
2021-09-03,3172.500,3175.880,3203.320,3137.880,52769186.000
2021-09-06,3175.880,3211.200,3228.950,3166.620,45755312.000
2021-09-07,3210.270,3248.050,3259.920,3192.020,46185446.000
2021-09-08,3241.000,3213.260,3254.100,3203.280,42063100.000
2021-09-09,3195.990,3204.280,3208.630,3183.210,52355073.000
2021-09-10,3203.060,3252.320,3268.730,3201.740,61465350.000
2021-09-13,3246.860,3242.040,3271.100,3222.220,51461737.000
2021-09-14,3243.680,3188.260,3257.620,3182.200,56925569.000
2021-09-15,3180.550,3146.630,3180.550,3130.970,42821339.000
2021-09-16,3145.440,3128.590,3157.900,3113.040,45526374.000
2021-09-17,3117.930,3161.920,3162.050,3110.030,40028694.000
2021-09-22,3100.390,3122.340,3129.780,3096.030,40581640.000
2021-09-23,3135.750,3127.820,3159.970,3116.560,37797740.000
2021-09-24,3120.430,3145.110,3173.050,3120.430,35382733.000
2021-09-27,3162.430,3199.970,3218.880,3162.430,42293473.000
2021-09-28,3197.040,3211.150,3224.570,3173.850,38105903.000
2021-09-29,3186.120,3199.230,3222.280,3160.390,40812165.000
2021-09-30,3202.020,3196.990,3213.560,3189.180,29698160.000
2021-10-08,3229.070,3256.260,3263.930,3215.560,38923108.000
2021-10-11,3264.720,3276.410,3318.150,3263.160,38422532.000
2021-10-12,3266.020,3259.380,3280.060,3232.320,34983371.000
2021-10-13,3257.400,3292.760,3307.230,3243.610,28778537.000
2021-10-14,3289.980,3270.690,3301.910,3264.250,24111632.000
2021-10-15,3258.570,3294.830,3301.150,3251.100,32619203.000
2021-10-18,3289.320,3229.630,3289.320,3213.240,32433512.000
2021-10-19,3227.010,3256.670,3265.510,3226.070,29127225.000
2021-10-20,3264.470,3255.000,3282.570,3242.100,27584823.000
2021-10-21,3256.610,3278.540,3294.050,3253.570,31306807.000
2021-10-22,3287.930,3318.130,3336.730,3282.880,31297662.000
2021-10-25,3295.250,3312.300,3316.570,3284.890,28346014.000
2021-10-26,3312.300,3290.040,3327.660,3285.230,25983454.000
2021-10-27,3282.260,3247.100,3282.260,3236.150,28044936.000
2021-10-28,3240.540,3239.610,3252.730,3223.720,29924020.000
2021-10-29,3241.910,3267.250,3267.250,3239.080,34774751.000
2021-11-01,3239.890,3250.920,3262.490,3223.870,33431443.000
2021-11-02,3245.040,3212.030,3267.760,3187.350,39744123.000
2021-11-03,3207.740,3181.450,3220.340,3173.330,27260387.000
2021-11-04,3194.470,3207.260,3216.230,3187.950,26635008.000
2021-11-05,3197.610,3201.550,3229.970,3189.680,26449688.000
2021-11-08,3198.690,3196.270,3214.330,3185.940,25773103.000
2021-11-09,3206.290,3186.960,3214.890,3172.090,23635068.000
2021-11-10,3177.610,3170.400,3182.260,3125.290,30851773.000
2021-11-11,3169.010,3233.370,3233.590,3164.940,38061822.000
2021-11-12,3239.350,3220.550,3241.130,3213.750,25764312.000
2021-11-15,3228.020,3221.690,3241.920,3209.480,22204240.000
2021-11-16,3222.510,3222.170,3243.450,3212.210,24241403.000
2021-11-17,3217.100,3208.780,3226.110,3202.560,19800824.000
2021-11-18,3199.210,3173.380,3199.210,3164.700,20042182.000
2021-11-19,3170.790,3212.910,3217.820,3168.300,25709578.000
2021-11-22,3217.330,3212.150,3228.290,3209.420,26257286.000
2021-11-23,3206.940,3224.150,3237.650,3206.430,26481812.000
2021-11-24,3226.020,3231.840,3247.780,3214.090,23210253.000
2021-11-25,3233.260,3218.050,3236.260,3212.730,21010526.000
2021-11-26,3213.630,3187.360,3214.050,3181.140,23036568.000
2021-11-29,3170.690,3187.050,3188.110,3163.960,27180793.000
2021-11-30,3186.250,3165.350,3196.040,3153.630,23419282.000
2021-12-01,3166.610,3180.420,3182.380,3165.700,25004135.000
2021-12-02,3179.990,3190.870,3198.030,3169.020,27417737.000
2021-12-03,3191.170,3221.420,3221.420,3191.170,27269079.000
2021-12-06,3234.430,3228.140,3257.190,3223.210,35412743.000
2021-12-07,3255.560,3254.500,3262.080,3237.160,37783743.000
2021-12-08,3263.260,3304.710,3306.970,3247.330,32746658.000
2021-12-09,3312.330,3360.180,3393.160,3309.950,42556313.000
2021-12-10,3339.240,3353.630,3353.630,3332.990,39390678.000
2021-12-13,3391.620,3366.070,3428.740,3363.690,39748705.000
2021-12-14,3353.030,3350.500,3364.520,3342.120,31469833.000
2021-12-15,3340.750,3318.980,3359.670,3318.410,24821807.000
2021-12-16,3312.700,3330.860,3330.860,3304.530,25337358.000
2021-12-17,3321.670,3278.900,3330.230,3278.120,26333767.000
2021-12-20,3264.100,3255.350,3294.130,3247.300,27848485.000
2021-12-21,3253.290,3273.030,3277.370,3251.960,24536741.000
2021-12-22,3280.690,3260.570,3287.760,3257.010,22342857.000
2021-12-23,3265.710,3287.190,3287.190,3246.240,21417726.000
2021-12-24,3293.300,3290.240,3306.910,3278.200,21806184.000
2021-12-27,3286.110,3278.440,3291.980,3264.020,19675636.000
2021-12-28,3282.600,3303.400,3307.790,3280.270,26002262.000
2021-12-29,3308.210,3240.850,3308.230,3240.850,20098541.000
2021-12-30,3240.260,3261.790,3277.000,3236.160,22285032.000
2021-12-31,3269.610,3274.320,3282.680,3261.840,20549961.000
2022-01-04,3277.670,3264.070,3281.740,3224.340,29982637.000
2022-01-05,3259.210,3254.280,3289.160,3244.210,37064050.000
2022-01-06,3242.530,3210.390,3251.120,3194.950,31730403.000
2022-01-07,3213.260,3223.270,3240.740,3213.260,40694724.000
2022-01-10,3217.350,3236.120,3237.220,3197.900,33382804.000
2022-01-11,3229.460,3214.530,3247.900,3210.400,30666420.000
2022-01-12,3220.190,3236.310,3244.230,3211.280,32441693.000
2022-01-13,3243.050,3184.110,3247.820,3182.850,34782304.000
2022-01-14,3173.850,3139.050,3173.850,3136.990,34517032.000
2022-01-17,3139.410,3147.700,3159.190,3134.080,27036085.000
2022-01-18,3147.850,3187.520,3198.470,3137.110,35057294.000
2022-01-19,3194.920,3187.190,3201.940,3172.260,30991267.000
2022-01-20,3188.140,3233.700,3251.220,3187.610,40261127.000
2022-01-21,3227.200,3218.740,3234.470,3202.730,32332709.000
2022-01-24,3204.180,3209.740,3218.980,3185.520,28274229.000
2022-01-25,3192.120,3144.950,3198.110,3144.730,30310006.000
2022-01-26,3156.650,3163.670,3169.530,3126.550,24181727.000
2022-01-27,3168.140,3119.240,3168.760,3115.860,31101442.000
2022-01-28,3127.180,3054.020,3140.290,3048.330,33555305.000
2022-02-07,3102.620,3114.260,3129.190,3096.690,36475097.000
2022-02-08,3107.890,3116.500,3118.580,3061.220,40365312.000
2022-02-09,3118.970,3139.560,3148.230,3110.880,39144403.000
2022-02-10,3145.330,3145.110,3146.960,3125.110,36505632.000
2022-02-11,3133.800,3142.910,3172.090,3130.690,43597711.000
2022-02-14,3131.390,3104.000,3131.840,3093.640,38925745.000
2022-02-15,3101.360,3119.930,3126.420,3097.080,29313438.000
2022-02-16,3134.880,3136.080,3150.860,3129.040,24834963.000
2022-02-17,3138.770,3139.180,3156.870,3132.090,25461095.000
2022-02-18,3126.280,3162.820,3162.820,3121.950,23878993.000
2022-02-21,3155.320,3144.860,3155.880,3128.590,26359310.000
2022-02-22,3122.040,3102.320,3122.290,3082.390,31556389.000
2022-02-23,3108.900,3118.040,3120.340,3094.210,29689006.000
2022-02-24,3098.140,3059.640,3104.700,3038.350,47071850.000
2022-02-25,3076.800,3075.590,3104.870,3068.180,35633018.000
2022-02-28,3069.100,3080.780,3081.360,3049.560,30665369.000
2022-03-01,3093.930,3125.690,3129.260,3093.930,27637981.000
2022-03-02,3108.620,3107.240,3113.350,3097.890,27745652.000
2022-03-03,3117.650,3097.090,3124.890,3090.200,37055877.000
2022-03-04,3068.400,3062.380,3079.470,3052.690,30916750.000
2022-03-07,3042.020,2974.680,3042.020,2965.220,42658437.000
2022-03-08,2983.050,2933.160,3005.560,2920.970,41055611.000
2022-03-09,2949.330,2907.180,2965.570,2809.990,47271918.000
2022-03-10,2969.490,2933.460,2973.610,2931.090,34223800.000
2022-03-11,2897.340,2935.680,2944.250,2852.790,36457746.000
2022-03-14,2889.830,2851.880,2920.710,2851.860,32374054.000
2022-03-15,2808.730,2702.850,2825.550,2702.850,52158420.000
2022-03-16,2746.150,2827.750,2836.850,2688.700,48116574.000
2022-03-17,2888.240,2877.220,2918.540,2861.240,43227263.000
2022-03-18,2869.700,2913.190,2925.720,2853.770,41302996.000
2022-03-21,2919.260,2892.110,2919.260,2868.400,30484657.000
2022-03-22,2893.570,2900.770,2921.730,2885.020,30745210.000
2022-03-23,2908.970,2916.510,2928.440,2890.490,30046700.000
2022-03-24,2898.140,2903.620,2918.300,2885.370,27733927.000
2022-03-25,2898.490,2856.430,2910.920,2855.330,26769999.000
2022-03-28,2817.260,2853.180,2866.070,2798.700,32136239.000
2022-03-29,2854.800,2842.150,2873.610,2837.700,23659055.000
2022-03-30,2864.240,2915.490,2915.490,2861.550,34005232.000
2022-03-31,2901.070,2898.830,2915.510,2892.110,33168180.000
2022-04-01,2886.360,2943.240,2954.510,2877.070,33968847.000
2022-04-06,2918.500,2931.200,2941.050,2910.020,43394908.000
2022-04-07,2916.800,2902.480,2943.240,2896.730,32822742.000
2022-04-08,2903.240,2925.490,2929.890,2889.200,36235320.000
2022-04-11,2908.540,2846.380,2908.540,2839.560,35918823.000
2022-04-12,2854.290,2894.260,2895.530,2827.630,33993926.000
2022-04-13,2881.740,2882.280,2914.200,2871.050,31148190.000
2022-04-14,2905.770,2928.600,2947.450,2897.050,28667727.000
2022-04-15,2911.140,2930.580,2943.600,2908.560,29589595.000
2022-04-18,2902.440,2887.720,2902.440,2875.960,29100859.000
2022-04-19,2881.900,2861.570,2899.260,2843.650,28428423.000
2022-04-20,2859.600,2835.350,2868.570,2828.210,29268541.000
2022-04-21,2821.360,2797.530,2848.820,2784.560,32855480.000
2022-04-22,2773.370,2814.130,2826.680,2769.670,30841685.000
2022-04-25,2750.560,2683.410,2772.550,2682.520,44285813.000
2022-04-26,2685.270,2681.030,2729.190,2667.910,40300799.000
2022-04-27,2674.460,2734.540,2737.030,2674.180,42085861.000
2022-04-28,2725.630,2769.710,2775.060,2722.240,37834530.000
2022-04-29,2772.950,2805.340,2820.550,2742.970,41414875.000
2022-05-05,2806.040,2800.930,2824.540,2799.720,35231760.000
2022-05-06,2754.970,2719.760,2760.440,2716.170,27479846.000
2022-05-09,2706.420,2695.130,2716.660,2679.310,21893335.000
2022-05-10,2653.990,2718.370,2733.110,2644.870,34330161.000
2022-05-11,2714.680,2741.230,2769.480,2713.860,38132220.000
2022-05-12,2723.410,2721.770,2740.520,2711.350,25835635.000
2022-05-13,2741.770,2748.240,2760.430,2729.580,27262977.000
2022-05-16,2764.390,2720.410,2765.900,2710.570,27278739.000
2022-05-17,2730.420,2756.740,2756.740,2723.700,28362394.000
2022-05-18,2765.280,2745.530,2765.280,2720.920,25319083.000
2022-05-19,2711.450,2744.550,2748.300,2708.810,25978539.000
2022-05-20,2759.830,2807.940,2807.980,2759.830,34667621.000
2022-05-23,2813.930,2782.550,2813.930,2769.700,28488753.000
2022-05-24,2784.650,2734.190,2786.540,2733.700,32609850.000
2022-05-25,2737.640,2743.420,2749.070,2727.490,23772738.000
2022-05-26,2749.990,2744.900,2760.800,2717.740,28441444.000
2022-05-27,2766.320,2763.070,2789.240,2753.780,29185247.000
2022-05-30,2777.850,2778.450,2788.980,2767.090,27674307.000
2022-05-31,2780.560,2813.220,2817.490,2769.560,32518688.000
2022-06-01,2811.150,2798.070,2812.780,2783.610,26244837.000
2022-06-02,2786.080,2790.320,2794.100,2776.730,25268373.000
2022-06-06,2792.440,2825.650,2826.600,2762.960,43391368.000
2022-06-07,2828.160,2846.810,2863.140,2819.820,36678863.000
2022-06-08,2857.690,2879.310,2888.670,2849.260,35299288.000
2022-06-09,2877.880,2868.420,2896.740,2857.820,39319631.000
2022-06-10,2843.580,2899.580,2902.480,2836.860,43608837.000
2022-06-13,2862.900,2844.720,2868.620,2826.980,47424830.000
2022-06-14,2814.820,2882.700,2884.470,2808.980,49868702.000
2022-06-15,2882.150,2923.990,2971.360,2882.150,67945052.000
2022-06-16,2927.160,2891.340,2936.470,2888.740,47081868.000
2022-06-17,2876.510,2936.200,2943.320,2876.510,40393929.000
2022-06-20,2935.220,2924.920,2951.070,2904.380,45610418.000
2022-06-21,2924.150,2926.480,2945.700,2902.380,55889183.000
2022-06-22,2932.060,2892.290,2932.060,2890.760,56598161.000
2022-06-23,2896.720,2935.880,2936.640,2896.720,62859404.000
2022-06-24,2945.290,2974.750,2983.610,2944.190,63000143.000
2022-06-27,2991.100,3013.950,3034.690,2991.100,61419225.000
2022-06-28,3012.620,3039.410,3044.540,2991.540,54792326.000
2022-06-29,3029.380,3009.240,3050.450,3001.280,50725385.000
2022-06-30,3001.810,3058.400,3085.220,3001.810,43874919.000
2022-07-01,3066.590,3045.270,3072.850,3033.600,45684763.000
2022-07-04,3031.060,3050.150,3051.060,3011.330,40903798.000
2022-07-05,3058.430,3052.110,3078.400,3018.190,45992567.000
2022-07-06,3041.490,2996.730,3041.490,2979.330,44206693.000
2022-07-07,2994.360,2989.210,3005.000,2968.350,36006411.000
2022-07-08,3012.880,2993.310,3022.350,2992.630,34455297.000
2022-07-11,2974.360,2942.300,2974.360,2930.100,44212391.000
2022-07-12,2942.520,2922.000,2953.700,2910.450,38270400.000
2022-07-13,2918.350,2914.290,2930.390,2902.660,41584475.000
2022-07-14,2906.480,2895.300,2916.180,2882.570,47853249.000
2022-07-15,2873.810,2839.390,2912.320,2839.390,46688478.000
2022-07-18,2849.990,2878.640,2880.750,2826.130,37044128.000
2022-07-19,2876.320,2865.600,2876.400,2839.060,31837183.000
2022-07-20,2883.520,2874.080,2887.940,2867.590,25435960.000
2022-07-21,2862.870,2836.660,2866.310,2836.240,31975666.000
2022-07-22,2845.920,2848.440,2869.360,2828.650,27685924.000
2022-07-25,2846.830,2837.260,2846.980,2829.240,21598772.000
2022-07-26,2845.140,2854.640,2864.460,2843.000,25431635.000
2022-07-27,2847.010,2829.920,2847.860,2825.620,22851265.000
2022-07-28,2839.250,2827.110,2861.520,2826.530,28466460.000
2022-07-29,2827.470,2792.330,2849.250,2784.570,33568668.000
2022-08-01,2785.690,2781.680,2794.180,2763.580,28003765.000
2022-08-02,2757.190,2730.760,2757.190,2705.730,38548568.000
2022-08-03,2735.160,2710.720,2755.680,2705.950,30843803.000
2022-08-04,2724.800,2741.090,2743.620,2717.790,26974489.000
2022-08-05,2748.650,2774.340,2777.110,2738.140,28242294.000
2022-08-08,2762.320,2761.160,2771.360,2751.360,23846182.000
2022-08-09,2760.240,2764.070,2769.730,2752.490,21903695.000
2022-08-10,2762.360,2730.960,2770.500,2719.610,22936910.000
2022-08-11,2744.680,2787.060,2787.370,2737.880,29472385.000
2022-08-12,2780.050,2796.890,2802.580,2774.960,26662477.000
2022-08-15,2787.510,2782.670,2811.240,2779.630,26458290.000
2022-08-16,2785.940,2769.260,2793.270,2764.660,23477494.000
2022-08-17,2773.390,2785.850,2791.710,2751.020,28030548.000
2022-08-18,2778.130,2759.290,2783.760,2751.480,22583132.000
2022-08-19,2755.090,2750.630,2772.220,2750.060,28186658.000
2022-08-22,2737.400,2756.370,2767.280,2736.130,29128136.000
2022-08-23,2754.630,2735.670,2759.690,2727.740,24908538.000
2022-08-24,2738.380,2708.090,2750.870,2706.150,30925306.000
2022-08-25,2715.640,2752.560,2756.940,2707.460,31964009.000
2022-08-26,2758.510,2751.590,2763.640,2745.520,26031347.000
2022-08-29,2721.860,2732.210,2736.600,2718.970,24890507.000
2022-08-30,2731.980,2726.660,2741.600,2705.050,25930522.000
2022-08-31,2713.290,2761.780,2779.620,2713.290,39886395.000
2022-09-01,2750.030,2732.400,2757.880,2731.700,25422479.000
2022-09-02,2737.200,2711.260,2740.660,2698.330,22781335.000
2022-09-05,2700.110,2697.770,2706.960,2676.600,24938690.000
2022-09-06,2706.100,2724.500,2726.720,2704.000,29124448.000
2022-09-07,2709.770,2710.690,2718.170,2703.080,23454754.000
2022-09-08,2714.030,2708.280,2725.250,2707.470,24209022.000
2022-09-09,2719.010,2757.570,2763.170,2710.770,32485640.000
2022-09-13,2769.410,2769.230,2781.400,2751.090,29928992.000
2022-09-14,2734.910,2745.430,2760.400,2732.780,24848499.000
2022-09-15,2753.130,2743.790,2769.460,2728.840,33698861.000
2022-09-16,2731.960,2678.030,2738.650,2678.030,38441774.000
2022-09-19,2677.330,2679.590,2695.400,2669.090,27260379.000
2022-09-20,2688.170,2673.880,2691.550,2666.660,23751394.000
2022-09-21,2667.170,2652.210,2670.060,2641.720,23960147.000
2022-09-22,2632.000,2629.370,2645.570,2621.820,24229236.000
2022-09-23,2625.250,2629.810,2649.810,2618.940,30277934.000
2022-09-26,2612.670,2614.900,2650.250,2611.530,34384533.000
2022-09-27,2616.050,2642.920,2645.740,2605.240,26144970.000
2022-09-28,2635.260,2611.980,2637.020,2608.640,24732086.000
2022-09-29,2633.070,2608.980,2644.070,2596.960,25969017.000
2022-09-30,2618.080,2610.120,2631.780,2604.930,23244464.000
2022-10-10,2610.760,2545.050,2611.050,2542.010,33718358.000
2022-10-11,2552.170,2539.950,2553.210,2532.280,24216496.000
2022-10-12,2537.810,2555.020,2556.520,2482.550,28635606.000
2022-10-13,2534.510,2523.630,2541.160,2517.440,28627223.000
2022-10-14,2544.240,2584.680,2599.140,2541.380,33449619.000
2022-10-17,2572.610,2585.500,2588.340,2561.240,26826742.000
2022-10-18,2594.700,2569.970,2598.210,2565.040,20975050.000
2022-10-19,2562.540,2519.900,2572.300,2519.900,21590683.000
2022-10-20,2495.020,2501.500,2535.390,2494.290,23833182.000
2022-10-21,2503.110,2487.220,2510.600,2473.200,27251549.000
2022-10-24,2468.700,2392.600,2493.060,2386.540,39801915.000
2022-10-25,2386.850,2394.920,2427.320,2376.160,28439409.000
2022-10-26,2395.870,2400.520,2438.690,2392.740,36580109.000
2022-10-27,2413.020,2381.260,2432.150,2379.060,35517252.000
2022-10-28,2364.750,2326.940,2377.910,2322.640,32458223.000
2022-10-31,2300.880,2295.920,2327.060,2288.010,41520625.000
2022-11-01,2306.430,2396.630,2397.000,2306.430,50098867.000
2022-11-02,2385.710,2418.320,2437.950,2375.510,42290890.000
2022-11-03,2396.470,2387.450,2409.140,2376.070,28652756.000
2022-11-04,2383.960,2468.280,2479.230,2383.960,40622068.000
2022-11-07,2452.010,2477.770,2490.320,2449.630,40441961.000
2022-11-08,2476.650,2459.090,2482.580,2442.920,27299352.000
2022-11-09,2460.240,2440.350,2470.410,2435.020,25125325.000
2022-11-10,2422.010,2440.320,2451.470,2414.350,38204021.000
2022-11-11,2511.780,2518.050,2546.090,2482.110,61500881.000
2022-11-14,2550.970,2538.300,2577.200,2532.550,50342000.000
2022-11-15,2535.280,2583.720,2594.270,2526.620,36580901.000
2022-11-16,2581.930,2572.890,2595.300,2568.380,28836155.000
2022-11-17,2566.280,2560.020,2569.430,2531.300,27483703.000
2022-11-18,2563.270,2546.720,2572.710,2544.840,28456962.000
2022-11-21,2523.050,2514.850,2523.050,2489.440,25530779.000
2022-11-22,2516.700,2531.340,2555.790,2508.860,37295381.000
2022-11-23,2524.180,2535.520,2554.760,2520.830,35963861.000
2022-11-24,2550.300,2520.560,2562.080,2517.180,22319192.000
2022-11-25,2518.880,2544.610,2554.540,2512.880,41295288.000
2022-11-28,2489.470,2503.620,2507.780,2458.870,32774737.000
2022-11-29,2538.610,2607.750,2611.750,2538.610,49083250.000
2022-11-30,2595.230,2606.540,2623.850,2593.510,40555440.000
2022-12-01,2661.180,2631.210,2678.340,2629.890,44157533.000
2022-12-02,2628.110,2614.610,2630.260,2609.510,29314794.000
2022-12-05,2647.460,2676.140,2676.420,2635.750,54629803.000
2022-12-06,2663.110,2684.850,2704.900,2658.160,36256033.000
2022-12-07,2678.640,2670.650,2705.240,2661.250,34532578.000
2022-12-08,2667.360,2672.900,2681.650,2661.750,26334919.000
2022-12-09,2676.710,2706.740,2712.880,2663.600,38346283.000
2022-12-12,2689.570,2673.940,2700.400,2670.200,31632079.000
2022-12-13,2673.540,2676.900,2688.220,2668.480,28521298.000
2022-12-14,2678.470,2686.370,2698.010,2663.780,25966933.000
2022-12-15,2689.570,2675.190,2697.420,2661.850,23159163.000
2022-12-16,2662.480,2688.290,2691.190,2662.480,24961068.000
2022-12-19,2688.120,2646.180,2696.930,2635.190,26354633.000
2022-12-20,2636.080,2599.490,2640.010,2580.870,21723971.000
2022-12-21,2608.870,2607.420,2617.920,2602.610,15738830.000
2022-12-22,2632.200,2619.760,2645.730,2608.440,21069503.000
2022-12-23,2602.410,2615.880,2628.390,2595.850,15929014.000
2022-12-26,2617.180,2607.520,2625.880,2604.900,19812417.000
2022-12-27,2623.170,2632.450,2640.740,2616.930,21814661.000
2022-12-28,2629.980,2638.310,2646.710,2620.120,23171189.000
2022-12-29,2622.190,2622.070,2627.430,2605.050,22776667.000
2022-12-30,2633.160,2635.250,2648.410,2631.850,23889757.000
2023-01-03,2628.670,2641.420,2645.990,2603.720,30230100.000
2023-01-04,2644.290,2651.010,2659.540,2637.720,28065521.000
2023-01-05,2670.460,2700.310,2705.740,2668.150,27714894.000
2023-01-06,2704.240,2713.630,2721.930,2698.910,28367259.000
2023-01-09,2731.000,2742.200,2747.610,2722.150,29682897.000
2023-01-10,2742.700,2733.620,2748.640,2731.820,24212915.000
2023-01-11,2739.940,2740.190,2760.100,2733.430,24748045.000
2023-01-12,2749.690,2741.950,2752.120,2732.830,22257903.000
2023-01-13,2751.580,2787.360,2787.360,2747.360,24652015.000
2023-01-16,2789.870,2834.290,2864.880,2787.950,39276584.000
2023-01-17,2833.740,2827.030,2837.590,2813.720,24969526.000
2023-01-18,2829.790,2810.090,2838.830,2807.550,20562468.000
2023-01-19,2807.560,2820.810,2823.110,2786.080,23936652.000
2023-01-20,2831.680,2836.810,2847.310,2822.690,34410546.000
2023-01-30,2895.350,2839.120,2895.350,2835.650,42026518.000
2023-01-31,2842.520,2807.950,2853.900,2804.980,30032900.000
2023-02-01,2819.180,2820.870,2820.870,2780.890,37555987.000
2023-02-02,2828.530,2811.850,2828.530,2798.350,34064475.000
2023-02-03,2795.110,2774.800,2795.110,2753.060,31007460.000
2023-02-06,2744.700,2735.000,2744.700,2716.730,26304300.000
2023-02-07,2744.700,2740.440,2752.790,2730.830,20708210.000
2023-02-08,2744.490,2731.250,2758.040,2727.770,20115261.000
2023-02-09,2725.200,2761.870,2765.620,2723.560,19825081.000
2023-02-10,2757.530,2746.720,2757.530,2738.610,18510167.000
2023-02-13,2739.720,2767.790,2772.050,2733.210,30104364.000
2023-02-14,2770.240,2776.980,2776.980,2760.590,22294840.000
2023-02-15,2776.010,2752.340,2780.590,2746.280,23919067.000
2023-02-16,2754.950,2742.800,2787.160,2725.840,32593974.000
2023-02-17,2737.010,2714.290,2759.520,2712.500,27014083.000
2023-02-20,2720.050,2788.400,2790.980,2717.500,38545666.000
2023-02-21,2785.990,2802.140,2805.710,2779.180,35587226.000
2023-02-22,2786.720,2769.340,2795.240,2766.360,21310123.000
2023-02-23,2770.720,2767.540,2790.890,2757.490,23120961.000
2023-02-24,2762.790,2727.590,2764.650,2722.180,25062085.000
2023-02-27,2713.430,2723.580,2738.120,2712.790,22288276.000
2023-02-28,2730.520,2737.150,2740.220,2703.260,24170896.000
2023-03-01,2736.050,2773.650,2783.320,2729.800,35893952.000
2023-03-02,2766.080,2769.110,2782.790,2762.110,33747752.000
2023-03-03,2778.890,2774.510,2784.130,2757.690,40428992.000
2023-03-06,2773.270,2744.140,2774.000,2734.960,38301675.000
2023-03-07,2741.790,2713.170,2761.350,2711.250,55146111.000
2023-03-08,2698.590,2691.930,2699.880,2679.170,29539308.000
2023-03-09,2694.150,2671.840,2697.250,2660.620,27251214.000
2023-03-10,2648.810,2636.390,2667.960,2636.010,28778692.000
2023-03-13,2637.820,2664.040,2672.010,2637.710,34164329.000
2023-03-14,2658.280,2645.110,2658.280,2627.000,33042266.000
2023-03-15,2666.940,2648.390,2674.080,2647.960,33345926.000
2023-03-16,2627.040,2622.820,2647.530,2621.720,39478516.000
2023-03-17,2644.950,2628.590,2672.290,2620.430,43717732.000
2023-03-20,2632.250,2616.750,2644.830,2614.280,42916078.000
2023-03-21,2623.580,2643.360,2648.050,2622.850,31161690.000
2023-03-22,2652.710,2651.530,2666.700,2643.120,26143513.000
2023-03-23,2641.820,2668.670,2668.670,2641.070,28767182.000
2023-03-24,2664.530,2653.290,2664.530,2648.340,30711612.000
2023-03-27,2652.790,2639.620,2652.790,2626.580,34045359.000
2023-03-28,2646.980,2638.740,2653.570,2633.920,27215781.000
2023-03-29,2655.410,2636.220,2658.130,2632.840,26888679.000
2023-03-30,2639.360,2664.210,2665.340,2628.100,33612471.000
2023-03-31,2670.950,2661.920,2681.820,2657.770,28888859.000
2023-04-03,2667.180,2665.720,2673.660,2655.070,35269835.000
2023-04-04,2668.400,2675.920,2676.060,2657.860,39497343.000
2023-04-06,2668.130,2666.450,2672.720,2659.910,29605541.000
2023-04-07,2667.140,2684.860,2692.510,2663.610,24161042.000
2023-04-10,2690.430,2684.910,2690.430,2671.520,32266430.000
2023-04-11,2690.630,2680.040,2694.320,2671.950,34114834.000
2023-04-12,2684.050,2665.770,2684.440,2663.200,34962726.000
2023-04-13,2659.940,2670.010,2675.000,2652.960,36099587.000
2023-04-14,2679.130,2679.010,2692.460,2668.810,30896338.000
2023-04-17,2680.630,2732.970,2732.970,2678.140,45366139.000
2023-04-18,2724.490,2744.450,2753.810,2722.610,39615955.000
2023-04-19,2746.060,2720.720,2746.060,2716.750,32903094.000
2023-04-20,2718.240,2704.860,2721.200,2693.260,35867167.000
2023-04-21,2703.400,2654.210,2703.400,2652.260,37325688.000
2023-04-24,2655.080,2618.480,2656.670,2611.380,37410502.000
2023-04-25,2621.020,2619.230,2629.730,2596.560,39516242.000
2023-04-26,2614.960,2617.980,2627.580,2605.180,36961348.000
2023-04-27,2618.460,2650.570,2658.780,2612.920,36174826.000
2023-04-28,2653.140,2677.760,2683.470,2653.140,40548779.000
2023-05-04,2663.450,2692.690,2696.590,2654.230,54055929.000
2023-05-05,2698.590,2685.170,2706.330,2672.030,46797694.000
2023-05-08,2694.570,2720.320,2727.730,2685.520,63882547.000
2023-05-09,2723.190,2703.940,2751.440,2702.770,68807967.000
2023-05-10,2698.770,2673.910,2706.200,2669.730,54524777.000
2023-05-11,2682.380,2666.060,2688.690,2663.540,32992010.000
2023-05-12,2662.800,2630.950,2668.880,2630.290,34912863.000
2023-05-15,2628.460,2677.040,2677.260,2619.560,44553216.000
2023-05-16,2681.390,2670.450,2685.580,2661.950,33879998.000
2023-05-17,2666.040,2649.360,2673.020,2642.630,26249927.000
2023-05-18,2653.010,2644.220,2665.280,2634.610,31967361.000
2023-05-19,2632.590,2633.390,2649.690,2614.960,29813860.000
2023-05-22,2630.110,2658.790,2669.230,2628.760,28098533.000
2023-05-23,2657.920,2617.540,2662.390,2617.540,30513962.000
2023-05-24,2615.570,2577.340,2615.570,2576.830,36912434.000
2023-05-25,2567.450,2564.500,2572.190,2544.270,31772049.000
2023-05-26,2562.550,2559.610,2569.230,2536.260,24048616.000
2023-05-29,2565.590,2548.290,2566.830,2537.000,29439821.000
2023-05-30,2546.170,2535.140,2553.950,2508.290,31874037.000
2023-05-31,2524.790,2493.350,2525.110,2485.860,30754858.000
2023-06-01,2487.760,2500.340,2522.860,2487.760,32490221.000
2023-06-02,2511.690,2543.580,2547.090,2511.330,30418231.000
2023-06-05,2540.020,2528.400,2542.480,2522.710,29734417.000
2023-06-06,2528.170,2519.190,2560.060,2516.470,30830596.000
2023-06-07,2528.850,2511.390,2537.230,2506.200,23479390.000
2023-06-08,2512.450,2540.060,2549.320,2504.100,29033281.000
2023-06-09,2541.030,2543.930,2550.590,2536.180,29638600.000
2023-06-12,2536.380,2542.200,2553.990,2524.310,36235161.000
2023-06-13,2535.990,2544.950,2547.850,2523.970,29331674.000
2023-06-14,2549.670,2541.810,2564.340,2540.580,33883066.000
2023-06-15,2547.490,2576.740,2576.740,2546.210,32520795.000
2023-06-16,2581.970,2600.920,2604.630,2581.770,35861299.000
2023-06-19,2591.330,2560.530,2591.330,2556.890,36473350.000
2023-06-20,2558.100,2547.250,2564.540,2544.050,28713670.000
2023-06-21,2536.950,2519.080,2548.930,2519.080,32391757.000
2023-06-26,2500.850,2488.740,2503.110,2482.610,31879471.000
2023-06-27,2490.980,2506.600,2513.980,2481.750,32448209.000
2023-06-28,2501.160,2510.720,2511.620,2491.250,27910636.000
2023-06-29,2510.890,2490.900,2513.550,2490.640,24269593.000
2023-06-30,2484.650,2492.100,2508.250,2482.490,24104247.000
2023-07-03,2496.920,2534.470,2537.690,2496.430,34624875.000
2023-07-04,2532.590,2537.600,2539.820,2525.380,31286966.000
2023-07-05,2533.190,2520.180,2537.190,2514.090,30813953.000
2023-07-06,2513.430,2501.320,2525.560,2495.910,26487658.000
2023-07-07,2493.490,2489.540,2500.580,2484.890,24025853.000
2023-07-10,2501.530,2503.280,2520.150,2495.870,24539131.000
2023-07-11,2513.710,2518.530,2521.050,2504.200,22815691.000
2023-07-12,2516.680,2513.420,2529.530,2510.160,30323021.000
2023-07-13,2519.380,2546.380,2547.780,2519.380,34374789.000
2023-07-14,2554.640,2547.940,2556.850,2543.180,36353195.000
2023-07-17,2535.640,2520.790,2535.640,2511.360,31735395.000
2023-07-18,2520.620,2511.640,2520.620,2503.520,26681996.000
2023-07-19,2506.420,2517.110,2518.900,2503.340,22119097.000
2023-07-20,2523.270,2506.860,2535.610,2503.480,24549000.000
2023-07-21,2501.400,2509.290,2527.280,2496.810,22413005.000
2023-07-24,2492.220,2500.000,2509.780,2492.190,19065789.000
2023-07-25,2539.480,2578.350,2578.960,2539.480,40357653.000
2023-07-26,2574.810,2576.390,2581.250,2564.890,26070635.000
2023-07-27,2580.240,2575.360,2596.330,2569.100,29762572.000
2023-07-28,2564.870,2647.030,2653.260,2563.160,48566528.000
2023-07-31,2666.490,2653.370,2700.740,2644.090,51744806.000
2023-08-01,2652.240,2645.890,2670.250,2636.150,39178875.000
2023-08-02,2635.550,2620.680,2651.180,2612.350,37123029.000
2023-08-03,2617.790,2645.150,2647.360,2612.400,34042304.000
2023-08-04,2664.590,2648.840,2680.740,2646.150,48203634.000
2023-08-07,2635.780,2634.580,2636.690,2622.670,31748609.000
2023-08-08,2625.670,2631.380,2646.600,2610.810,27366486.000
2023-08-09,2623.150,2628.700,2638.090,2622.060,23987307.000
2023-08-10,2623.800,2629.440,2632.570,2609.820,24628325.000
2023-08-11,2630.990,2568.900,2631.800,2568.900,35996802.000
2023-08-14,2538.850,2549.280,2554.390,2526.070,33544098.000
2023-08-15,2550.940,2546.440,2556.000,2522.240,27888491.000
2023-08-16,2533.900,2530.810,2549.940,2529.430,25629806.000
2023-08-17,2516.750,2536.490,2540.540,2507.900,24783544.000
2023-08-18,2537.140,2507.580,2545.800,2507.580,26305781.000
2023-08-21,2498.130,2475.090,2508.960,2475.090,28643647.000
2023-08-22,2485.560,2493.760,2505.030,2464.280,41261520.000
2023-08-23,2491.370,2461.190,2498.320,2459.330,29654617.000
2023-08-24,2468.320,2480.750,2497.190,2466.860,36665820.000
2023-08-25,2468.740,2485.330,2502.190,2466.550,30085353.000
2023-08-28,2612.310,2518.190,2612.980,2507.980,54527239.000
2023-08-29,2512.320,2529.220,2546.690,2511.790,39909534.000
2023-08-30,2540.840,2522.540,2540.840,2518.660,35817962.000
2023-08-31,2526.690,2510.460,2532.170,2505.830,29685202.000
2023-09-01,2520.700,2532.250,2544.050,2520.700,29082104.000
2023-09-04,2550.170,2577.470,2583.670,2547.590,40656936.000
2023-09-05,2569.760,2561.790,2569.760,2557.970,26684673.000
2023-09-06,2553.590,2559.360,2564.430,2544.600,23862054.000
2023-09-07,2552.360,2534.160,2552.860,2531.100,25242432.000
2023-09-08,2527.460,2519.970,2529.850,2512.410,18042629.000
2023-09-11,2519.300,2536.170,2550.010,2519.300,24454024.000
2023-09-12,2533.600,2531.830,2538.690,2527.340,20584905.000
2023-09-13,2536.390,2524.540,2543.120,2510.090,24199656.000
2023-09-14,2529.190,2530.980,2539.670,2519.400,31215489.000
2023-09-15,2538.260,2514.980,2546.420,2508.240,33666399.000
2023-09-18,2509.150,2531.900,2532.430,2503.020,25420942.000
2023-09-19,2529.480,2532.280,2533.790,2517.400,22940704.000
2023-09-20,2527.750,2521.560,2529.020,2519.130,22882473.000
2023-09-21,2515.470,2495.740,2519.910,2495.740,23891417.000
2023-09-22,2498.240,2550.980,2550.980,2489.320,32978575.000
2023-09-25,2548.890,2529.150,2548.890,2526.070,25569881.000
2023-09-26,2526.350,2513.410,2534.200,2512.030,23341964.000
2023-09-27,2515.820,2520.140,2538.680,2514.230,27540832.000
2023-09-28,2530.230,2507.090,2531.070,2504.210,24916691.000
2023-10-09,2497.470,2499.570,2504.020,2474.810,27608360.000
2023-10-10,2510.510,2482.530,2513.850,2481.390,28702040.000
2023-10-11,2497.560,2490.860,2502.630,2486.370,26372287.000
2023-10-12,2518.830,2514.390,2524.200,2504.370,33661372.000
2023-10-13,2495.150,2489.130,2499.070,2482.890,25792374.000
2023-10-16,2490.920,2468.440,2491.620,2461.380,25080812.000
2023-10-17,2474.120,2478.900,2480.940,2462.370,23488548.000
2023-10-18,2471.590,2467.190,2478.680,2463.660,24591894.000
2023-10-19,2450.170,2401.930,2450.180,2400.190,31149685.000
2023-10-20,2394.620,2389.220,2402.790,2379.740,27929409.000
2023-10-23,2380.300,2369.930,2390.800,2351.450,26469956.000
2023-10-24,2374.870,2378.440,2382.730,2355.590,31452286.000
2023-10-25,2402.750,2386.300,2408.890,2383.100,39991649.000
2023-10-26,2375.040,2393.730,2394.990,2372.540,28462666.000
2023-10-27,2383.990,2414.910,2426.800,2380.340,31647536.000
2023-10-30,2406.950,2414.160,2420.980,2403.270,39706697.000
2023-10-31,2409.890,2411.480,2416.570,2400.260,31393681.000
2023-11-01,2456.380,2420.730,2456.380,2416.680,25950506.000
2023-11-02,2429.720,2417.460,2440.340,2416.660,25313330.000
2023-11-03,2419.690,2436.940,2443.300,2418.920,24430249.000
2023-11-06,2452.840,2456.770,2460.760,2443.390,39448493.000
2023-11-07,2450.270,2443.970,2450.380,2436.380,25409512.000
2023-11-08,2436.870,2436.700,2448.870,2426.200,25416171.000
2023-11-09,2428.510,2436.230,2444.350,2427.640,28423914.000
2023-11-10,2424.490,2414.020,2428.120,2409.040,24477685.000
2023-11-13,2415.960,2407.590,2421.170,2396.310,23455482.000
2023-11-14,2410.480,2406.400,2419.220,2397.180,23421802.000
2023-11-15,2428.820,2427.120,2431.830,2419.640,24622131.000
2023-11-16,2422.850,2404.320,2425.300,2402.110,22200157.000
2023-11-17,2396.590,2398.200,2401.790,2379.330,22301093.000
2023-11-20,2399.760,2404.770,2413.310,2383.560,21238673.000
2023-11-21,2415.130,2416.240,2432.770,2412.010,26462616.000
2023-11-22,2408.980,2396.900,2414.240,2396.900,21724455.000
2023-11-23,2393.490,2405.170,2407.200,2386.580,19801601.000
2023-11-24,2403.920,2391.020,2403.920,2390.170,20234203.000
2023-11-27,2387.980,2370.720,2387.980,2357.090,26821001.000
2023-11-28,2368.920,2371.210,2374.970,2361.740,20064514.000
2023-11-29,2374.030,2358.120,2374.360,2351.100,25739104.000
2023-11-30,2358.210,2366.000,2370.950,2354.690,25642019.000
2023-12-01,2362.630,2352.000,2362.630,2330.740,28357550.000
2023-12-04,2351.310,2333.880,2353.000,2332.850,23004550.000
2023-12-05,2327.340,2286.580,2327.340,2285.960,25193874.000
2023-12-06,2281.730,2284.060,2298.300,2275.280,30677731.000
2023-12-07,2280.090,2274.830,2284.940,2259.820,25959560.000
2023-12-08,2274.180,2281.650,2287.090,2269.280,33512910.000
2023-12-11,2264.990,2292.680,2299.660,2244.280,35010082.000
2023-12-12,2285.210,2305.140,2306.040,2282.090,28848714.000
2023-12-13,2298.270,2261.020,2298.270,2260.600,24866346.000
2023-12-14,2274.250,2249.940,2280.850,2249.390,20626914.000
2023-12-15,2262.040,2245.290,2283.540,2244.800,27458678.000
2023-12-18,2237.010,2251.230,2260.350,2227.980,25881915.000
2023-12-19,2248.450,2257.210,2264.290,2238.870,22119560.000
2023-12-20,2253.680,2237.580,2258.490,2236.880,24979420.000
2023-12-21,2228.770,2261.380,2266.770,2227.970,28726944.000
2023-12-22,2262.160,2270.500,2282.770,2251.450,29596181.000
2023-12-25,2266.390,2272.960,2276.130,2263.600,19434561.000
2023-12-26,2273.050,2262.210,2273.050,2255.350,19899127.000
2023-12-27,2263.490,2266.540,2271.230,2250.010,26761125.000
2023-12-28,2267.060,2317.700,2322.050,2265.230,42922566.000
2023-12-29,2314.070,2326.170,2327.680,2309.430,30362343.000
2024-01-02,2316.430,2292.230,2316.740,2292.230,31375477.000
2024-01-03,2287.760,2294.840,2299.680,2283.590,29314375.000
2024-01-04,2293.460,2279.040,2296.120,2260.350,32125788.000
2024-01-05,2272.940,2268.540,2295.600,2256.600,35589372.000
2024-01-08,2265.240,2243.840,2272.040,2240.560,31500656.000
2024-01-09,2243.410,2245.620,2251.540,2234.910,30269328.000
2024-01-10,2239.030,2235.210,2257.850,2233.180,25713298.000
2024-01-11,2234.820,2240.110,2251.080,2226.280,30524425.000
2024-01-12,2231.290,2237.210,2250.730,2229.590,25893778.000
2024-01-15,2227.360,2238.500,2256.800,2225.240,23715095.000
2024-01-16,2231.820,2248.980,2249.050,2223.440,28782237.000
2024-01-17,2241.020,2199.260,2242.610,2199.260,30628292.000
2024-01-18,2191.890,2238.460,2242.330,2163.870,54944741.000
2024-01-19,2227.730,2243.540,2250.610,2218.170,35865114.000
2024-01-22,2237.770,2230.610,2257.590,2206.760,44786209.000
2024-01-23,2220.500,2226.370,2239.650,2204.370,34015311.000
2024-01-24,2238.330,2260.560,2264.520,2209.510,44198033.000
2024-01-25,2264.020,2312.850,2314.500,2261.370,61945377.000
2024-01-26,2303.320,2314.370,2323.350,2295.960,58316299.000
2024-01-29,2312.700,2304.440,2327.360,2304.440,59549043.000
2024-01-30,2292.220,2270.980,2303.720,2270.980,43267598.000
2024-01-31,2261.120,2254.300,2273.100,2243.900,42928757.000
2024-02-01,2245.480,2248.270,2270.070,2238.710,39890138.000
2024-02-02,2252.650,2229.010,2264.060,2184.770,50637119.000
2024-02-05,2221.940,2255.280,2270.370,2203.070,59314022.000
2024-02-06,2250.110,2318.840,2321.450,2246.820,58385076.000
2024-02-07,2323.120,2344.150,2344.790,2305.510,64784099.000
2024-02-08,2345.080,2352.580,2355.770,2330.830,50486201.000
2024-02-19,2368.450,2371.550,2371.550,2348.410,52160225.000
2024-02-20,2367.920,2369.080,2372.860,2353.970,37486079.000
2024-02-21,2359.180,2410.230,2439.210,2355.400,50005382.000
2024-02-22,2403.880,2433.080,2433.230,2403.000,37555411.000
2024-02-23,2431.870,2433.410,2447.800,2424.170,40063072.000
2024-02-26,2427.230,2393.550,2430.970,2388.390,41328340.000
2024-02-27,2383.140,2405.060,2405.060,2381.570,33600960.000
2024-02-28,2405.880,2385.610,2417.330,2385.610,44763907.000
2024-02-29,2378.140,2413.140,2413.140,2378.140,35192528.000
2024-03-01,2408.300,2414.840,2420.380,2397.640,34435007.000
2024-03-04,2412.080,2418.580,2422.820,2404.920,40298113.000
2024-03-05,2410.460,2446.420,2450.060,2407.050,43956093.000
2024-03-06,2443.850,2434.120,2450.430,2433.070,38753975.000
2024-03-07,2430.420,2426.970,2446.300,2418.130,38335786.000
2024-03-08,2423.140,2426.170,2433.330,2410.150,34911257.000
2024-03-11,2426.730,2443.110,2443.110,2418.340,39152145.000
2024-03-12,2443.230,2450.470,2458.920,2436.080,50577285.000
2024-03-13,2445.800,2427.600,2445.800,2419.450,36948673.000
2024-03-14,2431.770,2423.860,2446.880,2415.060,36882246.000
2024-03-15,2417.570,2427.200,2430.590,2409.610,33007509.000
2024-03-18,2424.920,2438.190,2438.830,2419.880,37047252.000
2024-03-19,2430.300,2416.830,2441.600,2416.030,34332515.000
2024-03-20,2412.610,2426.460,2430.720,2408.480,30838610.000
2024-03-21,2432.930,2427.100,2441.270,2424.880,29208415.000
2024-03-22,2417.940,2403.200,2420.770,2386.200,34073555.000
2024-03-25,2398.320,2401.210,2418.310,2393.060,34383731.000
2024-03-26,2404.210,2413.740,2415.710,2398.600,31362498.000
2024-03-27,2408.910,2398.940,2421.130,2398.940,32072916.000
2024-03-28,2395.220,2401.990,2424.770,2387.420,36870800.000
2024-03-29,2399.460,2414.920,2418.560,2399.280,34133586.000
2024-04-01,2422.730,2441.570,2448.880,2422.730,36210013.000
2024-04-02,2441.490,2435.760,2447.370,2428.030,35726428.000
2024-04-03,2439.430,2430.170,2441.670,2423.880,31959986.000
2024-04-08,2419.030,2414.090,2431.410,2407.360,39873596.000
2024-04-09,2411.780,2404.610,2418.600,2399.280,35622867.000
2024-04-10,2403.730,2396.740,2412.590,2388.680,33612707.000
2024-04-11,2383.700,2394.870,2402.750,2380.510,31288036.000
2024-04-12,2397.280,2374.050,2402.640,2370.280,32363758.000
2024-04-15,2367.860,2424.020,2424.930,2367.760,50130502.000
2024-04-16,2414.760,2412.320,2429.390,2398.430,46952482.000
2024-04-17,2407.960,2439.860,2440.580,2397.440,45944602.000
2024-04-18,2430.700,2445.200,2468.360,2429.630,46624462.000
2024-04-19,2433.980,2430.580,2444.020,2424.170,38884690.000
2024-04-22,2433.180,2424.750,2450.260,2422.770,40368061.000
2024-04-23,2420.620,2413.740,2426.890,2409.950,37932055.000
2024-04-24,2422.630,2424.120,2426.960,2406.880,29386859.000
2024-04-25,2419.500,2431.620,2437.310,2411.570,28317818.000
2024-04-26,2432.760,2461.860,2467.270,2432.760,47838029.000
2024-04-29,2458.180,2474.340,2492.930,2453.480,53401197.000
2024-04-30,2473.510,2464.240,2484.100,2464.240,46814370.000
2024-05-06,2495.470,2495.760,2505.600,2487.320,56007811.000
2024-05-07,2496.020,2499.770,2504.030,2489.370,38042631.000
2024-05-08,2495.620,2486.020,2497.150,2484.380,32306111.000
2024-05-09,2483.660,2501.730,2506.280,2483.660,37662111.000
2024-05-10,2508.060,2508.580,2515.020,2492.360,40528642.000
2024-05-13,2499.690,2506.460,2512.240,2487.650,41036748.000
2024-05-14,2507.200,2496.740,2510.420,2491.250,33885687.000
2024-05-15,2494.760,2477.390,2498.950,2475.960,29457288.000
2024-05-16,2484.270,2489.410,2498.890,2475.840,39199339.000
2024-05-17,2492.570,2524.170,2524.180,2485.820,44218563.000
2024-05-20,2529.920,2532.820,2544.520,2524.190,46691985.000
2024-05-21,2526.940,2525.230,2531.630,2518.270,33118645.000
2024-05-22,2524.690,2529.040,2535.060,2519.030,38076048.000
2024-05-23,2518.140,2500.820,2519.070,2495.160,35048003.000
2024-05-24,2494.370,2474.430,2504.410,2473.230,31294242.000
2024-05-27,2478.260,2497.600,2500.110,2478.260,35770897.000
2024-05-28,2498.030,2490.160,2505.790,2486.100,33003573.000
2024-05-29,2489.520,2493.170,2510.070,2486.580,31785111.000
2024-05-30,2488.320,2473.760,2500.310,2468.260,34349983.000
2024-05-31,2480.210,2462.180,2487.130,2462.180,28593170.000
2024-06-03,2461.350,2469.020,2476.800,2454.980,32935234.000
2024-06-04,2465.610,2483.320,2488.750,2462.670,31903183.000
2024-06-05,2477.310,2468.190,2483.330,2467.460,29453857.000
2024-06-06,2474.230,2467.890,2492.050,2462.130,36897263.000
2024-06-07,2473.170,2457.260,2476.460,2444.930,36436105.000
2024-06-11,2444.550,2423.620,2449.650,2415.110,41401549.000
2024-06-12,2420.900,2423.610,2427.840,2412.990,37949604.000
2024-06-13,2425.920,2412.070,2426.330,2406.990,30851071.000
2024-06-14,2405.790,2426.510,2433.050,2399.990,41277966.000
2024-06-17,2412.090,2416.340,2418.940,2408.870,37495957.000
2024-06-18,2412.550,2415.430,2424.930,2408.290,35338347.000
2024-06-19,2410.470,2413.970,2418.740,2402.960,32775291.000
2024-06-20,2413.390,2408.340,2422.700,2405.400,32013024.000
2024-06-21,2406.220,2398.960,2411.530,2386.480,33202039.000
2024-06-24,2383.870,2404.080,2418.920,2381.280,34671331.000
2024-06-25,2403.730,2394.220,2410.140,2384.200,34919135.000
2024-06-26,2388.500,2398.260,2404.460,2383.150,29859502.000
2024-06-27,2391.690,2388.560,2395.810,2376.660,36990570.000
2024-06-28,2382.120,2394.870,2406.360,2381.390,39898644.000
2024-07-01,2395.200,2405.470,2407.050,2387.620,36281247.000
2024-07-02,2400.170,2416.680,2421.750,2399.520,36866949.000
2024-07-03,2417.180,2414.870,2421.080,2405.840,32991600.000
2024-07-04,2417.280,2407.900,2428.940,2407.130,30511579.000
2024-07-05,2405.610,2386.000,2411.930,2367.020,39363439.000
2024-07-08,2375.680,2371.690,2387.890,2368.170,35617562.000
2024-07-09,2365.930,2389.380,2396.180,2352.770,37504477.000
2024-07-10,2378.800,2381.830,2392.880,2378.540,34846258.000
2024-07-11,2387.670,2396.410,2400.230,2378.150,38295592.000
2024-07-12,2397.730,2412.620,2414.760,2396.530,38157098.000
2024-07-15,2405.920,2420.520,2424.410,2405.520,34518607.000
2024-07-16,2412.260,2424.760,2426.590,2406.250,35688395.000
2024-07-17,2422.880,2432.830,2439.320,2419.980,37750369.000
2024-07-18,2426.340,2444.510,2446.770,2421.490,34814046.000
2024-07-19,2429.800,2456.790,2462.740,2417.460,41315480.000
2024-07-22,2454.240,2432.550,2454.500,2416.200,41829683.000
2024-07-23,2429.090,2396.670,2431.270,2396.670,41340681.000
2024-07-24,2393.230,2390.950,2407.110,2383.000,39296668.000
2024-07-25,2384.630,2369.720,2387.890,2358.540,40846894.000
2024-07-26,2364.910,2355.320,2368.270,2341.450,40494016.000
2024-07-29,2352.510,2348.480,2359.980,2343.400,33671312.000
2024-07-30,2341.910,2335.310,2341.910,2321.500,32432891.000
2024-07-31,2332.650,2375.390,2378.880,2331.560,50066642.000
2024-08-01,2373.470,2360.420,2375.790,2360.050,39134152.000
2024-08-02,2344.420,2343.720,2360.410,2337.640,31827474.000
2024-08-05,2334.590,2328.920,2362.310,2327.750,39457458.000
2024-08-06,2342.840,2313.340,2346.300,2296.710,34873713.000
2024-08-07,2311.910,2314.430,2330.150,2307.080,27145991.000
2024-08-08,2310.960,2320.420,2334.460,2305.890,22528936.000
2024-08-09,2332.670,2317.990,2338.240,2317.990,25988805.000
2024-08-12,2314.260,2316.910,2323.420,2312.580,22194984.000
2024-08-13,2318.970,2317.650,2321.540,2304.600,25109218.000
2024-08-14,2317.890,2306.120,2317.890,2305.470,22049930.000
2024-08-15,2300.480,2335.940,2343.210,2295.750,29315620.000
2024-08-16,2335.040,2345.050,2348.150,2331.080,30481578.000
2024-08-19,2345.640,2357.030,2367.410,2345.120,30885150.000
2024-08-20,2361.180,2346.640,2361.300,2337.510,29898108.000
2024-08-21,2341.810,2339.070,2345.970,2324.710,26550899.000
2024-08-22,2340.150,2341.150,2344.990,2332.360,31112912.000
2024-08-23,2338.660,2355.380,2361.060,2338.320,27900047.000
2024-08-26,2356.790,2352.270,2361.880,2341.230,26900476.000
2024-08-27,2348.540,2350.410,2355.570,2345.300,30952524.000
2024-08-28,2349.520,2336.150,2352.700,2327.920,30092262.000
2024-08-29,2329.660,2317.660,2335.670,2315.490,44246295.000
2024-08-30,2313.610,2335.210,2354.630,2311.230,63786046.000
2024-09-02,2321.150,2299.930,2326.080,2299.170,45499287.000
2024-09-03,2299.340,2291.180,2301.690,2286.020,44158877.000
2024-09-04,2279.480,2271.810,2289.390,2268.210,35482469.000
2024-09-05,2272.980,2275.120,2281.530,2267.330,30352561.000
2024-09-06,2276.540,2263.560,2288.930,2263.320,25886004.000
2024-09-09,2252.300,2232.960,2256.000,2226.630,34250688.000
2024-09-10,2232.830,2235.690,2240.590,2223.900,30184005.000
2024-09-11,2228.830,2220.800,2228.830,2213.820,34615529.000
2024-09-12,2220.900,2209.560,2227.730,2208.250,28095301.000
2024-09-13,2211.150,2205.810,2222.560,2204.860,27098500.000
2024-09-18,2206.850,2218.660,2225.910,2203.980,26054620.000
2024-09-19,2224.260,2229.810,2239.980,2199.450,34968379.000
2024-09-20,2227.350,2233.260,2237.980,2212.520,36902087.000
2024-09-23,2233.860,2243.020,2254.160,2232.280,27207257.000
2024-09-24,2270.360,2352.140,2352.320,2257.290,60159105.000
2024-09-25,2391.280,2386.320,2426.690,2380.590,68403102.000
2024-09-26,2389.270,2498.180,2498.320,2383.510,67742963.000
2024-09-27,2553.600,2571.080,2571.080,2512.820,64800776.000
2024-09-30,2657.550,2755.400,2778.290,2621.700,153324458.000
2024-10-08,3016.870,2853.140,3016.870,2780.030,165973235.000
2024-10-09,2813.960,2680.710,2825.740,2674.250,124653375.000
2024-10-10,2697.290,2739.050,2801.120,2675.440,115891754.000
2024-10-11,2718.250,2680.390,2737.080,2653.620,75378019.000
2024-10-14,2699.710,2723.180,2737.270,2672.810,80655001.000
2024-10-15,2711.670,2655.120,2726.990,2655.120,58314144.000
2024-10-16,2629.240,2650.180,2677.220,2628.950,56259713.000
2024-10-17,2666.370,2610.470,2680.060,2610.470,49796854.000
2024-10-18,2606.380,2681.910,2722.650,2583.490,70198207.000
2024-10-21,2694.970,2681.060,2701.360,2659.670,72042226.000
2024-10-22,2672.850,2692.660,2704.350,2672.450,52208167.000
2024-10-23,2691.130,2708.050,2728.260,2682.940,56076797.000
2024-10-24,2695.380,2680.700,2699.000,2669.710,42253335.000
2024-10-25,2679.350,2683.320,2705.330,2671.040,46861453.000
2024-10-28,2681.510,2686.290,2686.290,2656.320,53474972.000
2024-10-29,2689.920,2667.940,2712.280,2665.420,50084286.000
2024-10-30,2658.260,2634.740,2674.370,2624.000,44450688.000
2024-10-31,2637.210,2633.120,2654.650,2613.250,54529623.000
2024-11-01,2629.040,2651.530,2674.250,2629.040,60844392.000
2024-11-04,2657.310,2675.770,2675.770,2636.580,43015671.000
2024-11-05,2666.860,2727.670,2727.670,2659.170,55642484.000
2024-11-06,2730.460,2706.610,2743.130,2691.730,59940818.000
2024-11-07,2684.810,2797.860,2800.610,2683.320,67017244.000
2024-11-08,2825.910,2765.540,2833.070,2758.210,67861757.000
2024-11-11,2736.840,2753.740,2754.970,2711.760,61338658.000
2024-11-12,2744.950,2712.270,2778.890,2701.610,60114854.000
2024-11-13,2697.190,2728.230,2737.500,2696.690,62644077.000
2024-11-14,2719.460,2704.150,2743.750,2700.200,60469571.000
2024-11-15,2696.960,2671.450,2712.880,2671.450,70040262.000
2024-11-18,2683.490,2678.270,2725.300,2668.060,91045710.000
2024-11-19,2679.550,2671.190,2683.370,2637.850,67003018.000
2024-11-20,2667.450,2676.210,2686.380,2657.580,45017622.000
2024-11-21,2674.430,2680.800,2686.310,2666.570,37202384.000
2024-11-22,2679.650,2601.560,2683.740,2601.550,48551764.000
2024-11-25,2610.960,2582.050,2620.030,2568.950,45593530.000
2024-11-26,2576.810,2592.740,2607.120,2573.970,39931653.000
2024-11-27,2588.890,2625.760,2626.330,2583.470,41079054.000
2024-11-28,2625.510,2610.120,2630.800,2598.750,34308739.000
2024-11-29,2612.230,2624.960,2660.390,2610.710,43001561.000
2024-12-02,2621.140,2639.040,2643.870,2613.620,44608836.000
2024-12-03,2638.810,2652.900,2658.150,2626.210,47373156.000
2024-12-04,2651.790,2648.760,2660.800,2638.110,48088171.000
2024-12-05,2637.630,2635.560,2647.980,2629.630,33676521.000
2024-12-06,2636.610,2665.430,2682.690,2636.610,43894491.000
2024-12-09,2666.290,2667.590,2686.520,2658.430,45926353.000
2024-12-10,2741.750,2689.330,2747.070,2684.720,59443899.000
2024-12-11,2684.590,2676.550,2696.010,2671.520,40802387.000
2024-12-12,2673.940,2702.270,2704.030,2667.640,41273831.000
2024-12-13,2684.290,2638.030,2684.410,2636.970,61597705.000
2024-12-16,2637.740,2641.560,2647.700,2635.250,54098120.000
2024-12-17,2637.350,2652.350,2672.960,2637.350,44279234.000
2024-12-18,2662.030,2671.350,2681.120,2661.900,44259056.000
2024-12-19,2652.190,2661.720,2672.580,2642.680,40214140.000
2024-12-20,2654.850,2648.460,2670.320,2644.840,42493510.000
2024-12-23,2648.920,2671.200,2688.890,2648.920,56629099.000
2024-12-24,2671.910,2702.280,2704.580,2666.340,46469198.000
2024-12-25,2706.570,2710.160,2726.140,2700.680,51010381.000
2024-12-26,2709.590,2702.600,2709.590,2692.870,41770736.000
2024-12-27,2701.210,2701.700,2713.840,2686.500,44894855.000
2024-12-30,2700.220,2718.750,2724.730,2700.220,44994763.000
2024-12-31,2715.210,2684.770,2725.790,2684.770,50745554.000
2025-01-02,2682.420,2610.340,2684.250,2595.400,61160984.000
2025-01-03,2615.350,2587.130,2620.650,2579.440,50804858.000
2025-01-06,2589.340,2579.960,2591.890,2555.930,44486402.000
2025-01-07,2576.680,2593.970,2595.660,2566.680,39218598.000
2025-01-08,2587.530,2597.450,2611.150,2565.600,46257463.000
2025-01-09,2595.690,2579.580,2597.060,2574.600,34356506.000
2025-01-10,2585.200,2560.250,2593.090,2560.250,36166878.000
2025-01-13,2545.380,2553.360,2561.240,2533.310,39699495.000
2025-01-14,2556.420,2598.810,2606.090,2549.170,42688184.000
2025-01-15,2592.320,2591.500,2606.070,2587.460,41213511.000
2025-01-16,2601.120,2580.120,2614.600,2572.110,38987110.000
2025-01-17,2572.970,2582.490,2595.160,2561.970,34250232.000
2025-01-20,2595.320,2589.070,2609.650,2585.130,36261216.000
2025-01-21,2598.830,2584.890,2599.890,2579.670,34366587.000
2025-01-22,2580.110,2551.350,2580.190,2544.260,39846158.000
2025-01-23,2571.830,2567.480,2605.860,2564.750,51323995.000
2025-01-24,2562.870,2579.100,2594.580,2559.490,37663633.000
2025-01-27,2582.840,2583.650,2597.350,2582.090,39196764.000
2025-02-05,2604.140,2561.940,2604.320,2556.480,43535465.000
2025-02-06,2559.830,2580.430,2585.290,2554.480,39895336.000
2025-02-07,2578.680,2608.090,2624.680,2570.180,58337411.000
2025-02-10,2612.060,2621.040,2628.390,2606.290,56063207.000
2025-02-11,2625.180,2614.320,2626.170,2607.240,51712769.000
2025-02-12,2611.960,2640.050,2641.730,2607.270,44301409.000
2025-02-13,2638.980,2641.130,2663.790,2635.450,46344081.000
2025-02-14,2638.210,2660.850,2662.290,2633.710,56371426.000
2025-02-17,2665.550,2664.480,2672.030,2647.450,69410594.000
2025-02-18,2659.090,2651.110,2679.820,2644.290,65094963.000
2025-02-19,2648.360,2663.600,2673.520,2643.960,56214330.000
2025-02-20,2659.130,2648.170,2659.600,2641.910,48099429.000
2025-02-21,2657.800,2682.240,2686.330,2649.200,68488623.000
2025-02-24,2674.690,2674.120,2692.810,2661.320,68521481.000
2025-02-25,2654.130,2643.230,2664.160,2636.900,53327168.000
2025-02-26,2649.900,2666.660,2667.020,2645.990,51923039.000
2025-02-27,2664.320,2679.080,2681.510,2655.000,53673004.000
2025-02-28,2670.430,2638.960,2691.290,2638.960,56335229.000
2025-03-03,2645.010,2628.520,2655.310,2619.190,49692811.000
2025-03-04,2617.920,2621.220,2629.670,2609.340,41851280.000
2025-03-05,2623.720,2641.450,2644.750,2619.790,48397500.000
2025-03-06,2655.540,2683.950,2689.450,2655.540,57714226.000
2025-03-07,2677.570,2682.020,2695.380,2675.420,44317393.000
2025-03-10,2682.880,2668.810,2683.610,2653.030,50838623.000
2025-03-11,2644.820,2682.220,2682.220,2644.080,42194461.000
2025-03-12,2684.720,2669.010,2686.780,2666.490,43449533.000
2025-03-13,2670.990,2664.620,2684.120,2655.330,42495068.000
2025-03-14,2674.490,2740.510,2748.100,2674.030,65485152.000
2025-03-17,2755.490,2737.920,2755.940,2734.500,44380739.000
2025-03-18,2749.320,2739.750,2751.730,2737.010,38611198.000
2025-03-19,2737.310,2746.960,2757.620,2733.570,46328423.000
2025-03-20,2748.290,2718.190,2749.220,2713.470,39710765.000
2025-03-21,2712.740,2675.360,2722.490,2669.790,46810782.000
2025-03-24,2675.460,2693.330,2696.340,2675.460,44923932.000
2025-03-25,2695.300,2691.900,2698.550,2685.290,37096214.000
2025-03-26,2692.420,2677.310,2696.540,2675.700,37833189.000
2025-03-27,2673.930,2690.840,2704.740,2673.770,36473723.000
2025-03-28,2691.670,2679.740,2692.700,2673.240,35920053.000
2025-03-31,2676.050,2665.630,2692.440,2657.300,49951364.000
2025-04-01,2669.000,2662.710,2674.110,2659.020,40847477.000
2025-04-02,2659.100,2658.620,2669.360,2653.450,32168634.000
2025-04-03,2631.470,2662.250,2671.710,2631.470,42173571.000
2025-04-07,2555.710,2516.970,2579.600,2457.080,102701231.000
2025-04-08,2526.510,2574.350,2574.350,2510.640,90153523.000
2025-04-09,2548.490,2597.100,2597.100,2541.550,77718696.000
2025-04-10,2628.520,2612.620,2628.520,2590.760,61119831.000
2025-04-11,2620.770,2619.580,2621.160,2595.500,44939276.000
2025-04-14,2623.570,2628.210,2636.790,2615.390,45123283.000
2025-04-15,2624.200,2634.590,2637.750,2615.370,42005386.000
2025-04-16,2639.200,2658.500,2661.780,2616.870,51224732.000
2025-04-17,2648.050,2659.900,2661.800,2639.970,37879985.000
2025-04-18,2648.660,2657.640,2666.270,2645.870,30353172.000
2025-04-21,2655.540,2652.810,2671.340,2652.650,34411982.000
2025-04-22,2651.490,2656.540,2667.840,2650.330,37220822.000
2025-04-23,2662.930,2648.830,2664.470,2646.360,33046358.000
2025-04-24,2648.770,2655.360,2665.730,2648.760,31252679.000
2025-04-25,2660.160,2648.810,2663.350,2643.400,32380960.000
2025-04-28,2643.140,2651.230,2658.460,2636.410,32909451.000
2025-04-29,2650.430,2645.510,2655.340,2639.800,28042631.000
2025-04-30,2646.060,2633.160,2651.300,2631.840,43217657.000
2025-05-06,2650.460,2647.720,2650.460,2633.410,40705260.000
2025-05-07,2685.560,2670.700,2685.560,2656.200,47055825.000
2025-05-08,2661.270,2679.510,2695.780,2658.670,33449077.000
2025-05-09,2676.120,2684.010,2689.600,2676.120,32778706.000
2025-05-12,2688.750,2702.620,2710.610,2681.960,39123990.000
2025-05-13,2713.110,2708.060,2713.110,2702.060,39965507.000
2025-05-14,2708.560,2753.790,2766.250,2708.420,46485155.000
2025-05-15,2748.540,2740.300,2758.080,2735.900,37878448.000
2025-05-16,2734.740,2716.660,2739.060,2706.470,37006336.000
2025-05-19,2710.320,2705.090,2716.860,2701.250,26951611.000
2025-05-20,2710.390,2716.630,2729.760,2710.390,29309796.000
2025-05-21,2716.840,2728.430,2740.770,2716.840,31426341.000
2025-05-22,2725.450,2733.630,2738.240,2718.790,27835070.000
2025-05-23,2731.180,2711.850,2742.120,2711.850,33668536.000
2025-05-26,2708.220,2699.420,2719.700,2692.680,30713381.000
2025-05-27,2699.690,2685.280,2709.290,2684.710,27096687.000
2025-05-28,2686.730,2683.060,2691.480,2681.860,25171734.000
2025-05-29,2684.490,2690.890,2703.990,2677.810,27471836.000
2025-05-30,2688.960,2678.700,2696.140,2669.170,32151692.000
2025-06-03,2674.770,2687.300,2697.390,2671.340,33608484.000
2025-06-04,2688.740,2690.820,2699.670,2687.300,27603830.000
2025-06-05,2692.540,2692.130,2695.880,2682.540,30779056.000
2025-06-06,2691.630,2688.850,2700.810,2685.250,29849881.000
2025-06-09,2689.730,2686.830,2698.360,2681.690,35686891.000
2025-06-10,2690.870,2676.400,2700.180,2670.150,41460515.000
2025-06-11,2676.670,2692.140,2704.450,2676.670,35573426.000
2025-06-12,2689.680,2691.280,2696.780,2674.310,34480625.000
2025-06-13,2684.880,2676.430,2690.350,2669.110,47991048.000
2025-06-16,2666.820,2685.010,2687.110,2664.430,39935905.000
2025-06-17,2685.390,2683.950,2688.610,2672.680,33121607.000
2025-06-18,2685.470,2679.920,2690.900,2668.870,36667203.000
2025-06-19,2678.360,2665.520,2680.870,2658.490,37645030.000
2025-06-20,2661.210,2673.720,2681.530,2661.210,36316506.000
2025-06-23,2664.640,2684.780,2692.910,2656.680,42959546.000
2025-06-24,2685.850,2715.920,2731.180,2685.850,49028263.000
2025-06-25,2714.630,2747.730,2750.390,2707.400,50864894.000
2025-06-26,2740.230,2738.470,2747.610,2734.950,42840625.000
2025-06-27,2738.930,2707.570,2749.550,2705.780,57081832.000
2025-06-30,2702.120,2711.990,2716.300,2695.420,38305020.000
2025-07-01,2714.970,2717.710,2721.400,2708.190,33030057.000
2025-07-02,2720.850,2722.550,2729.710,2711.600,35177495.000
2025-07-03,2726.110,2724.550,2728.170,2713.970,32268510.000
2025-07-04,2722.180,2740.440,2761.920,2715.550,39311129.000
2025-07-07,2736.010,2731.530,2736.260,2723.960,29319003.000
2025-07-08,2732.050,2747.190,2750.460,2730.190,34080449.000
2025-07-09,2746.140,2739.920,2759.060,2739.210,47838115.000
2025-07-10,2739.230,2756.930,2777.420,2739.230,54142012.000
2025-07-11,2754.660,2756.770,2805.560,2754.660,76454518.000
2025-07-14,2761.480,2757.810,2774.230,2757.810,51490402.000
2025-07-15,2758.720,2747.230,2765.500,2731.320,41172447.000
2025-07-16,2748.170,2740.900,2754.060,2729.910,34245931.000
2025-07-17,2737.350,2744.260,2744.740,2732.350,36151094.000
2025-07-18,2746.330,2764.520,2768.900,2746.330,42130803.000
2025-07-21,2770.360,2772.240,2777.050,2763.350,49954337.000
2025-07-22,2773.400,2792.180,2795.490,2760.310,68310030.000
2025-07-23,2798.960,2801.200,2824.860,2794.810,67929831.000
2025-07-24,2797.260,2812.440,2819.130,2791.780,60282800.000
2025-07-25,2807.630,2795.510,2810.110,2788.190,51692557.000
2025-07-28,2799.260,2802.770,2811.240,2788.020,49737265.000
2025-07-29,2802.780,2808.590,2813.740,2795.600,47051664.000
2025-07-30,2809.440,2819.350,2842.470,2802.740,52185198.000
2025-07-31,2807.300,2775.990,2807.940,2766.930,61515847.000
2025-08-01,2771.760,2754.130,2780.160,2749.460,48962531.000
2025-08-04,2748.620,2769.390,2769.390,2748.620,41967961.000
2025-08-05,2773.380,2790.730,2794.600,2768.020,41264765.000
2025-08-06,2789.270,2797.420,2800.760,2787.540,41182917.000
2025-08-07,2797.710,2798.310,2808.920,2787.830,42338294.000
2025-08-08,2795.780,2789.170,2801.080,2784.380,38923878.000
2025-08-11,2791.350,2789.900,2800.890,2783.650,43484703.000
2025-08-12,2791.200,2807.010,2816.590,2791.200,42603267.000
2025-08-13,2809.050,2812.980,2828.860,2806.660,54720114.000
2025-08-14,2815.490,2829.470,2858.010,2815.490,50008770.000
2025-08-15,2821.970,2832.880,2847.610,2813.090,71117777.000
2025-08-18,2843.090,2838.870,2861.980,2832.460,73385466.000
2025-08-19,2843.280,2812.420,2858.410,2812.300,62843222.000
2025-08-20,2808.440,2846.990,2848.030,2799.400,58597343.000
2025-08-21,2853.790,2862.180,2872.960,2850.630,65309499.000
2025-08-22,2868.590,2928.610,2928.880,2868.590,67741563.000
2025-08-25,2950.650,2989.850,2989.850,2943.980,86358967.000
2025-08-26,2975.700,2969.780,2985.540,2964.210,54565823.000
2025-08-27,2974.410,2918.380,2983.020,2918.380,71005356.000
2025-08-28,2918.530,2960.730,2963.070,2906.650,65993248.000
2025-08-29,2954.930,2976.470,2989.000,2954.930,84761466.000
2025-09-01,2986.650,2981.200,2988.550,2965.450,72800163.000
2025-09-02,2983.720,2992.880,3006.460,2967.520,77445856.000
2025-09-03,2995.460,2960.990,3002.180,2939.810,63723571.000
2025-09-04,2949.970,2910.470,2949.970,2879.410,91920544.000
2025-09-05,2908.510,2942.220,2949.820,2899.690,62380387.000
2025-09-08,2940.980,2939.880,2953.910,2926.390,67340772.000
2025-09-09,2928.530,2928.630,2949.540,2915.040,55723378.000
2025-09-10,2928.110,2939.590,2954.440,2923.560,56404895.000
2025-09-11,2925.660,2983.080,2983.200,2917.810,68326502.000
2025-09-12,2986.020,2968.540,2998.980,2964.580,61709804.000
2025-09-15,2976.350,2962.620,2984.860,2957.720,52551778.000
2025-09-16,2969.230,2947.820,2974.950,2942.300,57639416.000
2025-09-17,2942.880,2952.780,2960.310,2935.780,56668537.000
2025-09-18,2959.390,2912.830,2971.560,2890.600,74860029.000
2025-09-19,2914.360,2909.740,2930.470,2906.170,57236551.000
2025-09-22,2911.020,2922.180,2929.520,2901.120,46979876.000
2025-09-23,2917.990,2919.510,2938.120,2891.780,62896875.000
2025-09-24,2908.070,2939.510,2942.590,2908.070,51462065.000
2025-09-25,2944.730,2952.740,2962.180,2941.870,54322268.000
2025-09-26,2941.170,2941.020,2962.750,2938.320,48141612.000
2025-09-29,2940.040,2973.040,3000.480,2922.010,70632299.000
2025-09-30,2985.100,2988.940,2992.540,2976.590,59065266.000
2025-10-09,3004.450,3020.600,3030.720,2984.830,76369809.000
2025-10-10,3000.560,2974.850,3012.590,2966.580,67283722.000
2025-10-13,2917.880,2967.210,2972.190,2917.880,70163467.000
2025-10-14,2986.580,2961.100,2996.680,2949.910,86183399.000
2025-10-15,2962.750,3001.350,3003.000,2958.450,63376996.000
2025-10-16,2994.220,3019.200,3028.570,2992.550,63410921.000
2025-10-17,3017.430,2967.770,3022.810,2963.940,62678056.000
2025-10-20,2984.310,2974.860,2995.020,2967.690,53180976.000
2025-10-21,2983.280,3007.260,3014.100,2979.120,55301752.000
2025-10-22,2987.350,3010.100,3015.170,2987.350,51417563.000
2025-10-23,3002.000,3026.900,3030.800,2985.430,60206654.000
2025-10-24,3031.920,3045.820,3052.820,3028.380,55120382.000
2025-10-27,3064.380,3069.530,3078.780,3052.400,70405039.000
2025-10-28,3059.880,3050.420,3075.250,3044.560,54626241.000
2025-10-29,3049.450,3063.020,3064.560,3048.590,60144586.000
2025-10-30,3053.790,3046.610,3076.870,3043.570,65736103.000
2025-10-31,3046.180,3011.550,3046.240,3011.550,69318922.000
2025-11-03,3009.160,3016.350,3017.450,2990.280,54900375.000
2025-11-04,3014.830,3012.970,3029.920,2999.250,55980900.000
2025-11-05,2985.760,3007.970,3018.350,2981.820,46871754.000
2025-11-06,3015.350,3044.740,3049.490,3012.440,50629447.000
2025-11-07,3036.010,3038.350,3050.010,3034.720,47669347.000
2025-11-10,3043.510,3053.860,3054.550,3030.230,49079644.000
2025-11-11,3059.760,3034.630,3060.280,3023.920,41042551.000
2025-11-12,3035.030,3044.300,3059.950,3035.030,57517235.000
2025-11-13,3044.920,3073.670,3075.210,3044.920,54126408.000
2025-11-14,3058.120,3038.430,3073.710,3037.880,48802756.000
2025-11-17,3033.020,3012.070,3037.230,3001.200,48233902.000
2025-11-18,3005.740,3003.020,3023.030,2995.170,43587327.000
2025-11-19,3004.650,3020.350,3033.220,3004.200,48200355.000
2025-11-20,3030.040,3008.290,3038.910,3004.240,54043554.000
2025-11-21,2989.870,2955.850,2998.810,2953.460,60393126.000
2025-11-24,2967.160,2950.560,2970.200,2942.290,50801706.000
2025-11-25,2963.690,2968.200,2974.770,2952.350,42405177.000
2025-11-26,2969.780,2971.800,2979.980,2968.020,40057977.000
2025-11-27,2976.080,2972.270,2988.200,2965.550,39287797.000
2025-11-28,2969.230,2969.620,2973.320,2954.710,37274314.000
2025-12-01,2975.270,2993.680,2994.450,2972.790,46519461.000
2025-12-02,2992.380,2978.470,2994.710,2970.950,33481828.000
2025-12-03,2976.110,2963.080,2983.610,2957.790,38519732.000
2025-12-04,2968.560,2974.340,2980.240,2958.610,36282556.000
2025-12-05,2970.620,3002.010,3010.720,2969.090,44603491.000
2025-12-08,3006.630,3019.360,3030.570,3005.380,44895792.000
2025-12-09,3012.240,2997.960,3015.450,2991.650,43425923.000
2025-12-10,2994.150,2988.640,2996.210,2970.590,41511589.000
2025-12-11,2995.630,2977.030,2998.980,2966.180,39399027.000
2025-12-12,2981.970,2994.640,2994.870,2965.690,57188912.000
2025-12-15,2979.760,2987.070,3015.390,2978.130,38490227.000
2025-12-16,2980.940,2954.790,2986.080,2946.600,38302165.000
2025-12-17,2955.470,2991.680,3005.870,2948.740,38500743.000
2025-12-18,2983.770,2998.520,3002.020,2980.950,32545683.000
2025-12-19,2993.930,3004.340,3016.380,2987.710,36605533.000
2025-12-22,3010.800,3020.230,3025.550,3010.800,34728192.000
2025-12-23,3023.910,3027.520,3041.670,3019.610,35889709.000
2025-12-24,3028.370,3025.180,3032.010,3012.200,31799441.000
2025-12-25,3020.910,3032.840,3039.540,3018.580,28270647.000
2025-12-26,3032.470,3045.400,3057.950,3031.260,34100689.000
2025-12-29,3048.980,3034.630,3057.360,3030.380,43153415.000
2025-12-30,3023.320,3036.550,3049.320,3022.280,38538285.000
2025-12-31,3038.600,3031.130,3051.430,3026.490,37358980.000
2026-01-05,3052.130,3099.750,3105.400,3052.130,53501398.000
2026-01-06,3106.520,3158.760,3158.760,3106.090,57494272.000
2026-01-07,3162.020,3145.120,3162.440,3132.230,52139422.000
2026-01-08,3137.810,3122.060,3142.850,3107.020,53427374.000
2026-01-09,3121.160,3134.320,3146.730,3112.460,60149277.000
2026-01-12,3146.510,3143.740,3148.110,3125.170,64461913.000
2026-01-13,3150.730,3132.930,3177.740,3123.170,63160096.000
2026-01-14,3136.840,3112.070,3169.750,3106.130,71957426.000
2026-01-15,3104.330,3105.580,3130.990,3097.110,54417665.000
2026-01-16,3117.930,3079.760,3127.850,3066.090,72454154.000
2026-01-19,3077.810,3075.940,3094.970,3065.940,55866599.000
2026-01-20,3077.940,3070.650,3090.090,3058.610,60002533.000
2026-01-21,3073.770,3067.180,3097.660,3060.650,65664880.000
2026-01-22,3080.200,3053.130,3089.670,3046.430,62918454.000
2026-01-23,3055.690,3032.190,3063.260,3019.760,69020151.000
2026-01-26,3042.370,3049.590,3088.570,3039.640,89102472.000
2026-01-27,3054.400,3052.390,3080.820,3046.190,75135914.000
2026-01-28,3066.430,3060.560,3074.980,3047.790,96366780.000
2026-01-29,3074.490,3110.910,3122.140,3048.410,100710154.000
2026-01-30,3088.790,3066.500,3106.330,3040.420,79014687.000
2026-02-02,3036.840,3003.140,3076.020,2997.850,80803317.000
2026-02-03,3033.470,3034.580,3037.000,2987.410,64830347.000
2026-02-04,3033.550,3069.240,3070.170,3030.340,61043659.000
2026-02-05,3048.870,3059.010,3066.510,3030.850,53716009.000
2026-02-06,3027.170,3037.860,3056.000,3015.630,46789818.000
2026-02-09,3066.320,3081.780,3081.870,3059.030,41923930.000
2026-02-10,3086.330,3087.410,3091.350,3080.000,38162332.000
2026-02-11,3082.700,3088.460,3094.250,3076.550,36847609.000
2026-02-12,3091.530,3079.730,3094.330,3075.760,44400996.000
2026-02-13,3062.210,3034.350,3066.040,3032.660,45953549.000
2026-02-24,3075.470,3041.320,3075.900,3039.410,43898842.000
2026-02-25,3045.450,3054.920,3080.080,3041.590,56685897.000
2026-02-26,3059.600,3035.070,3060.340,3023.430,43952257.000
2026-02-27,3026.080,3039.430,3049.360,3025.720,43909783.000
2026-03-02,3031.450,3046.470,3050.920,3010.050,83545593.000
2026-03-03,3045.750,3014.270,3056.990,3008.000,104832996.000
2026-03-04,2985.630,2974.210,2991.030,2953.320,86833095.000
2026-03-05,2993.590,2988.450,3001.020,2978.090,63797904.000
2026-03-06,2972.590,2992.700,2999.720,2970.580,50536462.000
2026-03-09,2963.200,2962.990,2970.950,2933.920,78658126.000
2026-03-10,2973.820,2981.840,2985.310,2969.910,54226915.000
2026-03-11,2983.460,2985.340,2988.750,2970.830,56031984.000
2026-03-12,2978.120,2971.560,2985.550,2954.300,55644111.000
2026-03-13,2961.730,2956.850,2977.840,2951.700,68633013.000
2026-03-16,2952.420,2954.090,2955.000,2927.940,59596018.000
2026-03-17,2957.010,2963.580,2995.230,2956.160,62604978.000
2026-03-18,2965.860,2961.430,2970.190,2939.750,54413790.000
2026-03-19,2933.580,2916.230,2942.460,2908.440,67079441.000
2026-03-20,2914.850,2883.860,2924.380,2881.950,66097073.000
2026-03-23,2847.520,2792.330,2847.780,2779.600,86976633.000
2026-03-24,2813.500,2830.850,2831.270,2790.800,63312736.000
2026-03-25,2845.410,2859.530,2862.570,2842.190,63965550.000
2026-03-26,2854.500,2824.670,2862.330,2819.070,52322127.000
2026-03-27,2803.500,2837.310,2845.830,2803.500,46525441.000
2026-03-30,2814.830,2833.210,2835.830,2806.030,49112625.000
2026-03-31,2844.410,2826.120,2865.520,2826.120,57096016.000
2026-04-01,2863.490,2878.790,2882.670,2856.970,50695580.000
2026-04-02,2873.830,2853.450,2873.830,2840.640,46918994.000
2026-04-03,2856.560,2830.600,2857.510,2827.090,36331378.000
2026-04-07,2830.130,2830.520,2843.170,2824.180,36809593.000
2026-04-08,2872.030,2907.070,2907.790,2872.030,58736612.000
2026-04-09,2888.400,2884.760,2891.870,2877.550,38673621.000
2026-04-10,2900.500,2899.580,2915.700,2894.680,42529531.000
2026-04-13,2888.420,2899.470,2902.710,2884.660,40492045.000
2026-04-14,2918.510,2924.180,2924.220,2899.860,41834366.000
2026-04-15,2939.520,2934.220,2953.070,2931.630,47270766.000
2026-04-16,2937.760,2939.760,2948.120,2930.770,41117930.000
2026-04-17,2920.850,2910.870,2924.130,2906.950,41874842.000
2026-04-20,2911.860,2933.650,2935.290,2911.740,47728324.000
2026-04-21,2931.610,2932.070,2937.420,2920.280,46327358.000
2026-04-22,2927.860,2930.580,2935.110,2922.330,45443426.000
2026-04-23,2938.170,2927.930,2941.200,2912.560,53650898.000
2026-04-24,2925.900,2945.040,2948.410,2914.260,42443653.000
2026-04-27,2944.030,2939.050,2955.450,2934.670,43975110.000
2026-04-28,2938.060,2950.420,2963.360,2937.550,49049059.000
2026-04-29,2937.810,2967.500,2968.960,2937.290,61159880.000
2026-04-30,2972.050,2985.500,2989.050,2971.290,62185756.000
2026-05-06,3010.320,3026.440,3037.260,3001.980,67902951.000
2026-05-07,3034.980,3029.190,3040.400,3020.900,58400076.000
2026-05-08,3014.470,3003.580,3015.410,2990.010,50496714.000
2026-05-11,3021.740,3041.630,3047.900,3009.540,69411115.000
2026-05-12,3045.220,3043.560,3058.380,3036.170,66094509.000
2026-05-13,3029.120,3047.250,3049.170,3018.850,64397463.000
2026-05-14,3056.850,2996.570,3059.790,2995.820,63245575.000
2026-05-15,2992.260,2957.600,3001.630,2945.650,63890671.000
2026-05-18,2947.250,2934.960,2954.630,2921.180,59652492.000
2026-05-19,2929.070,2954.060,2955.070,2918.970,58276856.000
2026-05-20,2940.260,2953.750,2964.780,2937.570,57517820.000
2026-05-21,2972.530,2920.930,2998.900,2920.410,63684730.000
2026-05-22,2937.120,2923.520,2939.600,2908.090,52383259.000
2026-05-25,2932.240,2968.700,2969.760,2929.380,48439446.000
2026-05-26,2954.490,2973.390,2976.950,2945.550,55109956.000
2026-05-27,2969.800,2934.710,2975.970,2921.820,56055809.000
2026-05-28,2923.210,2914.190,2928.180,2893.570,51956901.000
2026-05-29,2919.640,2921.080,2938.490,2910.570,68498404.000
2026-06-01,2918.120,2893.720,2922.820,2887.760,59735341.000
2026-06-02,2897.970,2920.270,2931.570,2892.260,59976138.000
2026-06-03,2913.210,2920.920,2939.720,2906.830,55851090.000
2026-06-04,2902.270,2891.350,2918.660,2884.200,44658739.000
2026-06-05,2883.280,2865.870,2908.680,2859.210,53324704.000
2026-06-08,2818.680,2825.010,2846.510,2806.330,64588253.000
2026-06-09,2830.880,2842.690,2844.230,2814.830,54030711.000
2026-06-10,2829.650,2850.370,2859.920,2826.860,58977177.000
2026-06-11,2842.670,2845.920,2852.210,2827.860,51843492.000
2026-06-12,2864.990,2890.800,2901.650,2851.540,80282609.000
2026-06-15,2919.690,2938.650,2946.020,2915.150,77484232.000
2026-06-16,2933.960,2913.990,2936.700,2904.360,57244026.000
2026-06-17,2905.210,2934.470,2936.610,2901.420,53482882.000
2026-06-18,2926.490,2928.750,2956.230,2924.340,70913574.000
2026-06-22,2929.730,3012.650,3015.160,2915.540,81229823.000
2026-06-23,2998.030,2926.830,3019.340,2913.240,78188130.000
2026-06-24,2919.850,2943.900,2948.060,2919.850,64239800.000
2026-06-25,2944.450,2977.570,2993.020,2942.550,70442506.000
2026-06-26,2961.040,2906.940,2965.410,2887.760,63782469.000
2026-06-29,2911.340,2991.080,2991.520,2904.930,64564586.000
2026-06-30,2972.350,2989.400,2993.480,2963.450,60119438.000
2026-07-01,2976.360,2985.240,3015.630,2966.360,63271373.000
2026-07-02,2938.770,2912.280,2957.880,2905.850,65860430.000
2026-07-03,2917.520,2931.280,2957.260,2917.480,59887384.000
2026-07-06,2949.920,2957.970,2966.280,2920.830,60119225.000
2026-07-07,2932.810,2921.890,2952.490,2910.660,52000887.000
2026-07-08,2929.900,2920.840,2955.520,2915.800,51438184.000
2026-07-09,2926.140,2995.790,2999.490,2921.880,57288370.000
2026-07-10,2996.840,2955.520,3026.430,2955.490,60340926.000
2026-07-13,2931.500,2913.190,2952.930,2901.460,63724276.000
2026-07-14,2909.930,2955.550,2955.550,2875.360,66998208.000
2026-07-15,2955.760,2967.070,2983.410,2948.090,61948548.000
2026-07-16,2927.320,2904.120,2948.950,2892.050,56028390.000
2026-07-17,2887.090,2827.670,2890.100,2814.360,71440659.000
2026-07-20,2852.250,2912.850,2912.850,2852.250,89029484.000
2026-07-21,2953.010,2973.810,2973.830,2904.480,81847855.000
2026-07-22,2954.880,2991.050,3008.380,2954.880,68932547.000
2026-07-23,3003.500,2978.770,3003.500,2966.900,57487362.000
2026-07-24,2971.510,2956.350,2971.950,2941.300,58354918.000
2026-07-27,2976.920,2950.430,2976.920,2919.460,50914045.000
2026-07-28,2921.310,2923.210,2931.150,2901.730,57573435.000
2026-07-29,2948.710,2915.190,2948.710,2885.190,59101624.000
2026-07-30,2902.380,2926.480,2932.720,2881.520,67933842.000
2026-07-31,2944.940,2922.970,2946.170,2919.410,71093350.000
2026-08-03,2908.510,2887.050,2912.210,2873.560,56922898.000
2026-08-04,2890.990,2878.670,2892.400,2867.930,61034778.000
2026-08-05,2882.510,2924.060,2932.400,2882.510,65892828.000
2026-08-06,2913.410,2920.130,2925.670,2906.450,57873659.000
2026-08-07,2917.440,2960.420,2960.940,2913.590,51340661.000
2026-08-10,2963.240,2967.730,2980.640,2954.620,47915780.000
2026-08-11,2956.600,2929.930,2971.400,2928.190,49597706.000
2026-08-12,2931.320,2938.390,2944.000,2925.040,44165531.000
2026-08-13,2945.500,2928.120,2960.240,2925.800,51964381.000
2026-08-14,2931.940,2916.130,2932.840,2905.110,41361259.000
2026-08-17,2913.680,2945.410,2946.420,2907.710,40713066.000
2026-08-18,2940.530,2940.700,2944.600,2917.330,44218552.000
2026-08-19,2913.750,2895.570,2918.060,2875.750,58808786.000
2026-08-20,2902.960,2881.440,2911.720,2872.970,50439961.000
2026-08-21,2875.650,2883.550,2891.590,2872.130,40134361.000
2026-08-24,2882.640,2870.800,2888.420,2857.300,53574024.000
2026-08-25,2864.460,2875.510,2881.120,2859.290,42229002.000
2026-08-26,2871.890,2905.080,2914.180,2870.420,45323454.000
2026-08-27,2905.250,2930.310,2931.110,2905.250,45685702.000
2026-08-28,2920.800,2923.330,2933.470,2916.710,40038981.000
2026-08-31,2896.970,2936.880,2936.880,2895.890,57458225.000
2026-09-01,2930.400,2941.820,2950.150,2926.810,49469069.000
2026-09-02,2927.810,2914.440,2930.990,2905.770,45281228.000
2026-09-03,2924.370,2919.500,2938.360,2910.930,43121542.000
2026-09-04,2929.150,2923.810,2956.550,2914.010,43461205.000
