date,open,close,high,low,volume
2019-01-02,1250.620,1228.770,1251.230,1226.870,37899531.000
2019-01-03,1226.740,1214.500,1240.290,1213.870,46874281.000
2019-01-04,1203.670,1245.160,1246.390,1201.800,57771140.000
2019-01-07,1250.400,1268.060,1270.360,1244.820,63864037.000
2019-01-08,1262.200,1263.510,1270.430,1258.570,59502582.000
2019-01-09,1263.730,1262.520,1285.310,1258.620,67379457.000
2019-01-10,1262.100,1258.990,1270.660,1255.740,60079139.000
2019-01-11,1260.000,1261.560,1266.670,1252.300,57687061.000
2019-01-14,1263.020,1246.000,1264.040,1243.530,56699158.000
2019-01-15,1243.930,1266.270,1267.650,1238.590,58126895.000
2019-01-16,1267.140,1267.300,1277.270,1262.270,55111235.000
2019-01-17,1267.820,1251.410,1267.820,1251.150,51818064.000
2019-01-18,1255.600,1269.500,1270.000,1248.850,50640530.000
2019-01-21,1271.390,1274.790,1283.140,1266.800,51088753.000
2019-01-22,1273.470,1252.240,1273.470,1247.450,47440492.000
2019-01-23,1250.830,1251.130,1255.410,1244.940,41704004.000
2019-01-24,1252.380,1265.160,1272.490,1248.060,50755540.000
2019-01-25,1266.630,1265.490,1276.990,1261.410,51347193.000
2019-01-28,1272.370,1259.740,1279.820,1257.530,51305174.000
2019-01-29,1259.800,1243.590,1259.800,1229.480,51543345.000
2019-01-30,1238.280,1230.820,1248.960,1230.820,41711934.000
2019-01-31,1231.000,1227.990,1243.590,1220.950,52366207.000
2019-02-01,1233.380,1271.270,1272.190,1233.380,46354210.000
2019-02-11,1275.220,1316.100,1319.180,1274.730,52224416.000
2019-02-12,1316.910,1332.270,1336.140,1314.910,58697467.000
2019-02-13,1335.160,1357.670,1362.640,1333.110,72372681.000
2019-02-14,1357.780,1361.940,1369.780,1349.470,67547726.000
2019-02-15,1360.760,1357.840,1371.960,1355.780,68019638.000
2019-02-18,1364.940,1413.600,1413.770,1364.940,91472143.000
2019-02-19,1419.040,1406.040,1427.140,1391.570,102824505.000
2019-02-20,1406.990,1408.380,1417.890,1387.900,85928762.000
2019-02-21,1405.520,1412.540,1452.390,1401.770,106419625.000
2019-02-22,1409.860,1456.300,1456.300,1407.290,98390321.000
2019-02-25,1487.300,1536.370,1538.160,1481.170,146336606.000
2019-02-26,1549.240,1546.990,1581.830,1532.440,154548729.000
2019-02-27,1544.160,1520.420,1555.590,1503.680,122573201.000
2019-02-28,1522.630,1535.680,1549.330,1519.760,98043519.000
2019-03-01,1558.900,1567.870,1568.320,1532.450,93850278.000
2019-03-04,1596.550,1619.710,1651.010,1593.260,139956931.000
2019-03-05,1615.590,1676.570,1676.570,1613.500,141562275.000
2019-03-06,1684.970,1700.500,1704.100,1661.010,162408735.000
2019-03-07,1699.600,1692.420,1719.150,1666.370,164515686.000
2019-03-08,1647.850,1654.490,1718.380,1635.450,170862330.000
2019-03-11,1673.400,1727.800,1728.330,1656.140,148764384.000
2019-03-12,1733.430,1773.430,1789.160,1733.430,175565483.000
2019-03-13,1769.550,1693.860,1769.550,1682.360,152889685.000
2019-03-14,1676.610,1650.190,1700.520,1628.640,118466693.000
2019-03-15,1667.780,1662.620,1685.080,1642.700,98734441.000
2019-03-18,1671.280,1707.060,1707.060,1652.880,95332936.000
2019-03-19,1706.190,1708.870,1730.350,1693.540,98553411.000
2019-03-20,1701.730,1687.900,1705.590,1654.300,100299384.000
2019-03-21,1683.550,1703.850,1716.450,1677.650,117792895.000
2019-03-22,1703.970,1693.870,1703.970,1660.330,100370135.000
2019-03-25,1662.760,1668.840,1695.090,1658.450,104375725.000
2019-03-26,1680.780,1630.190,1684.360,1627.230,104600710.000
2019-03-27,1640.210,1637.770,1645.560,1616.600,87928097.000
2019-03-28,1632.040,1626.820,1659.940,1624.010,86193706.000
2019-03-29,1633.380,1693.550,1693.550,1628.740,100114564.000
2019-04-01,1710.160,1760.890,1766.370,1710.160,121650996.000
2019-04-02,1771.690,1754.160,1774.980,1747.440,131529823.000
2019-04-03,1743.990,1768.180,1769.760,1739.140,111334596.000
2019-04-04,1780.280,1777.260,1784.470,1761.050,115917091.000
2019-04-08,1787.960,1739.660,1792.030,1720.000,119082024.000
2019-04-09,1734.180,1741.170,1753.520,1721.320,98511499.000
2019-04-10,1727.970,1726.640,1740.850,1714.640,116036255.000
2019-04-11,1727.220,1691.100,1732.610,1688.100,103545437.000
2019-04-12,1692.430,1695.730,1702.350,1683.290,83599278.000
2019-04-15,1721.640,1666.900,1726.200,1666.650,89210623.000
2019-04-16,1656.760,1697.530,1697.530,1638.300,95438650.000
2019-04-17,1699.190,1717.440,1729.210,1697.970,107376772.000
2019-04-18,1715.180,1704.550,1719.960,1702.930,99340776.000
2019-04-19,1704.720,1715.800,1715.800,1692.490,95607644.000
2019-04-22,1720.780,1697.510,1723.560,1690.640,102662459.000
2019-04-23,1695.270,1683.800,1706.080,1677.730,93033375.000
2019-04-24,1690.280,1718.850,1721.420,1676.640,86336153.000
2019-04-25,1709.830,1669.980,1723.660,1669.240,103488546.000
2019-04-26,1664.040,1657.820,1682.460,1653.690,82295686.000
2019-04-29,1658.190,1615.620,1661.060,1611.220,89788375.000
2019-04-30,1612.110,1623.780,1634.710,1608.720,67089716.000
2019-05-06,1551.720,1494.890,1563.610,1487.450,81031183.000
2019-05-07,1506.970,1504.160,1523.660,1474.500,71414081.000
2019-05-08,1469.240,1481.870,1515.160,1465.090,69212266.000
2019-05-09,1470.980,1469.480,1491.380,1466.970,62281924.000
2019-05-10,1489.190,1533.870,1535.160,1463.190,88878924.000
2019-05-13,1513.960,1503.060,1523.880,1494.480,68284178.000
2019-05-14,1492.900,1494.600,1517.670,1491.440,66451752.000
2019-05-15,1509.450,1528.690,1533.730,1503.670,70865256.000
2019-05-16,1528.630,1533.670,1537.590,1515.610,71206744.000
2019-05-17,1537.450,1478.750,1537.450,1472.460,85849562.000
2019-05-20,1478.200,1469.310,1481.190,1450.280,69790734.000
2019-05-21,1469.970,1493.720,1504.210,1465.880,71139761.000
2019-05-22,1493.660,1488.630,1503.810,1477.460,75104707.000
2019-05-23,1486.950,1451.240,1486.950,1449.140,79315305.000
2019-05-24,1452.040,1443.750,1465.240,1437.930,65014833.000
2019-05-27,1447.980,1491.950,1496.790,1445.790,74315057.000
2019-05-28,1497.120,1505.160,1506.780,1483.760,75525871.000
2019-05-29,1492.580,1497.890,1507.180,1488.040,66917693.000
2019-05-30,1494.350,1485.240,1495.240,1466.830,69812267.000
2019-05-31,1487.280,1483.660,1498.240,1474.530,65465278.000
2019-06-03,1489.430,1468.980,1499.010,1466.270,71768355.000
2019-06-04,1467.590,1456.270,1476.210,1448.000,63831588.000
2019-06-05,1471.950,1451.180,1475.540,1448.990,62980458.000
2019-06-06,1450.100,1416.060,1450.100,1411.610,62187252.000
2019-06-10,1422.340,1431.340,1441.170,1410.570,54225467.000
2019-06-11,1432.950,1487.350,1488.930,1430.090,83442255.000
2019-06-12,1481.420,1473.900,1486.600,1467.540,75916365.000
2019-06-13,1474.550,1479.830,1485.720,1464.840,75013262.000
2019-06-14,1478.530,1453.960,1489.470,1451.660,74768380.000
2019-06-17,1450.560,1442.350,1459.210,1437.140,56997685.000
2019-06-18,1443.650,1455.750,1460.190,1437.040,53789400.000
2019-06-19,1501.250,1469.990,1504.410,1469.590,77993089.000
2019-06-20,1469.810,1498.010,1507.620,1463.820,83670038.000
2019-06-21,1531.390,1523.810,1534.490,1515.910,103894653.000
2019-06-24,1526.700,1514.460,1526.700,1507.690,88485984.000
2019-06-25,1512.930,1498.470,1512.930,1480.270,83518680.000
2019-06-26,1490.560,1504.550,1511.530,1487.750,72317768.000
2019-06-27,1510.090,1525.240,1529.720,1507.970,82720017.000
2019-06-28,1523.790,1511.510,1523.790,1501.630,76333521.000
2019-07-01,1545.060,1568.160,1568.400,1534.560,95588571.000
2019-07-02,1565.990,1570.510,1577.030,1560.600,85373339.000
2019-07-03,1566.300,1544.360,1566.300,1538.370,71583163.000
2019-07-04,1548.560,1532.740,1551.140,1525.290,65887633.000
2019-07-05,1535.480,1547.740,1551.940,1532.860,56981127.000
2019-07-08,1547.600,1506.660,1547.600,1495.230,71985841.000
2019-07-09,1507.390,1517.790,1521.710,1501.740,51837661.000
2019-07-10,1521.950,1510.430,1523.810,1504.660,51291224.000
2019-07-11,1522.810,1514.200,1531.640,1507.700,53400624.000
2019-07-12,1517.040,1518.070,1525.690,1506.700,52203777.000
2019-07-15,1512.770,1547.470,1556.050,1496.810,71413141.000
2019-07-16,1545.340,1545.270,1551.990,1538.620,57055200.000
2019-07-17,1544.420,1550.220,1563.050,1541.370,62319513.000
2019-07-18,1542.430,1524.480,1542.660,1524.480,58632213.000
2019-07-19,1532.380,1541.980,1552.740,1532.380,54482721.000
2019-07-22,1545.910,1515.970,1545.930,1511.520,59460660.000
2019-07-23,1519.630,1534.930,1535.040,1516.860,48815543.000
2019-07-24,1539.230,1553.720,1562.130,1538.670,62182764.000
2019-07-25,1552.850,1566.080,1567.330,1549.490,58250038.000
2019-07-26,1562.200,1561.860,1565.440,1552.390,49682582.000
2019-07-29,1561.270,1566.520,1566.740,1556.380,49739310.000
2019-07-30,1568.160,1580.130,1593.690,1566.600,56056773.000
2019-07-31,1577.200,1570.390,1578.750,1567.990,49678391.000
2019-08-01,1562.530,1573.870,1578.860,1561.200,53238743.000
2019-08-02,1539.920,1556.740,1559.120,1536.400,61741259.000
2019-08-05,1552.350,1531.370,1566.730,1531.370,55998768.000
2019-08-06,1501.400,1507.910,1517.680,1478.540,74142424.000
2019-08-07,1520.580,1500.250,1523.620,1500.070,51855359.000
2019-08-08,1512.270,1522.970,1526.180,1511.340,48632470.000
2019-08-09,1532.980,1507.710,1536.250,1504.890,53389191.000
2019-08-12,1511.320,1539.910,1539.910,1506.680,51313082.000
2019-08-13,1526.080,1524.360,1535.980,1519.010,48041894.000
2019-08-14,1546.210,1536.660,1551.440,1534.850,58219586.000
2019-08-15,1507.950,1555.770,1556.010,1505.430,61485833.000
2019-08-16,1554.720,1567.990,1584.380,1553.820,64693983.000
2019-08-19,1586.010,1622.840,1622.840,1581.710,89620554.000
2019-08-20,1624.800,1611.590,1630.320,1607.400,83911540.000
2019-08-21,1614.300,1609.830,1616.080,1605.400,67621491.000
2019-08-22,1614.130,1613.460,1615.610,1599.310,68810035.000
2019-08-23,1614.540,1615.560,1623.190,1605.010,71199829.000
2019-08-26,1588.550,1600.800,1608.200,1587.900,66665918.000
2019-08-27,1611.900,1628.120,1646.870,1610.000,80858368.000
2019-08-28,1629.990,1625.190,1632.690,1617.250,75561575.000
2019-08-29,1625.960,1620.860,1632.960,1615.570,77118266.000
2019-08-30,1630.050,1610.900,1637.260,1600.450,89764724.000
2019-09-02,1614.030,1652.290,1655.420,1610.810,85920279.000
2019-09-03,1656.050,1660.430,1662.380,1646.920,88876711.000
2019-09-04,1656.590,1669.410,1669.410,1650.030,88852061.000
2019-09-05,1682.440,1689.050,1708.970,1682.440,115982552.000
2019-09-06,1699.660,1692.240,1700.190,1674.670,94286868.000
2019-09-09,1702.990,1733.230,1733.230,1691.940,112397120.000
2019-09-10,1733.630,1725.310,1734.970,1715.750,109761197.000
2019-09-11,1730.350,1703.540,1736.180,1700.910,94464744.000
2019-09-12,1713.590,1710.570,1715.330,1695.290,82485893.000
2019-09-16,1715.920,1714.370,1723.110,1703.380,93380674.000
2019-09-17,1710.770,1677.990,1710.770,1671.070,95946159.000
2019-09-18,1683.150,1679.310,1687.110,1668.660,77797993.000
2019-09-19,1684.930,1705.600,1706.860,1676.500,77939585.000
2019-09-20,1709.230,1705.050,1716.840,1701.400,81861383.000
2019-09-23,1699.340,1684.320,1699.340,1669.890,78227222.000
2019-09-24,1685.120,1694.600,1706.820,1678.180,85258936.000
2019-09-25,1686.190,1672.650,1689.230,1670.680,83686812.000
2019-09-26,1677.790,1623.790,1680.930,1623.650,85389488.000
2019-09-27,1628.140,1647.530,1653.060,1624.750,66989739.000
2019-09-30,1648.900,1627.550,1651.870,1626.050,57100676.000
2019-10-08,1631.920,1616.580,1638.720,1615.160,56130708.000
2019-10-09,1613.020,1622.420,1623.180,1601.810,54507433.000
2019-10-10,1632.220,1666.970,1668.170,1627.430,65454119.000
2019-10-11,1667.950,1666.830,1675.740,1654.560,73142654.000
2019-10-14,1678.790,1679.380,1690.940,1671.090,81755294.000
2019-10-15,1676.240,1660.890,1676.240,1659.110,84824386.000
2019-10-16,1661.000,1656.370,1671.770,1655.300,71384315.000
2019-10-17,1657.930,1658.260,1664.100,1652.430,62932494.000
2019-10-18,1662.610,1648.630,1674.920,1644.270,69621792.000
2019-10-21,1651.290,1644.510,1651.290,1628.930,65727686.000
2019-10-22,1649.760,1666.870,1667.210,1647.310,66785190.000
2019-10-23,1668.710,1650.290,1672.430,1646.980,67317979.000
2019-10-24,1650.790,1653.860,1658.390,1640.160,63894840.000
2019-10-25,1655.290,1675.340,1677.030,1649.140,66393594.000
2019-10-28,1687.370,1704.420,1704.780,1684.110,92214079.000
2019-10-29,1702.150,1686.580,1706.310,1686.580,98225986.000
2019-10-30,1684.600,1684.080,1689.830,1672.100,78073735.000
2019-10-31,1688.420,1671.310,1693.390,1669.330,68010322.000
2019-11-01,1667.860,1687.000,1688.710,1663.610,64583252.000
2019-11-04,1689.580,1699.920,1707.110,1689.000,67321000.000
2019-11-05,1704.060,1713.290,1718.180,1695.400,64748531.000
2019-11-06,1720.680,1703.020,1721.100,1696.790,64296773.000
2019-11-07,1698.630,1715.580,1724.370,1695.340,61746938.000
2019-11-08,1724.400,1711.220,1731.000,1709.960,65839680.000
2019-11-11,1699.170,1673.130,1700.280,1671.670,65448503.000
2019-11-12,1676.430,1671.440,1679.730,1654.910,56920943.000
2019-11-13,1673.550,1681.790,1683.630,1666.570,51317667.000
2019-11-14,1682.870,1692.580,1696.730,1681.070,54779580.000
2019-11-15,1692.080,1674.780,1695.970,1674.780,61722545.000
2019-11-18,1671.590,1682.490,1683.460,1665.110,52224997.000
2019-11-19,1685.750,1729.080,1729.160,1683.570,67367355.000
2019-11-20,1730.030,1719.660,1745.090,1717.010,69311267.000
2019-11-21,1713.440,1713.200,1726.760,1706.880,56086057.000
2019-11-22,1721.880,1679.800,1736.830,1670.930,72448378.000
2019-11-25,1682.230,1661.770,1684.450,1652.540,59748924.000
2019-11-26,1667.780,1679.080,1679.730,1659.030,55443958.000
2019-11-27,1671.150,1674.390,1686.490,1659.000,52869133.000
2019-11-28,1675.170,1673.790,1683.250,1668.160,49591082.000
2019-11-29,1670.390,1664.900,1673.230,1647.290,49298765.000
2019-12-02,1670.160,1669.540,1680.240,1665.110,50711154.000
2019-12-03,1664.790,1675.390,1675.420,1647.670,54839039.000
2019-12-04,1666.600,1673.780,1683.790,1663.930,52555544.000
2019-12-05,1681.250,1709.830,1714.080,1679.400,63428042.000
2019-12-06,1711.640,1726.800,1726.800,1707.220,66525918.000
2019-12-09,1733.480,1721.070,1734.060,1715.390,70982449.000
2019-12-10,1715.710,1734.020,1734.020,1711.010,75974593.000
2019-12-11,1730.400,1718.260,1733.740,1713.900,77995587.000
2019-12-12,1720.420,1720.990,1733.750,1716.780,78031036.000
2019-12-13,1738.560,1755.410,1757.750,1733.120,81972539.000
2019-12-16,1760.800,1780.330,1780.330,1752.010,96066630.000
2019-12-17,1782.980,1801.620,1807.950,1780.520,108961727.000
2019-12-18,1798.400,1792.420,1804.380,1787.230,105321415.000
2019-12-19,1792.710,1790.440,1797.020,1781.030,100376984.000
2019-12-20,1792.050,1771.710,1798.380,1771.710,95294231.000
2019-12-23,1763.730,1736.620,1775.010,1735.720,83578134.000
2019-12-24,1742.890,1769.870,1769.890,1742.860,72078880.000
2019-12-25,1766.220,1784.390,1787.500,1764.810,81747977.000
2019-12-26,1784.430,1793.640,1793.640,1777.700,77388718.000
2019-12-27,1795.410,1767.580,1805.190,1767.170,91075748.000
2019-12-30,1763.580,1790.240,1790.910,1749.160,79328426.000
2019-12-31,1790.800,1798.120,1804.820,1787.450,70185624.000
2020-01-02,1811.220,1832.740,1839.410,1797.540,104308809.000
2020-01-03,1836.860,1836.010,1842.560,1821.670,102278947.000
2020-01-06,1825.550,1859.920,1876.460,1824.350,123882597.000
2020-01-07,1866.260,1893.210,1893.210,1866.260,117716464.000
2020-01-08,1881.010,1862.700,1892.580,1858.280,124252640.000
2020-01-09,1884.420,1913.140,1913.780,1884.420,111039941.000
2020-01-10,1917.610,1904.190,1917.830,1894.670,101909878.000
2020-01-13,1905.400,1935.070,1935.070,1893.570,97008284.000
2020-01-14,1941.120,1922.560,1945.770,1922.130,104559052.000
2020-01-15,1920.660,1924.240,1928.690,1902.610,96262132.000
2020-01-16,1924.520,1929.960,1936.030,1917.560,90789901.000
2020-01-17,1935.300,1932.510,1949.040,1928.350,87891982.000
2020-01-20,1940.120,1982.180,1982.180,1935.830,96129782.000
2020-01-21,1979.370,1967.030,1987.660,1959.440,97771047.000
2020-01-22,1958.080,1993.900,2004.390,1928.030,104920752.000
2020-01-23,1973.330,1927.740,1996.550,1904.280,115766356.000
2020-02-03,1769.160,1795.770,1830.810,1769.160,55016176.000
2020-02-04,1786.160,1882.690,1886.800,1786.160,137879858.000
2020-02-05,1908.970,1939.620,1966.260,1901.800,128392844.000
2020-02-06,1934.980,2012.250,2014.880,1918.660,139859248.000
2020-02-07,2014.160,2015.800,2025.320,1976.790,150570021.000
2020-02-10,2019.310,2042.180,2043.680,2007.220,140850193.000
2020-02-11,2044.220,2028.440,2046.810,2015.760,114694176.000
2020-02-12,2024.380,2085.280,2086.940,2022.680,125141580.000
2020-02-13,2080.820,2064.600,2093.370,2052.570,132454668.000
2020-02-14,2063.310,2069.220,2104.010,2049.260,120465864.000
2020-02-17,2089.210,2146.180,2146.180,2089.210,137288265.000
2020-02-18,2149.300,2170.950,2170.950,2134.340,151987308.000
2020-02-19,2168.850,2139.440,2171.950,2137.410,153374702.000
2020-02-20,2151.420,2186.740,2190.500,2140.060,149959190.000
2020-02-21,2191.980,2226.640,2247.420,2189.250,171554382.000
2020-02-24,2223.190,2263.970,2271.700,2213.820,174379828.000
2020-02-25,2218.330,2287.310,2293.460,2171.680,203878173.000
2020-02-26,2248.650,2180.700,2263.070,2173.200,181700143.000
2020-02-27,2200.380,2196.710,2233.760,2163.880,151009506.000
2020-02-28,2114.320,2071.570,2155.970,2068.930,163640946.000
2020-03-02,2110.450,2135.420,2153.220,2082.970,135581757.000
2020-03-03,2190.500,2173.350,2238.730,2151.520,164936782.000
2020-03-04,2159.860,2169.440,2180.430,2122.450,136894653.000
2020-03-05,2206.080,2209.590,2216.820,2176.490,153722439.000
2020-03-06,2178.500,2192.940,2220.360,2175.010,132655706.000
2020-03-09,2151.270,2093.060,2163.730,2091.860,147291766.000
2020-03-10,2083.200,2148.810,2151.450,2052.060,146435946.000
2020-03-11,2157.930,2101.460,2162.600,2100.510,138201955.000
2020-03-12,2070.220,2045.930,2076.010,2025.910,116725612.000
2020-03-13,1937.950,2030.580,2055.330,1937.950,139508390.000
2020-03-16,2034.750,1910.770,2036.730,1902.400,141969967.000
2020-03-17,1941.200,1917.700,1955.620,1847.510,118215892.000
2020-03-18,1941.300,1887.040,1980.790,1887.040,119135600.000
2020-03-19,1898.760,1894.940,1908.690,1838.310,111763653.000
2020-03-20,1923.960,1915.050,1928.880,1878.850,99447957.000
2020-03-23,1856.300,1827.050,1884.450,1819.770,100245520.000
2020-03-24,1869.040,1876.910,1880.860,1817.550,107738326.000
2020-03-25,1924.990,1937.850,1940.070,1915.530,109371605.000
2020-03-26,1922.790,1927.280,1948.630,1914.350,91010077.000
2020-03-27,1955.870,1903.880,1957.700,1902.790,88595916.000
2020-03-30,1875.310,1860.480,1877.500,1833.010,93248637.000
2020-03-31,1876.690,1871.920,1886.270,1862.860,75089026.000
2020-04-01,1875.360,1864.800,1900.180,1862.270,79588690.000
2020-04-02,1860.080,1916.950,1916.950,1857.320,83463907.000
2020-04-03,1912.740,1906.670,1928.340,1898.790,78491578.000
2020-04-07,1944.960,1969.780,1972.870,1942.800,93934406.000
2020-04-08,1960.360,1964.760,1974.720,1956.900,102688836.000
2020-04-09,1981.240,1997.140,2001.360,1975.040,102822082.000
2020-04-10,1990.260,1949.880,1994.350,1943.690,117673204.000
2020-04-13,1929.800,1923.080,1937.330,1913.960,82726406.000
2020-04-14,1937.290,1985.430,1985.430,1934.480,87774176.000
2020-04-15,1991.600,1977.510,2002.760,1975.800,92250820.000
2020-04-16,1970.730,2008.390,2012.460,1968.250,94386726.000
2020-04-17,2025.650,2020.770,2048.280,2015.830,108220064.000
2020-04-20,2027.840,2043.440,2043.560,2022.590,94948122.000
2020-04-21,2035.770,2023.940,2035.770,1996.960,100837496.000
2020-04-22,2005.650,2043.170,2043.560,2002.960,96548430.000
2020-04-23,2053.120,2029.520,2057.850,2027.330,101770887.000
2020-04-24,2032.550,2003.750,2038.240,1997.120,98175462.000
2020-04-27,2011.160,2018.670,2035.890,1995.510,84520651.000
2020-04-28,2023.960,2030.720,2046.930,1967.400,98202547.000
2020-04-29,2022.510,2030.480,2053.380,2020.980,74031472.000
2020-04-30,2044.680,2069.430,2077.810,2043.820,92259395.000
2020-05-06,2052.390,2110.270,2111.660,2051.290,88958108.000
2020-05-07,2113.750,2106.840,2116.230,2095.740,87730690.000
2020-05-08,2117.870,2125.240,2137.790,2112.890,86308598.000
2020-05-11,2137.980,2102.830,2139.670,2088.660,88158883.000
2020-05-12,2106.220,2124.150,2125.320,2092.580,82133007.000
2020-05-13,2120.010,2140.680,2145.020,2116.550,76039748.000
2020-05-14,2131.460,2117.650,2137.140,2116.350,83797583.000
2020-05-15,2128.880,2124.310,2138.970,2109.550,82473693.000
2020-05-18,2122.310,2114.860,2137.150,2096.250,91835861.000
2020-05-19,2137.420,2144.120,2144.980,2128.890,79874086.000
2020-05-20,2149.290,2118.120,2153.240,2112.090,86947433.000
2020-05-21,2130.960,2099.430,2138.720,2092.540,78795762.000
2020-05-22,2099.420,2046.600,2099.420,2036.680,77402719.000
2020-05-25,2049.710,2052.300,2055.190,2036.000,65445850.000
2020-05-26,2070.140,2112.970,2113.290,2067.140,74688074.000
2020-05-27,2114.070,2071.470,2114.860,2064.410,79251186.000
2020-05-28,2071.170,2054.960,2075.870,2021.980,79237094.000
2020-05-29,2049.750,2086.670,2090.300,2043.950,81707121.000
2020-06-01,2105.240,2158.220,2163.350,2105.240,107881046.000
2020-06-02,2164.990,2145.290,2164.990,2132.400,104579153.000
2020-06-03,2151.500,2143.120,2165.450,2139.990,105267979.000
2020-06-04,2150.500,2151.390,2157.280,2137.350,90592752.000
2020-06-05,2152.420,2166.380,2166.380,2143.280,88300815.000
2020-06-08,2184.580,2153.560,2186.970,2147.860,93822482.000
2020-06-09,2160.340,2181.590,2186.470,2147.170,87758747.000
2020-06-10,2186.560,2201.990,2205.270,2180.350,87498423.000
2020-06-11,2202.140,2195.640,2236.080,2181.590,99893149.000
2020-06-12,2149.960,2206.760,2220.970,2147.420,100475912.000
2020-06-15,2223.430,2219.550,2256.650,2217.290,112025959.000
2020-06-16,2246.890,2260.460,2261.180,2239.340,108897750.000
2020-06-17,2265.090,2263.960,2274.490,2248.720,116002772.000
2020-06-18,2266.880,2266.030,2270.110,2243.630,108983630.000
2020-06-19,2271.650,2319.450,2328.580,2271.590,100219601.000
2020-06-22,2328.400,2342.880,2358.910,2328.400,104120544.000
2020-06-23,2344.050,2382.050,2382.330,2335.220,98534784.000
2020-06-24,2386.260,2382.470,2397.360,2367.680,93198978.000
2020-06-29,2375.990,2372.540,2387.160,2360.160,94748211.000
2020-06-30,2387.590,2438.200,2441.900,2387.590,95645911.000
2020-07-01,2449.870,2419.630,2450.840,2381.590,102164493.000
2020-07-02,2418.310,2424.390,2435.120,2397.690,113172178.000
2020-07-03,2426.300,2462.560,2467.500,2408.000,121657183.000
2020-07-06,2469.240,2529.490,2535.710,2460.130,160596288.000
2020-07-07,2548.410,2591.260,2632.810,2538.820,178290023.000
2020-07-08,2603.650,2651.970,2653.070,2577.480,157824921.000
2020-07-09,2649.450,2757.650,2771.220,2646.470,188232613.000
2020-07-10,2744.610,2778.460,2799.000,2734.970,166475242.000
2020-07-13,2789.980,2889.430,2896.310,2789.980,168284800.000
2020-07-14,2876.850,2858.670,2892.890,2789.040,178742672.000
2020-07-15,2866.240,2813.060,2894.420,2787.830,169519164.000
2020-07-16,2814.800,2646.260,2849.100,2638.170,152471917.000
2020-07-17,2659.450,2662.400,2726.280,2618.680,119000950.000
2020-07-20,2707.610,2697.300,2717.000,2619.030,116014825.000
2020-07-21,2708.130,2736.510,2745.050,2692.870,114653687.000
2020-07-22,2725.450,2769.030,2807.420,2716.450,122934185.000
2020-07-23,2740.410,2799.670,2799.670,2707.550,131398481.000
2020-07-24,2769.970,2627.840,2781.790,2614.780,148408028.000
2020-07-27,2639.260,2631.760,2671.450,2605.770,104460639.000
2020-07-28,2668.250,2666.520,2677.740,2627.650,102525677.000
2020-07-29,2659.940,2767.400,2768.170,2652.900,119939648.000
2020-07-30,2782.110,2743.630,2787.380,2734.060,125904640.000
2020-07-31,2747.410,2795.400,2817.420,2741.440,128758028.000
2020-08-03,2831.350,2868.880,2870.650,2801.110,150165189.000
2020-08-04,2863.320,2832.840,2893.400,2819.010,143951678.000
2020-08-05,2826.410,2860.240,2875.440,2803.770,126667244.000
2020-08-06,2868.820,2814.370,2868.820,2774.690,135418059.000
2020-08-07,2807.100,2749.950,2823.970,2703.130,130208075.000
2020-08-10,2735.430,2735.260,2757.430,2693.730,114416028.000
2020-08-11,2740.150,2688.700,2774.900,2686.190,116626968.000
2020-08-12,2689.580,2635.500,2694.950,2577.710,114210808.000
2020-08-13,2657.200,2622.640,2660.710,2611.140,98316982.000
2020-08-14,2624.830,2668.710,2669.480,2615.630,98734235.000
2020-08-17,2682.210,2696.390,2696.700,2652.050,117568784.000
2020-08-18,2702.420,2701.060,2724.040,2689.030,120061423.000
2020-08-19,2695.890,2612.840,2695.890,2612.840,117062321.000
2020-08-20,2592.880,2587.860,2629.290,2578.390,96989274.000
2020-08-21,2611.540,2632.450,2644.020,2607.820,107788142.000
2020-08-24,2653.630,2684.630,2704.800,2592.660,139892574.000
2020-08-25,2687.290,2701.600,2737.470,2683.190,184569998.000
2020-08-26,2701.480,2644.140,2717.800,2635.130,182394719.000
2020-08-27,2653.740,2689.170,2699.880,2637.420,194445373.000
2020-08-28,2687.230,2757.840,2762.890,2680.490,192629571.000
2020-08-31,2769.830,2728.310,2779.520,2726.680,172379101.000
2020-09-01,2721.180,2750.420,2750.420,2701.560,169326637.000
2020-09-02,2753.930,2771.850,2785.350,2731.410,261898138.000
2020-09-03,2766.980,2746.950,2789.120,2738.130,235159947.000
2020-09-04,2690.290,2732.150,2739.900,2686.870,219786642.000
2020-09-07,2728.740,2641.200,2745.610,2628.860,279798272.000
2020-09-08,2648.440,2650.630,2663.690,2612.640,287026737.000
2020-09-09,2609.130,2523.400,2609.370,2506.900,333012910.000
2020-09-10,2551.300,2483.030,2565.850,2477.670,258696292.000
2020-09-11,2474.700,2536.620,2542.130,2474.700,181158237.000
2020-09-14,2568.010,2572.600,2604.390,2548.090,215760890.000
2020-09-15,2578.690,2595.150,2599.540,2563.070,199711778.000
2020-09-16,2597.640,2554.800,2597.640,2540.020,168027775.000
2020-09-17,2551.290,2557.320,2582.260,2521.600,167239057.000
2020-09-18,2558.290,2596.080,2600.580,2537.840,168612432.000
2020-09-21,2605.550,2569.220,2607.650,2565.040,156039995.000
2020-09-22,2556.460,2555.540,2596.810,2547.360,153335234.000
2020-09-23,2563.710,2599.880,2608.420,2549.340,151394835.000
2020-09-24,2576.040,2535.870,2583.620,2535.870,151494434.000
2020-09-25,2551.440,2540.430,2570.360,2529.130,114819788.000
2020-09-28,2551.780,2521.250,2555.020,2517.040,105450515.000
2020-09-29,2538.360,2563.380,2579.270,2521.700,104691543.000
2020-09-30,2575.460,2574.760,2601.800,2561.050,104697400.000
2020-10-09,2632.590,2672.930,2679.010,2629.220,127638012.000
2020-10-12,2702.160,2777.390,2777.390,2698.760,176260460.000
2020-10-13,2769.660,2784.720,2792.970,2754.150,183299978.000
2020-10-14,2777.890,2764.240,2793.490,2759.540,169506569.000
2020-10-15,2767.170,2737.960,2770.340,2735.340,151819391.000
2020-10-16,2735.680,2724.500,2754.350,2697.250,141887297.000
2020-10-19,2750.950,2689.670,2752.760,2684.460,150111919.000
2020-10-20,2698.050,2740.580,2740.580,2686.820,157330282.000
2020-10-21,2746.730,2700.530,2746.730,2689.340,161333018.000
2020-10-22,2686.780,2673.590,2686.890,2645.750,151359942.000
2020-10-23,2680.710,2600.840,2701.460,2592.420,153680876.000
2020-10-26,2585.790,2617.740,2629.310,2555.320,133022943.000
2020-10-27,2618.700,2650.760,2656.160,2613.080,142274462.000
2020-10-28,2648.490,2670.480,2684.950,2628.470,158609084.000
2020-10-29,2635.690,2699.920,2713.880,2631.230,161399373.000
2020-10-30,2709.000,2655.860,2712.450,2647.310,173642652.000
2020-11-02,2670.520,2708.390,2721.310,2664.760,138505147.000
2020-11-03,2720.700,2744.310,2750.470,2701.070,148341523.000
2020-11-04,2747.540,2750.550,2758.420,2725.520,145125603.000
2020-11-05,2782.060,2787.880,2791.570,2744.780,157318233.000
2020-11-06,2798.550,2733.070,2798.550,2708.080,148413439.000
2020-11-09,2753.930,2814.000,2831.370,2753.930,164948290.000
2020-11-10,2811.480,2773.220,2811.480,2757.950,153553843.000
2020-11-11,2762.710,2681.520,2766.640,2681.520,125100460.000
2020-11-12,2705.760,2700.510,2721.430,2687.760,107900127.000
2020-11-13,2699.520,2706.810,2717.460,2679.090,96424476.000
2020-11-16,2716.020,2712.410,2722.520,2679.100,98640214.000
2020-11-17,2715.090,2658.090,2715.690,2626.370,112459614.000
2020-11-18,2656.890,2620.670,2680.620,2612.820,105527486.000
2020-11-19,2614.780,2645.160,2651.370,2593.830,117615007.000
2020-11-20,2649.560,2667.090,2677.130,2649.560,105833684.000
2020-11-23,2677.350,2686.360,2705.770,2653.080,111090075.000
2020-11-24,2689.800,2674.800,2700.020,2664.950,100786818.000
2020-11-25,2678.110,2615.530,2679.030,2615.530,105680514.000
2020-11-26,2616.740,2609.390,2632.870,2584.690,96422807.000
2020-11-27,2614.660,2618.990,2635.690,2594.070,92445134.000
2020-11-30,2627.870,2631.890,2653.440,2593.700,101784215.000
2020-12-01,2628.730,2698.440,2700.280,2627.450,107272561.000
2020-12-02,2697.440,2682.970,2703.250,2662.180,108326576.000
2020-12-03,2681.590,2712.520,2721.850,2670.210,103656536.000
2020-12-04,2701.370,2730.840,2736.270,2696.950,88609362.000
2020-12-07,2720.850,2726.480,2739.770,2715.930,90628690.000
2020-12-08,2736.030,2746.280,2757.340,2735.830,82537975.000
2020-12-09,2752.350,2697.830,2763.410,2693.190,101002815.000
2020-12-10,2689.210,2718.550,2734.640,2675.460,85881189.000
2020-12-11,2727.970,2687.780,2733.940,2665.100,106423087.000
2020-12-14,2695.190,2726.600,2729.070,2674.510,90804571.000
2020-12-15,2727.950,2758.850,2761.320,2720.140,85709854.000
2020-12-16,2764.340,2760.640,2771.590,2732.580,88134019.000
2020-12-17,2758.440,2785.620,2789.250,2739.160,93729080.000
2020-12-18,2787.780,2780.730,2803.110,2768.470,82883837.000
2020-12-21,2789.640,2882.440,2882.440,2783.390,88575200.000
2020-12-22,2867.210,2811.750,2888.350,2809.920,104673254.000
2020-12-23,2822.260,2842.970,2865.470,2809.790,99054392.000
2020-12-24,2838.940,2820.750,2848.340,2811.930,102202311.000
2020-12-25,2811.550,2840.800,2841.570,2793.780,87907671.000
2020-12-28,2847.120,2842.810,2861.000,2823.000,97762013.000
2020-12-29,2838.710,2813.000,2843.720,2795.650,97368670.000
2020-12-30,2828.010,2900.540,2909.190,2827.070,84564376.000
2020-12-31,2911.390,2966.260,2969.750,2909.670,87399891.000
2021-01-04,2977.320,3078.110,3094.530,2963.410,104349614.000
2021-01-05,3050.180,3097.980,3100.000,3027.760,109187299.000
2021-01-06,3113.850,3115.090,3134.760,3057.560,111972349.000
2021-01-07,3106.340,3162.400,3162.400,3086.060,126540769.000
2021-01-08,3179.370,3150.780,3194.370,3115.990,111271746.000
2021-01-11,3159.590,3092.860,3159.590,3066.740,108210138.000
2021-01-12,3079.840,3180.350,3180.350,3057.740,93867327.000
2021-01-13,3180.750,3130.300,3207.070,3100.070,104239949.000
2021-01-14,3101.960,3089.180,3142.850,3061.020,94183093.000
2021-01-15,3074.000,3089.940,3109.870,3020.780,91396640.000
2021-01-18,3078.030,3149.200,3164.580,3056.810,93923229.000
2021-01-19,3146.270,3084.490,3157.460,3074.190,106575120.000
2021-01-20,3106.350,3204.930,3204.930,3098.430,94380761.000
2021-01-21,3217.830,3283.720,3303.320,3217.830,106153641.000
2021-01-22,3282.040,3358.240,3366.690,3281.400,105032752.000
2021-01-25,3363.600,3355.240,3427.440,3333.740,103834676.000
2021-01-26,3335.440,3258.360,3335.440,3253.270,92179460.000
2021-01-27,3269.770,3281.030,3296.160,3196.090,91484094.000
2021-01-28,3219.930,3161.860,3248.020,3160.530,95663222.000
2021-01-29,3201.670,3128.860,3221.110,3070.040,98297508.000
2021-02-01,3134.790,3159.990,3189.850,3123.440,87202140.000
2021-02-02,3176.250,3228.700,3232.430,3130.760,85529207.000
2021-02-03,3245.260,3223.770,3276.230,3218.870,87356803.000
2021-02-04,3208.650,3200.550,3248.280,3155.790,86627498.000
2021-02-05,3224.850,3193.710,3256.720,3191.460,76045480.000
2021-02-08,3202.480,3278.060,3278.060,3162.590,66972657.000
2021-02-09,3291.500,3334.240,3339.970,3273.060,71738961.000
2021-02-10,3350.320,3413.810,3427.820,3314.670,69134933.000
2021-02-18,3475.890,3320.140,3476.000,3300.180,91427754.000
2021-02-19,3289.010,3285.530,3308.750,3195.950,93986268.000
2021-02-22,3278.590,3138.670,3278.590,3138.650,118336668.000
2021-02-23,3099.190,3112.360,3156.370,3090.320,88083782.000
2021-02-24,3112.720,3007.460,3125.240,2973.880,97988561.000
2021-02-25,3040.900,2977.180,3045.000,2969.030,88285851.000
2021-02-26,2907.480,2914.110,2961.030,2887.810,90275926.000
2021-03-01,2958.530,2994.750,2998.030,2935.080,90984644.000
2021-03-02,3019.100,2966.890,3023.210,2937.890,87564875.000
2021-03-03,2951.290,2997.750,2997.990,2933.830,80357922.000
2021-03-04,2962.520,2851.870,2962.520,2841.150,95795005.000
2021-03-05,2800.250,2871.970,2897.170,2800.250,105779692.000
2021-03-08,2889.080,2728.840,2905.470,2726.340,107092804.000
2021-03-09,2717.170,2633.450,2733.980,2608.240,108261659.000
2021-03-10,2708.230,2676.700,2720.250,2665.700,85425561.000
2021-03-11,2682.950,2746.580,2768.950,2677.570,83028387.000
2021-03-12,2768.580,2756.810,2771.870,2711.330,83114959.000
2021-03-15,2737.450,2644.010,2737.450,2612.450,79935707.000
2021-03-16,2664.690,2672.120,2678.920,2629.360,88291562.000
2021-03-17,2662.930,2704.140,2717.670,2631.730,84968443.000
2021-03-18,2717.270,2748.730,2760.790,2713.850,84056848.000
2021-03-19,2697.830,2671.520,2726.870,2654.000,80629029.000
2021-03-22,2683.640,2698.260,2729.100,2665.620,82721007.000
2021-03-23,2684.640,2668.080,2708.960,2641.370,90522749.000
2021-03-24,2650.370,2634.610,2678.400,2623.290,80878795.000
2021-03-25,2609.380,2656.000,2670.900,2603.940,84741034.000
2021-03-26,2672.910,2745.400,2754.300,2672.910,80652150.000
2021-03-29,2747.860,2733.960,2768.140,2716.950,79025158.000
2021-03-30,2728.490,2771.320,2779.870,2722.230,80983697.000
2021-03-31,2770.330,2758.500,2777.080,2731.220,68452039.000
2021-04-01,2766.420,2815.410,2819.410,2766.420,65051661.000
2021-04-02,2828.350,2852.230,2871.110,2820.010,68828040.000
2021-04-06,2865.440,2831.600,2871.870,2814.490,70207120.000
2021-04-07,2843.570,2807.200,2843.570,2773.670,74257327.000
2021-04-08,2793.170,2826.990,2838.940,2778.870,78439434.000
2021-04-09,2823.780,2783.330,2829.960,2772.310,69288416.000
2021-04-12,2789.780,2719.950,2813.490,2711.840,76038630.000
2021-04-13,2719.560,2742.850,2785.140,2719.560,70626205.000
2021-04-14,2753.670,2804.410,2809.160,2753.670,68452421.000
2021-04-15,2787.250,2790.640,2793.670,2761.290,68717982.000
2021-04-16,2801.740,2783.370,2802.620,2744.680,79576096.000
2021-04-19,2777.020,2898.730,2899.730,2769.650,90706317.000
2021-04-20,2880.060,2896.110,2922.030,2870.290,91430207.000
2021-04-21,2873.360,2916.970,2920.720,2867.210,76179405.000
2021-04-22,2941.300,2939.390,2950.230,2901.920,76739358.000
2021-04-23,2938.930,2994.490,3009.270,2937.940,83983192.000
2021-04-26,3019.300,2969.400,3057.120,2965.010,93732277.000
2021-04-27,2964.030,2986.030,2986.030,2946.800,87910105.000
2021-04-28,2990.700,3050.580,3052.040,2980.650,82166911.000
2021-04-29,3053.740,3051.420,3068.600,3014.550,83585825.000
2021-04-30,3040.650,3091.400,3110.160,3037.310,81081276.000
2021-05-06,3059.580,3014.810,3059.580,2961.990,74216191.000
2021-05-07,3021.870,2910.410,3026.850,2910.410,81480623.000
2021-05-10,2920.420,2921.720,2960.330,2901.080,80161307.000
2021-05-11,2898.800,2921.340,2932.480,2864.050,81060366.000
2021-05-12,2913.060,2960.360,2965.210,2887.210,82562319.000
2021-05-13,2922.730,2943.620,2967.620,2912.520,93382117.000
2021-05-14,2954.170,3033.810,3039.730,2942.980,105551583.000
2021-05-17,3049.020,3112.740,3130.200,3049.020,102722232.000
2021-05-18,3108.630,3090.120,3128.940,3068.760,84858621.000
2021-05-19,3081.220,3114.720,3128.600,3075.800,86107660.000
2021-05-20,3113.550,3143.620,3158.450,3112.560,86554521.000
2021-05-21,3162.790,3113.260,3171.900,3098.240,85093497.000
2021-05-24,3128.780,3139.690,3140.950,3075.450,87403194.000
2021-05-25,3155.270,3227.360,3232.740,3151.900,92506458.000
2021-05-26,3226.700,3196.850,3228.770,3185.770,99712490.000
2021-05-27,3192.040,3226.110,3238.450,3169.030,100394361.000
2021-05-28,3226.080,3232.290,3285.280,3215.030,102431745.000
2021-05-31,3246.150,3309.070,3309.750,3246.150,102148572.000
2021-06-01,3290.530,3300.160,3307.470,3242.900,108692165.000
2021-06-02,3309.180,3243.020,3310.490,3228.850,105011106.000
2021-06-03,3241.160,3201.780,3255.160,3201.230,99111260.000
2021-06-04,3194.390,3242.610,3281.260,3183.670,99530493.000
2021-06-07,3240.950,3228.240,3241.770,3197.910,101851187.000
2021-06-08,3227.270,3208.570,3275.780,3185.220,113862128.000
2021-06-09,3203.150,3207.630,3222.180,3183.060,106230210.000
2021-06-10,3213.440,3285.510,3301.160,3213.440,133126000.000
2021-06-11,3305.530,3298.500,3320.260,3266.360,142328260.000
2021-06-15,3298.210,3262.190,3306.440,3240.520,135815570.000
2021-06-16,3258.600,3125.700,3258.690,3122.810,140025080.000
2021-06-17,3133.910,3188.590,3197.540,3133.910,131986883.000
2021-06-18,3210.140,3239.230,3260.730,3198.290,135807223.000
2021-06-21,3235.690,3270.580,3288.740,3205.360,140970659.000
2021-06-22,3273.630,3281.990,3291.180,3220.420,152034108.000
2021-06-23,3288.760,3318.950,3341.960,3266.900,142736946.000
2021-06-24,3326.330,3279.160,3328.560,3260.030,132892484.000
2021-06-25,3288.270,3347.700,3355.880,3286.270,127420406.000
2021-06-28,3356.220,3412.860,3422.730,3345.210,119358637.000
2021-06-29,3438.880,3406.240,3445.870,3392.630,122183462.000
2021-06-30,3418.810,3477.180,3484.190,3389.960,119646224.000
2021-07-01,3486.780,3455.360,3500.740,3431.770,133199517.000
2021-07-02,3429.610,3333.900,3429.610,3329.820,119977644.000
2021-07-05,3332.490,3352.120,3387.100,3318.340,128973925.000
2021-07-06,3359.260,3291.990,3367.750,3240.870,138459689.000
2021-07-07,3278.130,3409.590,3419.700,3261.320,129431746.000
2021-07-08,3435.310,3432.960,3469.600,3418.700,153752824.000
2021-07-09,3413.020,3409.310,3428.300,3334.270,137781112.000
2021-07-12,3453.010,3534.760,3554.070,3426.010,160606048.000
2021-07-13,3518.530,3514.980,3560.880,3478.270,164077837.000
2021-07-14,3491.420,3488.630,3539.550,3464.920,156374361.000
2021-07-15,3476.110,3537.390,3537.390,3453.350,138243388.000
2021-07-16,3525.270,3432.650,3525.270,3428.980,130951905.000
2021-07-19,3438.200,3449.530,3482.090,3420.400,135626549.000
2021-07-20,3431.000,3463.790,3491.050,3418.760,127280016.000
2021-07-21,3480.700,3560.050,3568.700,3473.150,160303292.000
2021-07-22,3572.440,3544.440,3576.120,3512.720,172597708.000
2021-07-23,3539.420,3469.870,3542.280,3461.620,174156250.000
2021-07-26,3450.900,3371.230,3464.740,3292.200,163488545.000
2021-07-27,3384.460,3232.840,3423.450,3232.840,168643142.000
2021-07-28,3204.310,3284.920,3306.500,3157.990,152311021.000
2021-07-29,3375.330,3459.720,3467.900,3338.130,156644084.000
2021-07-30,3454.030,3440.180,3479.380,3402.330,171733128.000
2021-08-02,3448.260,3493.360,3500.330,3399.640,172263865.000
2021-08-03,3490.860,3477.230,3517.100,3447.140,187257777.000
2021-08-04,3463.730,3563.130,3564.270,3445.050,165124105.000
2021-08-05,3547.840,3532.500,3569.840,3507.030,174787164.000
2021-08-06,3539.970,3490.900,3548.340,3469.120,159069034.000
2021-08-09,3455.700,3456.750,3466.880,3412.860,143720714.000
2021-08-10,3453.850,3468.670,3470.970,3422.380,159164878.000
2021-08-11,3457.790,3437.060,3471.940,3422.860,170524419.000
2021-08-12,3413.520,3386.430,3439.410,3379.420,171889789.000
2021-08-13,3360.520,3345.130,3432.820,3328.700,166107673.000
2021-08-16,3330.820,3301.390,3346.800,3288.050,157289222.000
2021-08-17,3311.950,3224.150,3326.080,3211.240,169655834.000
2021-08-18,3238.260,3248.370,3269.220,3219.050,149355741.000
2021-08-19,3259.090,3278.360,3304.430,3231.360,146988302.000
2021-08-20,3256.490,3192.900,3265.630,3162.760,141494425.000
2021-08-23,3218.970,3293.770,3296.360,3202.810,162310376.000
2021-08-24,3301.860,3330.580,3351.930,3269.860,164651032.000
2021-08-25,3330.810,3348.660,3348.890,3295.460,147652045.000
2021-08-26,3361.910,3264.450,3368.650,3262.680,151206857.000
2021-08-27,3259.150,3257.070,3296.680,3243.180,148065440.000
2021-08-30,3275.970,3271.800,3316.630,3249.870,154720364.000
2021-08-31,3273.810,3214.120,3273.810,3181.350,148153770.000
2021-09-01,3214.170,3186.850,3222.470,3128.270,157238175.000
2021-09-02,3181.260,3138.800,3200.040,3133.760,142711906.000
2021-09-03,3150.300,3102.140,3165.210,3088.780,161008189.000
2021-09-06,3106.260,3228.090,3231.570,3085.150,144187607.000
2021-09-07,3222.430,3251.490,3256.530,3203.680,146501612.000
2021-09-08,3259.530,3219.950,3282.450,3215.470,171774045.000
2021-09-09,3224.450,3221.940,3244.070,3174.030,163756605.000
2021-09-10,3207.860,3232.010,3241.870,3189.970,152421662.000
2021-09-13,3231.390,3194.270,3260.330,3183.440,153534684.000
2021-09-14,3199.410,3236.550,3275.940,3197.900,158960727.000
2021-09-15,3233.150,3200.400,3234.130,3185.650,142905729.000
2021-09-16,3199.460,3128.840,3199.460,3127.790,152198805.000
2021-09-17,3124.320,3193.260,3201.450,3122.320,134558606.000
2021-09-22,3144.450,3164.330,3199.770,3141.240,112279501.000
2021-09-23,3197.260,3182.470,3210.640,3160.580,140236606.000
2021-09-24,3176.870,3207.820,3250.140,3169.500,131482179.000
2021-09-27,3228.070,3231.580,3280.300,3211.610,139566851.000
2021-09-28,3219.380,3211.450,3272.940,3202.620,98933544.000
2021-09-29,3181.980,3175.150,3209.690,3165.490,106740703.000
2021-09-30,3188.390,3244.650,3257.670,3180.910,92699790.000
2021-10-08,3259.460,3243.200,3285.730,3224.060,107041226.000
2021-10-11,3242.180,3196.190,3257.360,3190.660,102582262.000
2021-10-12,3194.010,3138.260,3196.710,3106.470,106184146.000
2021-10-13,3141.420,3210.160,3211.340,3140.020,92078027.000
2021-10-14,3216.860,3215.740,3238.150,3204.920,91124921.000
2021-10-15,3198.890,3276.320,3284.650,3187.400,100190862.000
2021-10-18,3287.040,3276.480,3287.040,3231.050,95237733.000
2021-10-19,3293.800,3297.290,3310.020,3273.550,97524323.000
2021-10-20,3304.550,3285.120,3320.330,3276.820,101313045.000
2021-10-21,3286.270,3279.490,3304.010,3256.850,99955586.000
2021-10-22,3290.540,3284.910,3309.560,3268.940,102248580.000
2021-10-25,3303.220,3338.620,3342.220,3302.490,104409541.000
2021-10-26,3370.790,3327.540,3370.790,3322.190,115421052.000
2021-10-27,3321.640,3308.960,3324.350,3283.730,116326900.000
2021-10-28,3301.910,3278.360,3335.930,3266.310,106916755.000
2021-10-29,3275.830,3350.670,3358.350,3253.040,114832780.000
2021-11-01,3341.470,3331.910,3374.540,3302.960,118892883.000
2021-11-02,3329.410,3339.600,3373.180,3307.500,126929526.000
2021-11-03,3334.410,3327.090,3363.750,3301.440,107344993.000
2021-11-04,3351.300,3362.250,3380.210,3344.760,120315841.000
2021-11-05,3354.380,3352.750,3383.300,3347.160,146071645.000
2021-11-08,3353.890,3380.290,3393.390,3341.600,142140736.000
2021-11-09,3400.970,3409.940,3409.940,3377.510,135163196.000
2021-11-10,3388.050,3399.660,3403.310,3338.460,146438327.000
2021-11-11,3396.650,3433.240,3443.960,3393.980,160049961.000
2021-11-12,3436.260,3430.140,3446.040,3409.480,159366786.000
2021-11-15,3435.620,3401.870,3435.680,3387.530,163286152.000
2021-11-16,3400.340,3393.710,3423.520,3389.550,163438148.000
2021-11-17,3413.430,3421.330,3425.570,3400.770,150039573.000
2021-11-18,3416.640,3383.910,3416.640,3374.010,158807897.000
2021-11-19,3385.830,3418.960,3419.750,3378.380,143651046.000
2021-11-22,3434.570,3505.730,3505.730,3430.590,151512706.000
2021-11-23,3501.220,3492.770,3508.900,3482.690,155539470.000
2021-11-24,3488.380,3478.660,3501.580,3469.360,160103457.000
2021-11-25,3477.600,3474.450,3490.620,3462.130,159861102.000
2021-11-26,3470.210,3468.870,3501.340,3461.190,154450649.000
2021-11-29,3455.610,3503.410,3522.500,3455.610,147618156.000
2021-11-30,3520.290,3495.590,3520.290,3472.580,160870671.000
2021-12-01,3492.440,3473.370,3501.330,3459.510,159308703.000
2021-12-02,3464.920,3466.910,3487.940,3456.310,162528852.000
2021-12-03,3467.410,3478.670,3482.460,3446.950,134108853.000
2021-12-06,3460.960,3405.930,3479.860,3403.160,139565611.000
2021-12-07,3429.760,3368.780,3429.840,3338.000,130414422.000
2021-12-08,3388.320,3424.700,3428.230,3378.280,117223017.000
2021-12-09,3422.380,3459.320,3463.650,3400.380,132985741.000
2021-12-10,3431.290,3466.800,3485.080,3429.570,131223519.000
2021-12-13,3473.390,3496.960,3508.190,3457.540,143239655.000
2021-12-14,3491.820,3495.060,3507.270,3486.910,156779354.000
2021-12-15,3492.580,3464.760,3520.470,3462.510,159256018.000
2021-12-16,3479.180,3490.450,3491.180,3467.730,153450440.000
2021-12-17,3480.510,3434.340,3486.240,3427.020,164781828.000
2021-12-20,3420.860,3332.610,3434.090,3327.790,149900130.000
2021-12-21,3328.890,3350.430,3354.920,3306.960,138275569.000
2021-12-22,3360.280,3368.700,3379.080,3354.380,153185963.000
2021-12-23,3379.810,3373.700,3389.850,3358.920,137255777.000
2021-12-24,3381.540,3297.110,3384.290,3280.940,148551196.000
2021-12-27,3296.410,3293.810,3315.750,3273.820,128810645.000
2021-12-28,3300.310,3328.560,3331.320,3280.070,133601609.000
2021-12-29,3326.080,3281.900,3326.210,3281.900,129301802.000
2021-12-30,3285.770,3322.790,3339.650,3280.310,149972058.000
2021-12-31,3342.190,3322.670,3353.570,3315.070,144676878.000
2022-01-04,3348.130,3250.160,3349.450,3238.240,177664373.000
2022-01-05,3242.440,3161.510,3245.760,3145.050,177659987.000
2022-01-06,3133.050,3127.480,3150.110,3093.040,156512905.000
2022-01-07,3137.070,3096.880,3147.230,3093.210,161234396.000
2022-01-10,3082.780,3095.690,3115.470,3051.530,131560260.000
2022-01-11,3094.700,3056.150,3103.830,3050.590,136094723.000
2022-01-12,3091.670,3136.690,3139.380,3088.780,134519226.000
2022-01-13,3145.020,3083.140,3145.020,3083.140,143819131.000
2022-01-14,3059.140,3119.410,3128.250,3057.940,158501819.000
2022-01-17,3124.630,3170.410,3176.240,3113.980,179115594.000
2022-01-18,3168.790,3144.330,3177.820,3136.250,193728704.000
2022-01-19,3139.230,3075.980,3141.280,3052.650,162485749.000
2022-01-20,3072.390,3065.990,3102.310,3056.960,170969272.000
2022-01-21,3052.980,3034.680,3069.880,3020.300,138642943.000
2022-01-24,3011.630,3056.430,3071.060,3010.200,116341870.000
2022-01-25,3035.820,2974.960,3055.880,2974.960,137955486.000
2022-01-26,2993.160,3004.410,3008.380,2952.910,104776237.000
2022-01-27,2994.000,2906.760,3001.550,2904.710,116443557.000
2022-01-28,2945.720,2908.940,2962.770,2882.670,105431397.000
2022-02-07,2972.190,2917.860,2987.500,2905.250,104094572.000
2022-02-08,2913.320,2846.480,2913.320,2782.280,107192486.000
2022-02-09,2844.840,2883.600,2887.730,2818.390,127073175.000
2022-02-10,2891.300,2826.520,2891.300,2796.900,115864083.000
2022-02-11,2800.750,2746.380,2811.780,2742.510,123544637.000
2022-02-14,2723.510,2732.010,2776.230,2710.880,103137853.000
2022-02-15,2744.390,2816.440,2817.810,2739.420,101154951.000
2022-02-16,2829.650,2818.400,2841.330,2808.270,105677434.000
2022-02-17,2813.480,2839.830,2861.970,2804.890,125136941.000
2022-02-18,2819.550,2826.810,2829.820,2803.240,107503657.000
2022-02-21,2830.600,2804.600,2836.280,2794.260,138332758.000
2022-02-22,2783.280,2765.910,2783.280,2741.970,140269800.000
2022-02-23,2770.210,2843.870,2845.080,2770.210,141077453.000
2022-02-24,2817.800,2783.900,2852.720,2746.620,194823613.000
2022-02-25,2827.830,2855.800,2882.070,2827.830,130211029.000
2022-02-28,2844.820,2881.310,2881.310,2834.540,118207475.000
2022-03-01,2895.390,2885.790,2905.130,2865.880,119441817.000
2022-03-02,2866.690,2834.640,2866.690,2811.120,120817660.000
2022-03-03,2850.670,2791.950,2853.470,2789.510,125794531.000
2022-03-04,2763.060,2748.640,2797.820,2737.470,133627596.000
2022-03-07,2718.440,2630.370,2720.780,2620.830,120078128.000
2022-03-08,2645.110,2582.990,2654.640,2567.910,136251822.000
2022-03-09,2594.960,2566.720,2608.210,2462.170,143749751.000
2022-03-10,2645.360,2635.190,2664.580,2625.600,138444364.000
2022-03-11,2589.700,2665.460,2668.240,2566.030,138711254.000
2022-03-14,2638.490,2570.450,2647.250,2570.280,127249772.000
2022-03-15,2547.720,2504.780,2615.710,2504.780,139790915.000
2022-03-16,2549.150,2635.080,2639.930,2478.440,154177669.000
2022-03-17,2684.840,2710.730,2764.250,2684.040,171330128.000
2022-03-18,2693.150,2713.790,2725.690,2668.930,138496952.000
2022-03-21,2730.210,2726.180,2756.350,2702.180,144461359.000
2022-03-22,2718.000,2688.230,2718.000,2676.840,134501338.000
2022-03-23,2707.570,2715.950,2725.560,2682.130,124740713.000
2022-03-24,2697.430,2706.210,2725.280,2655.920,119781879.000
2022-03-25,2702.650,2637.940,2714.150,2637.940,115519789.000
2022-03-28,2622.470,2594.130,2622.590,2576.230,106819513.000
2022-03-29,2603.420,2592.670,2633.450,2581.380,109982338.000
2022-03-30,2612.710,2696.830,2696.830,2610.410,107478221.000
2022-03-31,2683.190,2659.490,2686.280,2646.240,120775687.000
2022-04-01,2641.750,2666.970,2687.150,2632.980,118863502.000
2022-04-06,2662.280,2633.910,2662.620,2615.920,115767309.000
2022-04-07,2611.980,2578.530,2632.100,2576.530,116513849.000
2022-04-08,2578.740,2569.910,2609.350,2546.510,108805416.000
2022-04-11,2536.150,2462.040,2536.150,2455.460,108217474.000
2022-04-12,2461.600,2523.690,2523.690,2459.260,103760061.000
2022-04-13,2499.190,2466.840,2513.470,2466.840,104074889.000
2022-04-14,2495.160,2466.290,2498.810,2443.150,92386385.000
2022-04-15,2443.350,2460.360,2483.750,2416.700,101913693.000
2022-04-18,2435.850,2487.770,2491.600,2410.860,83293883.000
2022-04-19,2484.520,2453.550,2510.410,2444.590,84771293.000
2022-04-20,2440.300,2363.650,2443.310,2357.910,96710388.000
2022-04-21,2352.220,2312.460,2378.340,2298.750,104363067.000
2022-04-22,2299.160,2296.600,2321.140,2279.780,95141973.000
2022-04-25,2240.040,2169.000,2262.770,2168.900,121635218.000
2022-04-26,2172.800,2150.510,2218.560,2149.600,113775883.000
2022-04-27,2122.320,2269.170,2271.170,2122.320,124006332.000
2022-04-28,2249.510,2227.650,2266.430,2206.960,106755886.000
2022-04-29,2247.700,2319.140,2322.970,2221.990,124049347.000
2022-05-05,2263.920,2288.400,2317.170,2242.960,102798613.000
2022-05-06,2227.680,2244.970,2274.390,2222.490,97438679.000
2022-05-09,2236.170,2228.070,2263.120,2213.580,89802671.000
2022-05-10,2192.060,2276.350,2287.870,2187.440,101407906.000
2022-05-11,2280.960,2346.150,2401.100,2275.270,130449755.000
2022-05-12,2325.950,2351.270,2367.310,2324.760,101298871.000
2022-05-13,2367.550,2358.160,2373.300,2334.370,87124463.000
2022-05-16,2376.640,2331.230,2395.750,2328.740,92161553.000
2022-05-17,2335.120,2369.090,2370.660,2323.070,94186473.000
2022-05-18,2373.890,2365.380,2384.600,2352.920,96377812.000
2022-05-19,2329.960,2377.130,2377.310,2325.670,97363712.000
2022-05-20,2395.350,2417.350,2426.580,2384.110,101254473.000
2022-05-23,2422.130,2410.120,2423.790,2385.700,99851347.000
2022-05-24,2404.600,2318.070,2404.600,2316.790,120189202.000
2022-05-25,2320.780,2325.600,2332.960,2303.150,87934858.000
2022-05-26,2329.430,2321.130,2343.210,2283.440,92064068.000
2022-05-27,2340.620,2322.480,2377.400,2311.060,91212882.000
2022-05-30,2338.350,2350.380,2359.580,2323.820,84634486.000
2022-05-31,2349.790,2405.080,2411.180,2323.350,100068823.000
2022-06-01,2403.350,2428.960,2441.390,2395.970,95464784.000
2022-06-02,2418.660,2458.260,2463.350,2411.710,96714257.000
2022-06-06,2456.160,2554.660,2562.020,2455.950,112279248.000
2022-06-07,2555.550,2554.630,2575.890,2532.780,110997018.000
2022-06-08,2558.150,2576.340,2576.340,2507.110,111795541.000
2022-06-09,2558.330,2500.210,2561.410,2491.820,97840775.000
2022-06-10,2482.310,2556.470,2556.980,2481.960,99102524.000
2022-06-13,2522.730,2546.490,2563.240,2520.000,106396123.000
2022-06-14,2515.510,2548.310,2551.080,2461.540,113418148.000
2022-06-15,2560.640,2575.090,2631.940,2550.500,125596068.000
2022-06-16,2575.960,2585.470,2616.820,2574.950,121399455.000
2022-06-17,2561.400,2657.210,2666.080,2559.670,119835974.000
2022-06-20,2672.770,2710.140,2741.590,2672.320,124434407.000
2022-06-21,2707.980,2692.980,2723.030,2664.690,129388611.000
2022-06-22,2701.630,2677.290,2721.810,2677.010,117933321.000
2022-06-23,2693.750,2760.100,2760.100,2672.580,121344186.000
2022-06-24,2779.410,2824.440,2824.440,2761.460,125268575.000
2022-06-27,2838.580,2830.600,2863.660,2819.290,131780868.000
2022-06-28,2827.350,2840.420,2850.290,2771.930,138347117.000
2022-06-29,2817.120,2768.610,2845.460,2764.400,143965657.000
2022-06-30,2776.390,2810.600,2834.490,2772.770,123184450.000
2022-07-01,2810.110,2781.940,2822.800,2768.480,109775993.000
2022-07-04,2764.620,2834.690,2834.690,2748.130,109141293.000
2022-07-05,2845.740,2825.130,2867.430,2780.360,116374280.000
2022-07-06,2826.350,2802.720,2858.050,2776.700,105108565.000
2022-07-07,2814.150,2849.710,2852.800,2792.180,103292122.000
2022-07-08,2868.690,2817.640,2887.720,2810.650,115016320.000
2022-07-11,2804.550,2767.460,2804.800,2742.460,101740944.000
2022-07-12,2768.820,2702.690,2774.120,2697.680,97870484.000
2022-07-13,2708.100,2746.860,2762.510,2674.470,93445579.000
2022-07-14,2739.920,2819.130,2841.390,2736.320,102746448.000
2022-07-15,2804.180,2760.500,2835.010,2760.500,112050434.000
2022-07-18,2778.400,2800.360,2812.670,2736.260,118130253.000
2022-07-19,2799.380,2750.870,2799.380,2736.670,119441901.000
2022-07-20,2764.250,2765.160,2786.290,2754.180,115046371.000
2022-07-21,2756.320,2751.410,2794.370,2741.310,112492706.000
2022-07-22,2776.980,2737.310,2788.940,2714.120,108559373.000
2022-07-25,2732.610,2704.950,2736.730,2693.160,97962088.000
2022-07-26,2708.740,2713.460,2729.380,2682.210,93019219.000
2022-07-27,2710.740,2714.250,2730.170,2696.200,100393697.000
2022-07-28,2734.630,2705.900,2749.140,2704.050,120107323.000
2022-07-29,2716.100,2670.450,2718.530,2665.650,114185707.000
2022-08-01,2662.760,2733.740,2734.640,2641.180,114074695.000
2022-08-02,2692.120,2678.620,2716.040,2651.850,150284682.000
2022-08-03,2687.250,2628.820,2716.220,2620.390,135171218.000
2022-08-04,2645.000,2640.780,2655.660,2610.500,109966584.000
2022-08-05,2648.050,2683.600,2686.230,2637.240,121736685.000
2022-08-08,2668.990,2675.690,2679.680,2647.250,109973891.000
2022-08-09,2668.920,2694.800,2698.460,2658.690,111774869.000
2022-08-10,2688.130,2658.580,2692.250,2645.550,112191127.000
2022-08-11,2672.180,2721.490,2724.850,2650.880,131758742.000
2022-08-12,2712.690,2690.830,2717.680,2689.670,123906983.000
2022-08-15,2688.660,2718.590,2734.330,2686.820,109348711.000
2022-08-16,2725.930,2731.390,2759.520,2718.170,113334106.000
2022-08-17,2739.480,2777.910,2783.930,2719.220,119572889.000
2022-08-18,2771.150,2775.820,2797.490,2769.210,120927253.000
2022-08-19,2779.990,2734.220,2780.100,2733.050,131774370.000
2022-08-22,2730.420,2779.020,2782.670,2715.160,112627375.000
2022-08-23,2775.210,2780.310,2802.050,2764.520,105766486.000
2022-08-24,2800.380,2679.050,2803.430,2675.880,126146502.000
2022-08-25,2688.860,2667.300,2694.160,2634.850,106746535.000
2022-08-26,2666.210,2640.290,2677.730,2634.430,95427328.000
2022-08-29,2599.840,2630.510,2641.170,2595.710,89830569.000
2022-08-30,2630.130,2612.140,2632.130,2594.780,94137481.000
2022-08-31,2596.160,2570.410,2611.650,2550.990,106284307.000
2022-09-01,2561.930,2533.850,2584.620,2531.810,85700860.000
2022-09-02,2548.180,2533.020,2552.340,2517.460,85760128.000
2022-09-05,2528.710,2538.200,2553.110,2519.890,79959835.000
2022-09-06,2541.120,2540.640,2542.980,2493.430,81661953.000
2022-09-07,2525.150,2570.800,2584.850,2522.380,85303218.000
2022-09-08,2570.050,2523.010,2572.120,2521.540,80873956.000
2022-09-09,2535.740,2548.220,2551.050,2525.770,70056668.000
2022-09-13,2566.840,2550.630,2569.110,2537.280,70149154.000
2022-09-14,2512.280,2503.820,2527.280,2486.080,70540152.000
2022-09-15,2512.450,2424.190,2515.210,2404.440,92202708.000
2022-09-16,2418.440,2367.400,2430.230,2366.890,81543819.000
2022-09-19,2360.580,2350.380,2389.480,2339.030,70238823.000
2022-09-20,2366.790,2366.900,2397.920,2351.890,61600322.000
2022-09-21,2353.780,2331.520,2358.960,2322.950,63645768.000
2022-09-22,2309.290,2319.420,2348.760,2302.640,62689388.000
2022-09-23,2320.920,2303.910,2336.290,2275.290,68529871.000
2022-09-26,2288.230,2323.050,2358.480,2285.640,67549810.000
2022-09-27,2336.040,2374.740,2374.740,2325.650,66154658.000
2022-09-28,2367.480,2313.770,2367.480,2313.770,65851571.000
2022-09-29,2343.280,2333.000,2359.120,2321.560,63693252.000
2022-09-30,2335.540,2288.970,2339.190,2288.190,58126088.000
2022-10-10,2294.720,2236.240,2301.240,2230.640,61381112.000
2022-10-11,2256.340,2261.890,2273.900,2245.470,55209963.000
2022-10-12,2260.680,2343.300,2343.500,2234.460,73388821.000
2022-10-13,2324.470,2350.690,2374.610,2318.270,78662261.000
2022-10-14,2379.830,2434.220,2453.040,2365.140,89092346.000
2022-10-17,2419.640,2435.020,2446.700,2409.520,90090084.000
2022-10-18,2446.360,2446.930,2469.030,2428.150,88359500.000
2022-10-19,2440.030,2425.960,2463.780,2425.730,82210782.000
2022-10-20,2402.760,2401.720,2444.410,2365.720,85813403.000
2022-10-21,2390.410,2395.160,2410.010,2381.210,73036725.000
2022-10-24,2385.820,2336.840,2412.600,2323.850,91295158.000
2022-10-25,2323.840,2314.550,2344.390,2281.400,94415846.000
2022-10-26,2324.770,2372.880,2397.130,2320.270,109525370.000
2022-10-27,2377.180,2337.250,2377.680,2337.250,110646350.000
2022-10-28,2309.960,2250.510,2326.490,2245.460,110423289.000
2022-10-31,2228.620,2265.080,2295.950,2227.830,99957675.000
2022-11-01,2270.040,2337.650,2337.820,2251.800,105057129.000
2022-11-02,2322.980,2375.860,2396.210,2320.550,122391054.000
2022-11-03,2352.560,2376.060,2385.060,2349.750,99317511.000
2022-11-04,2378.420,2451.220,2464.510,2377.910,111460877.000
2022-11-07,2447.130,2454.690,2470.640,2432.050,112728594.000
2022-11-08,2452.860,2432.400,2460.990,2411.720,98193744.000
2022-11-09,2422.170,2399.340,2432.290,2398.070,92081565.000
2022-11-10,2380.230,2357.130,2393.610,2344.680,110856002.000
2022-11-11,2443.110,2405.320,2446.090,2402.940,142694126.000
2022-11-14,2406.870,2375.210,2418.520,2364.440,119402147.000
2022-11-15,2373.990,2431.730,2432.460,2356.350,122265018.000
2022-11-16,2427.410,2402.910,2443.790,2399.700,118064542.000
2022-11-17,2389.460,2385.860,2389.460,2351.000,115312132.000
2022-11-18,2394.310,2389.760,2420.380,2384.650,131120628.000
2022-11-21,2369.760,2387.300,2389.640,2360.850,108825983.000
2022-11-22,2380.710,2343.550,2382.140,2334.470,112251874.000
2022-11-23,2338.860,2340.340,2357.000,2302.990,105290748.000
2022-11-24,2349.270,2335.520,2356.670,2330.370,85241459.000
2022-11-25,2325.570,2309.360,2327.280,2304.980,79167669.000
2022-11-28,2264.830,2298.800,2300.950,2261.050,79206175.000
2022-11-29,2301.210,2339.790,2347.710,2298.310,94029404.000
2022-11-30,2335.950,2345.310,2348.160,2323.190,88305042.000
2022-12-01,2386.080,2381.180,2403.770,2380.670,104066459.000
2022-12-02,2378.400,2383.320,2408.740,2369.310,97623944.000
2022-12-05,2391.100,2377.110,2394.430,2366.120,107238388.000
2022-12-06,2366.110,2393.280,2414.200,2365.690,98689267.000
2022-12-07,2382.560,2414.040,2432.110,2382.560,100195414.000
2022-12-08,2411.800,2411.810,2423.160,2398.210,99090449.000
2022-12-09,2412.160,2420.630,2421.650,2391.670,102812993.000
2022-12-12,2409.440,2401.520,2418.060,2399.690,101889894.000
2022-12-13,2403.740,2376.200,2404.880,2371.070,102392700.000
2022-12-14,2384.700,2368.080,2391.210,2362.610,94160383.000
2022-12-15,2365.230,2399.120,2399.360,2363.340,87634266.000
2022-12-16,2381.680,2373.720,2390.660,2361.890,95162846.000
2022-12-19,2372.930,2346.700,2389.300,2337.400,91660272.000
2022-12-20,2340.510,2310.800,2340.730,2308.570,73567498.000
2022-12-21,2312.520,2303.700,2322.520,2293.580,69800264.000
2022-12-22,2318.710,2295.320,2328.710,2288.520,76064883.000
2022-12-23,2282.330,2286.190,2301.620,2273.040,73658581.000
2022-12-26,2290.260,2331.410,2334.980,2290.160,71956299.000
2022-12-27,2335.570,2359.500,2363.150,2326.310,78477511.000
2022-12-28,2346.040,2338.260,2348.850,2323.480,71406458.000
2022-12-29,2328.730,2349.380,2365.690,2327.690,69365878.000
2022-12-30,2361.970,2346.770,2369.140,2346.770,69585618.000
2023-01-03,2339.980,2356.420,2361.550,2312.310,93658454.000
2023-01-04,2347.000,2335.120,2352.330,2323.720,90279300.000
2023-01-05,2343.780,2399.460,2405.430,2343.720,85907831.000
2023-01-06,2392.650,2422.140,2442.230,2391.330,85573573.000
2023-01-09,2433.350,2440.370,2455.600,2427.810,78388293.000
2023-01-10,2441.500,2474.010,2478.890,2435.190,72002027.000
2023-01-11,2470.640,2445.970,2480.160,2442.730,73684723.000
2023-01-12,2455.730,2458.490,2477.010,2448.760,70121680.000
2023-01-13,2475.140,2493.130,2493.130,2462.870,68126839.000
2023-01-16,2490.720,2539.520,2566.690,2490.720,83381688.000
2023-01-17,2540.570,2545.550,2556.640,2535.180,67461365.000
2023-01-18,2548.700,2543.900,2555.690,2534.430,67165684.000
2023-01-19,2539.890,2571.440,2571.440,2531.960,73852810.000
2023-01-20,2580.270,2585.960,2588.890,2571.830,77283023.000
2023-01-30,2657.390,2613.890,2661.280,2611.130,120029576.000
2023-01-31,2608.120,2580.840,2618.280,2575.530,104621847.000
2023-02-01,2592.450,2613.690,2613.690,2572.330,128986555.000
2023-02-02,2619.790,2602.320,2631.860,2598.120,136608702.000
2023-02-03,2592.840,2580.110,2606.000,2551.830,123099432.000
2023-02-06,2560.460,2544.090,2560.460,2523.710,126522451.000
2023-02-07,2551.130,2537.970,2557.380,2522.550,135280866.000
2023-02-08,2542.240,2525.880,2550.370,2522.530,127104679.000
2023-02-09,2520.830,2569.730,2569.990,2515.510,136225559.000
2023-02-10,2567.090,2545.160,2571.200,2531.870,138194029.000
2023-02-13,2546.140,2573.180,2576.040,2540.850,136849639.000
2023-02-14,2585.970,2565.150,2586.180,2551.470,125973041.000
2023-02-15,2564.540,2547.200,2574.580,2543.640,140353889.000
2023-02-16,2549.430,2512.500,2567.290,2495.160,175758553.000
2023-02-17,2508.260,2449.350,2513.210,2449.350,135687930.000
2023-02-20,2445.640,2480.790,2481.570,2424.630,117685679.000
2023-02-21,2473.600,2469.810,2480.350,2452.840,115550699.000
2023-02-22,2452.390,2451.900,2470.500,2446.190,103867557.000
2023-02-23,2450.960,2457.480,2470.400,2446.410,108695288.000
2023-02-24,2457.530,2428.940,2458.290,2425.660,95775462.000
2023-02-27,2416.430,2409.790,2432.390,2403.650,95581404.000
2023-02-28,2417.580,2429.030,2432.320,2407.760,100904064.000
2023-03-01,2428.100,2443.950,2449.440,2415.950,130336771.000
2023-03-02,2438.580,2418.600,2442.190,2415.120,131298037.000
2023-03-03,2423.670,2422.440,2434.120,2405.300,111160521.000
2023-03-06,2421.420,2431.560,2435.900,2393.920,104380892.000
2023-03-07,2423.030,2383.730,2430.640,2383.500,112107051.000
2023-03-08,2375.870,2377.580,2390.070,2366.250,93923763.000
2023-03-09,2377.970,2372.680,2386.900,2365.860,117161536.000
2023-03-10,2366.590,2370.360,2388.610,2354.020,127669551.000
2023-03-13,2359.720,2357.070,2374.970,2345.990,127326217.000
2023-03-14,2353.210,2343.110,2356.900,2308.930,136502167.000
2023-03-15,2359.220,2337.460,2375.280,2335.590,114050705.000
2023-03-16,2320.380,2302.050,2333.310,2298.440,116796014.000
2023-03-17,2320.200,2293.670,2324.830,2289.280,140644563.000
2023-03-20,2291.390,2291.920,2317.640,2280.140,150120827.000
2023-03-21,2298.280,2337.260,2337.370,2298.280,132375256.000
2023-03-22,2348.520,2341.920,2358.630,2330.820,159335476.000
2023-03-23,2330.980,2361.410,2361.410,2327.390,149682633.000
2023-03-24,2366.430,2370.380,2373.770,2355.740,165029821.000
2023-03-27,2363.010,2398.020,2399.440,2363.010,174960423.000
2023-03-28,2389.850,2369.170,2389.920,2364.630,151320627.000
2023-03-29,2371.300,2371.190,2382.000,2367.380,139645390.000
2023-03-30,2370.730,2383.040,2384.960,2362.660,126735563.000
2023-03-31,2386.860,2399.500,2402.550,2385.410,138635714.000
2023-04-03,2406.140,2440.210,2442.970,2406.140,179614605.000
2023-04-04,2441.430,2421.650,2442.570,2407.480,181118652.000
2023-04-06,2404.260,2426.570,2428.800,2402.300,164546058.000
2023-04-07,2421.750,2446.950,2454.040,2421.060,158561769.000
2023-04-10,2457.190,2443.520,2461.300,2432.050,166298217.000
2023-04-11,2449.270,2439.400,2463.270,2426.670,145869419.000
2023-04-12,2436.890,2429.290,2440.330,2417.280,163918010.000
2023-04-13,2418.270,2405.760,2426.830,2403.920,170319680.000
2023-04-14,2409.770,2428.090,2432.360,2409.600,152520926.000
2023-04-17,2420.010,2434.440,2440.730,2420.010,138070140.000
2023-04-18,2428.180,2431.100,2443.770,2423.930,129922237.000
2023-04-19,2429.330,2415.760,2429.330,2413.340,139360653.000
2023-04-20,2414.010,2386.670,2414.010,2378.050,149358689.000
2023-04-21,2393.190,2341.190,2400.790,2340.610,168905252.000
2023-04-24,2337.380,2301.240,2340.260,2288.780,151425696.000
2023-04-25,2302.860,2259.190,2305.920,2243.830,171213682.000
2023-04-26,2249.530,2294.060,2306.660,2247.950,167820381.000
2023-04-27,2283.630,2307.270,2315.320,2281.600,159029281.000
2023-04-28,2309.350,2324.720,2328.890,2303.310,167343370.000
2023-05-04,2316.330,2297.670,2319.830,2290.920,166568557.000
2023-05-05,2291.240,2267.630,2293.840,2260.640,151497141.000
2023-05-08,2274.720,2273.400,2277.230,2251.770,148634411.000
2023-05-09,2270.760,2245.820,2277.290,2245.720,154365914.000
2023-05-10,2241.440,2262.220,2273.680,2228.180,137865739.000
2023-05-11,2264.900,2276.570,2296.450,2264.860,134737119.000
2023-05-12,2277.420,2252.380,2287.470,2251.760,129522432.000
2023-05-15,2259.170,2299.930,2299.930,2257.820,128936533.000
2023-05-16,2300.800,2294.190,2307.170,2286.230,128103853.000
2023-05-17,2293.550,2293.640,2300.290,2281.170,126061262.000
2023-05-18,2299.630,2277.970,2300.620,2264.840,148530360.000
2023-05-19,2275.800,2278.590,2293.100,2270.390,134784974.000
2023-05-22,2278.710,2280.150,2291.330,2265.760,121923695.000
2023-05-23,2282.900,2253.330,2284.070,2253.330,124291458.000
2023-05-24,2245.470,2245.260,2268.860,2239.900,123977020.000
2023-05-25,2245.310,2244.180,2257.220,2228.840,140870411.000
2023-05-26,2244.340,2229.270,2244.340,2215.290,134674859.000
2023-05-29,2236.980,2203.840,2238.400,2196.060,145883643.000
2023-05-30,2200.800,2218.600,2218.600,2180.700,151803167.000
2023-05-31,2215.270,2193.410,2215.490,2183.420,150199609.000
2023-06-01,2191.800,2206.430,2225.130,2184.920,162769900.000
2023-06-02,2213.770,2233.270,2240.570,2211.980,147177873.000
2023-06-05,2226.200,2202.140,2226.590,2195.660,131743301.000
2023-06-06,2196.980,2164.810,2197.580,2162.720,147251821.000
2023-06-07,2159.160,2129.900,2162.560,2124.520,124605102.000
2023-06-08,2136.020,2123.960,2139.960,2118.330,130063777.000
2023-06-09,2122.160,2143.010,2143.010,2118.790,146778464.000
2023-06-12,2135.880,2152.420,2162.530,2131.120,139058560.000
2023-06-13,2148.400,2166.960,2169.660,2147.560,143969007.000
2023-06-14,2175.920,2163.340,2177.800,2163.340,151047901.000
2023-06-15,2174.540,2237.740,2237.740,2174.540,156888358.000
2023-06-16,2243.540,2270.060,2272.020,2234.480,150890145.000
2023-06-19,2271.760,2265.180,2276.560,2257.640,158207299.000
2023-06-20,2264.180,2271.420,2277.330,2257.880,159201099.000
2023-06-21,2260.500,2211.840,2266.760,2211.840,153347036.000
2023-06-26,2185.150,2186.250,2212.410,2171.590,140253328.000
2023-06-27,2186.160,2191.830,2205.560,2179.320,117076181.000
2023-06-28,2184.990,2182.100,2189.020,2160.190,135285442.000
2023-06-29,2178.880,2180.060,2194.250,2178.430,127211225.000
2023-06-30,2178.530,2215.000,2227.990,2171.420,131277434.000
2023-07-03,2223.330,2228.210,2239.430,2215.360,138381383.000
2023-07-04,2222.330,2232.750,2234.860,2215.770,125801221.000
2023-07-05,2235.200,2212.420,2239.930,2209.110,121735453.000
2023-07-06,2206.300,2192.190,2218.390,2190.030,116183026.000
2023-07-07,2185.730,2169.210,2186.040,2169.210,116358783.000
2023-07-10,2174.330,2198.860,2213.760,2174.330,108555772.000
2023-07-11,2202.930,2216.780,2217.660,2194.170,108864959.000
2023-07-12,2216.030,2196.850,2217.750,2194.610,131450509.000
2023-07-13,2208.220,2237.520,2238.670,2208.220,130828414.000
2023-07-14,2237.240,2224.100,2239.420,2221.790,135227334.000
2023-07-17,2212.760,2207.440,2214.420,2198.270,119609545.000
2023-07-18,2215.050,2200.620,2215.250,2196.230,111261961.000
2023-07-19,2196.590,2177.250,2201.430,2170.330,102381389.000
2023-07-20,2180.710,2155.650,2199.640,2153.980,117053853.000
2023-07-21,2151.850,2163.120,2177.800,2151.070,110593801.000
2023-07-24,2148.290,2146.930,2167.190,2142.910,92139662.000
2023-07-25,2183.050,2192.900,2195.750,2169.720,118416219.000
2023-07-26,2185.810,2191.170,2194.540,2180.200,115155855.000
2023-07-27,2199.480,2184.100,2205.720,2180.690,111084923.000
2023-07-28,2176.490,2219.540,2224.030,2172.370,124567791.000
2023-07-31,2233.260,2236.670,2256.050,2230.130,143740119.000
2023-08-01,2234.610,2223.800,2249.380,2215.580,124343899.000
2023-08-02,2220.770,2218.570,2231.870,2213.040,105906457.000
2023-08-03,2214.090,2241.980,2242.570,2214.090,103359335.000
2023-08-04,2263.400,2263.370,2282.650,2247.900,135032210.000
2023-08-07,2252.430,2240.770,2256.000,2234.040,121092594.000
2023-08-08,2238.660,2228.910,2244.900,2226.240,114341376.000
2023-08-09,2222.510,2228.730,2241.870,2222.510,113217182.000
2023-08-10,2226.910,2239.310,2241.850,2220.830,102407985.000
2023-08-11,2241.480,2187.040,2241.480,2187.040,108738844.000
2023-08-14,2163.280,2164.690,2170.220,2139.970,102047483.000
2023-08-15,2164.820,2148.670,2171.560,2130.380,100087449.000
2023-08-16,2140.010,2132.970,2158.000,2132.890,100599629.000
2023-08-17,2130.540,2147.060,2151.230,2113.300,108624122.000
2023-08-18,2145.800,2118.920,2156.170,2118.920,113529808.000
2023-08-21,2108.700,2084.970,2115.020,2084.970,99675752.000
2023-08-22,2099.840,2086.940,2104.740,2049.090,122292443.000
2023-08-23,2081.210,2038.980,2081.210,2038.980,110599238.000
2023-08-24,2050.530,2064.570,2083.640,2042.580,128477448.000
2023-08-25,2053.650,2040.400,2059.150,2032.580,137716077.000
2023-08-28,2182.390,2060.040,2182.390,2055.610,171460289.000
2023-08-29,2054.980,2118.190,2133.600,2054.980,165684802.000
2023-08-30,2122.650,2117.130,2141.600,2110.870,158494568.000
2023-08-31,2111.020,2102.580,2117.400,2100.730,125436905.000
2023-09-01,2108.080,2100.260,2118.510,2093.100,108026895.000
2023-09-04,2110.170,2118.030,2120.980,2088.990,120361863.000
2023-09-05,2113.600,2111.330,2122.620,2107.860,129319063.000
2023-09-06,2103.300,2101.400,2105.100,2089.450,134779808.000
2023-09-07,2096.620,2056.980,2097.280,2056.980,137675509.000
2023-09-08,2047.600,2049.770,2057.120,2038.570,130787413.000
2023-09-11,2048.950,2063.190,2076.900,2041.770,138593287.000
2023-09-12,2060.620,2051.040,2063.920,2049.480,121530793.000
2023-09-13,2045.310,2027.730,2053.450,2015.390,123604969.000
2023-09-14,2021.600,2011.880,2024.860,2002.430,110421114.000
2023-09-15,2009.330,2002.730,2022.940,1996.120,106712934.000
2023-09-18,1994.870,2020.470,2033.150,1993.680,105422891.000
2023-09-19,2017.890,2002.660,2017.890,1995.240,99060111.000
2023-09-20,2000.720,1987.300,2001.500,1987.300,90334604.000
2023-09-21,1983.020,1967.610,1990.330,1967.610,92248679.000
2023-09-22,1965.690,2013.340,2013.960,1963.230,119252548.000
2023-09-25,2015.320,2005.260,2015.320,2000.810,117484221.000
2023-09-26,2000.230,1989.830,2007.910,1989.650,110872918.000
2023-09-27,1994.010,2006.220,2027.820,1990.160,116582661.000
2023-09-28,2013.620,2003.910,2019.290,1995.560,120424985.000
2023-10-09,2000.130,1998.610,2006.430,1977.770,134153185.000
2023-10-10,2004.950,1987.940,2014.300,1987.350,139745449.000
2023-10-11,2000.520,2003.900,2021.110,1996.820,148371123.000
2023-10-12,2015.550,2019.100,2022.360,2001.910,136247051.000
2023-10-13,2004.200,1996.600,2005.720,1986.190,141137856.000
2023-10-16,1993.910,1956.720,1994.260,1949.330,140358023.000
2023-10-17,1963.830,1961.890,1969.470,1950.330,128953999.000
2023-10-18,1953.000,1938.440,1953.000,1934.840,130832681.000
2023-10-19,1925.530,1913.700,1936.220,1913.430,134243968.000
2023-10-20,1899.990,1896.950,1922.930,1893.950,124067715.000
2023-10-23,1891.480,1864.910,1891.480,1854.450,126231964.000
2023-10-24,1872.290,1880.810,1890.100,1859.860,136512829.000
2023-10-25,1890.480,1863.800,1894.540,1863.770,151745346.000
2023-10-26,1851.190,1875.860,1877.450,1840.260,155256304.000
2023-10-27,1868.230,1929.910,1937.310,1863.530,172625812.000
2023-10-30,1933.790,1977.690,1983.460,1931.700,168980446.000
2023-10-31,1974.800,1968.230,1975.390,1958.350,158865510.000
2023-11-01,1969.080,1959.130,1971.410,1949.990,138782582.000
2023-11-02,1964.430,1939.700,1973.230,1939.410,145625879.000
2023-11-03,1943.210,1968.210,1975.520,1943.210,147490450.000
2023-11-06,1984.330,2032.340,2034.570,1984.330,175633975.000
2023-11-07,2025.100,2022.770,2031.790,2012.060,173475382.000
2023-11-08,2016.600,2023.130,2035.910,2010.020,196094191.000
2023-11-09,2019.690,2018.380,2035.420,2013.510,174292529.000
2023-11-10,2006.090,2005.240,2011.930,2000.490,144763674.000
2023-11-13,2018.830,2009.210,2022.840,1998.020,154520934.000
2023-11-14,2008.290,2004.810,2024.660,1995.760,154636885.000
2023-11-15,2032.260,2015.360,2033.390,2008.480,163400581.000
2023-11-16,2012.200,1978.120,2012.200,1978.120,153284922.000
2023-11-17,1971.220,1986.530,1986.670,1971.220,143700696.000
2023-11-20,1987.850,1992.970,1998.100,1969.920,162068688.000
2023-11-21,2001.070,1984.270,2014.590,1981.290,178016494.000
2023-11-22,1973.660,1950.010,1980.020,1950.010,156776837.000
2023-11-23,1945.900,1961.350,1961.350,1940.210,137840323.000
2023-11-24,1960.380,1937.940,1960.380,1935.000,145480335.000
2023-11-27,1936.610,1926.200,1936.610,1916.550,135469009.000
2023-11-28,1923.360,1938.420,1938.730,1918.350,124606174.000
2023-11-29,1934.550,1917.900,1937.850,1917.220,121256652.000
2023-11-30,1915.050,1922.590,1932.830,1912.170,122596731.000
2023-12-01,1922.370,1926.280,1934.090,1904.650,138430088.000
2023-12-04,1923.220,1908.920,1926.170,1908.530,141369314.000
2023-12-05,1900.990,1871.100,1905.730,1870.980,131801367.000
2023-12-06,1867.500,1881.940,1898.600,1866.900,133900512.000
2023-12-07,1877.030,1877.210,1888.750,1864.240,136143970.000
2023-12-08,1881.100,1892.180,1896.780,1870.880,148165170.000
2023-12-11,1880.580,1915.740,1919.840,1866.090,134838639.000
2023-12-12,1909.600,1903.870,1913.290,1899.560,121458611.000
2023-12-13,1899.340,1872.340,1899.930,1871.770,118993214.000
2023-12-14,1884.550,1860.510,1895.600,1859.250,111786646.000
2023-12-15,1869.510,1848.500,1877.780,1844.180,107658988.000
2023-12-18,1839.320,1820.000,1845.970,1814.930,101053590.000
2023-12-19,1818.880,1827.670,1837.940,1813.600,93122535.000
2023-12-20,1830.720,1802.880,1832.310,1802.360,100591995.000
2023-12-21,1795.270,1832.620,1840.960,1792.380,111199929.000
2023-12-22,1827.680,1825.840,1848.320,1812.760,130025592.000
2023-12-25,1820.250,1831.570,1838.130,1820.220,92613202.000
2023-12-26,1828.560,1808.500,1829.870,1801.380,94649900.000
2023-12-27,1813.050,1809.830,1818.050,1796.700,95517347.000
2023-12-28,1806.790,1879.500,1887.150,1804.700,121707141.000
2023-12-29,1879.530,1891.370,1897.670,1878.040,122437200.000
2024-01-02,1889.020,1855.920,1889.020,1855.730,115953946.000
2024-01-03,1850.160,1834.730,1856.440,1825.550,107536678.000
2024-01-04,1831.290,1801.760,1831.380,1794.000,93991270.000
2024-01-05,1798.820,1775.580,1815.070,1765.720,101696297.000
2024-01-08,1769.330,1744.410,1779.380,1744.240,89969738.000
2024-01-09,1749.770,1750.780,1774.320,1738.000,99765193.000
2024-01-10,1741.130,1743.200,1771.680,1726.560,98601941.000
2024-01-11,1744.300,1777.270,1790.330,1739.160,104955366.000
2024-01-12,1770.970,1761.160,1785.510,1760.870,102317740.000
2024-01-15,1751.520,1745.610,1766.260,1738.540,86196863.000
2024-01-16,1741.370,1752.230,1755.380,1724.640,96260259.000
2024-01-17,1747.770,1699.620,1747.770,1699.620,86299638.000
2024-01-18,1685.940,1732.360,1735.090,1678.430,120941227.000
2024-01-19,1726.550,1715.440,1743.300,1714.510,94103277.000
2024-01-22,1710.290,1666.880,1714.930,1657.350,117732596.000
2024-01-23,1663.980,1687.610,1700.570,1655.200,106465502.000
2024-01-24,1696.560,1696.190,1700.770,1642.160,114237798.000
2024-01-25,1686.550,1720.780,1720.850,1672.070,122868142.000
2024-01-26,1703.480,1682.480,1714.530,1679.340,117351747.000
2024-01-29,1680.150,1623.810,1685.600,1623.810,110529711.000
2024-01-30,1613.460,1583.770,1631.530,1582.420,95337140.000
2024-01-31,1585.210,1573.370,1601.890,1573.160,130116295.000
2024-02-01,1567.830,1589.040,1616.400,1563.380,118663093.000
2024-02-02,1585.960,1550.370,1595.980,1512.060,139680974.000
2024-02-05,1534.190,1562.610,1600.330,1482.990,184791329.000
2024-02-06,1544.960,1667.450,1668.890,1544.500,183716122.000
2024-02-07,1663.180,1707.020,1711.420,1658.470,189088132.000
2024-02-08,1716.630,1726.860,1764.390,1713.770,192337882.000
2024-02-19,1752.860,1746.420,1752.860,1722.840,182448833.000
2024-02-20,1739.030,1746.180,1749.270,1722.490,147868148.000
2024-02-21,1728.450,1752.480,1783.810,1724.290,177509093.000
2024-02-22,1752.790,1757.870,1761.120,1742.150,156242214.000
2024-02-23,1766.960,1758.190,1767.260,1742.490,184459762.000
2024-02-26,1752.760,1751.700,1768.100,1738.330,192437448.000
2024-02-27,1743.490,1793.980,1793.980,1740.830,186627352.000
2024-02-28,1799.610,1748.970,1829.140,1748.970,261460937.000
2024-02-29,1739.970,1807.030,1809.660,1739.970,186859827.000
2024-03-01,1808.200,1824.030,1830.940,1795.850,179223155.000
2024-03-04,1827.130,1834.830,1847.250,1817.660,179182128.000
2024-03-05,1818.590,1833.660,1843.080,1813.270,170275840.000
2024-03-06,1822.540,1832.580,1855.610,1810.900,150306899.000
2024-03-07,1830.260,1789.940,1838.710,1789.870,164771032.000
2024-03-08,1793.510,1807.290,1813.100,1779.770,137115120.000
2024-03-11,1817.070,1890.410,1890.870,1812.790,160529892.000
2024-03-12,1896.450,1906.040,1915.090,1885.640,185203821.000
2024-03-13,1911.980,1895.150,1911.980,1890.660,181745464.000
2024-03-14,1895.730,1883.020,1912.110,1870.020,163976455.000
2024-03-15,1877.570,1884.090,1886.950,1848.220,148672339.000
2024-03-18,1906.120,1926.400,1926.400,1902.130,178792977.000
2024-03-19,1917.920,1906.940,1925.690,1906.940,173103435.000
2024-03-20,1898.180,1909.250,1915.470,1897.600,173063476.000
2024-03-21,1912.810,1897.090,1920.550,1897.050,188961186.000
2024-03-22,1893.140,1869.170,1897.310,1860.350,200894792.000
2024-03-25,1864.530,1833.440,1871.060,1833.100,179402177.000
2024-03-26,1832.660,1841.540,1856.200,1829.480,163736939.000
2024-03-27,1840.190,1789.820,1840.190,1789.820,160450458.000
2024-03-28,1790.580,1806.900,1829.470,1787.960,166557234.000
2024-03-29,1806.670,1818.200,1822.750,1800.200,154791278.000
2024-04-01,1833.490,1872.120,1872.120,1833.490,162047396.000
2024-04-02,1869.320,1860.490,1869.960,1851.250,168030842.000
2024-04-03,1853.560,1840.410,1853.870,1839.210,152065565.000
2024-04-08,1834.450,1807.050,1840.550,1807.050,141326022.000
2024-04-09,1807.480,1827.580,1827.680,1801.710,123544622.000
2024-04-10,1818.410,1789.940,1818.730,1781.130,134716461.000
2024-04-11,1777.200,1782.090,1799.860,1775.660,126469148.000
2024-04-12,1780.990,1762.880,1789.270,1760.940,124825306.000
2024-04-15,1770.170,1795.520,1807.950,1770.170,168221714.000
2024-04-16,1783.570,1760.200,1791.300,1759.510,172826401.000
2024-04-17,1765.290,1797.310,1797.550,1765.290,159990221.000
2024-04-18,1784.780,1787.490,1807.790,1765.700,149372895.000
2024-04-19,1772.180,1756.000,1775.380,1740.400,139553557.000
2024-04-22,1739.010,1750.460,1766.250,1735.280,132054545.000
2024-04-23,1753.580,1753.160,1764.770,1740.790,129549196.000
2024-04-24,1757.310,1765.410,1768.240,1744.360,150216623.000
2024-04-25,1753.120,1764.730,1778.800,1747.820,151405721.000
2024-04-26,1767.720,1823.740,1826.490,1767.720,184375658.000
2024-04-29,1831.440,1887.570,1904.920,1831.440,186745460.000
2024-04-30,1874.680,1858.390,1878.830,1857.760,162180721.000
2024-05-06,1896.840,1895.210,1907.020,1889.780,161040465.000
2024-05-07,1896.720,1892.540,1900.940,1888.260,164718674.000
2024-05-08,1887.820,1865.110,1887.820,1863.220,165941539.000
2024-05-09,1872.700,1900.010,1903.110,1872.700,158275823.000
2024-05-10,1899.050,1878.170,1900.100,1872.070,163497204.000
2024-05-13,1859.340,1860.370,1876.170,1851.250,148801973.000
2024-05-14,1864.390,1855.600,1873.140,1851.390,147873925.000
2024-05-15,1857.580,1838.890,1866.410,1837.540,140058749.000
2024-05-16,1846.980,1844.210,1861.380,1837.020,147068865.000
2024-05-17,1838.990,1864.940,1865.900,1833.430,149789562.000
2024-05-20,1869.550,1875.930,1887.050,1865.880,156277546.000
2024-05-21,1871.780,1861.480,1873.090,1855.440,139081435.000
2024-05-22,1863.140,1877.930,1883.170,1855.250,138468863.000
2024-05-23,1876.560,1852.070,1879.620,1847.690,152265215.000
2024-05-24,1845.010,1818.560,1861.930,1818.140,139625334.000
2024-05-27,1824.170,1830.960,1832.820,1802.770,136433219.000
2024-05-28,1824.090,1806.250,1827.740,1805.650,134487619.000
2024-05-29,1808.490,1811.070,1832.710,1804.110,131865613.000
2024-05-30,1810.660,1813.150,1820.290,1805.350,129004866.000
2024-05-31,1812.610,1805.110,1831.710,1805.110,140767251.000
2024-06-03,1806.410,1819.460,1823.510,1800.200,151953408.000
2024-06-04,1816.370,1843.590,1848.560,1815.070,148829486.000
2024-06-05,1840.080,1833.550,1858.690,1833.550,135998891.000
2024-06-06,1840.250,1820.450,1845.550,1815.280,172431872.000
2024-06-07,1812.460,1781.070,1820.740,1764.840,133117037.000
2024-06-11,1766.920,1787.300,1791.000,1761.580,122648145.000
2024-06-12,1779.320,1779.420,1789.410,1778.130,126999546.000
2024-06-13,1786.110,1777.790,1799.090,1776.080,128656665.000
2024-06-14,1777.280,1791.360,1792.800,1758.890,129081811.000
2024-06-17,1780.940,1806.190,1811.000,1780.510,121762035.000
2024-06-18,1805.160,1811.360,1822.110,1802.630,135486712.000
2024-06-19,1816.060,1788.500,1816.060,1788.170,139592578.000
2024-06-20,1787.240,1762.700,1793.710,1761.650,140965490.000
2024-06-21,1756.670,1755.880,1762.430,1742.470,112781933.000
2024-06-24,1745.930,1731.510,1755.520,1729.100,132205531.000
2024-06-25,1724.640,1700.020,1729.220,1691.020,120861142.000
2024-06-26,1700.950,1730.640,1733.790,1696.120,134782740.000
2024-06-27,1719.780,1703.200,1721.000,1702.240,130436010.000
2024-06-28,1696.940,1683.430,1720.950,1680.420,137311588.000
2024-07-01,1679.660,1682.690,1689.540,1652.010,121717408.000
2024-07-02,1677.670,1665.040,1683.850,1660.320,133355164.000
2024-07-03,1664.990,1660.120,1675.650,1648.240,132562223.000
2024-07-04,1666.390,1647.220,1674.750,1647.220,127601702.000
2024-07-05,1648.740,1655.590,1662.320,1631.890,121512146.000
2024-07-08,1651.640,1628.760,1652.190,1624.550,120643899.000
2024-07-09,1625.520,1652.120,1660.330,1614.610,140807415.000
2024-07-10,1642.860,1651.110,1668.090,1641.840,127403413.000
2024-07-11,1673.540,1685.120,1694.780,1658.960,150981924.000
2024-07-12,1680.140,1683.630,1692.890,1672.670,127051918.000
2024-07-15,1674.890,1673.010,1679.880,1665.340,113706095.000
2024-07-16,1671.920,1696.340,1697.140,1671.310,111812855.000
2024-07-17,1691.950,1696.450,1707.610,1684.940,118540995.000
2024-07-18,1680.340,1717.710,1718.820,1678.560,123280140.000
2024-07-19,1706.840,1725.490,1731.130,1706.580,112804412.000
2024-07-22,1729.280,1723.910,1735.600,1713.370,116734816.000
2024-07-23,1721.930,1671.440,1722.080,1671.440,129222829.000
2024-07-24,1666.620,1650.910,1682.960,1645.750,125619573.000
2024-07-25,1641.680,1644.450,1658.130,1638.540,113167757.000
2024-07-26,1649.340,1659.530,1670.210,1646.630,120601899.000
2024-07-29,1653.390,1635.670,1653.390,1634.510,125779956.000
2024-07-30,1629.180,1630.950,1637.210,1621.940,127732992.000
2024-07-31,1623.040,1688.140,1689.490,1623.040,176722511.000
2024-08-01,1690.220,1665.970,1694.590,1663.080,152988021.000
2024-08-02,1649.840,1638.300,1671.360,1635.440,152571434.000
2024-08-05,1621.190,1607.290,1656.090,1607.240,160975517.000
2024-08-06,1628.120,1627.360,1638.480,1612.000,135072729.000
2024-08-07,1624.060,1620.330,1632.640,1618.390,127274048.000
2024-08-08,1611.260,1611.510,1628.660,1598.680,140737680.000
2024-08-09,1621.840,1595.640,1628.530,1595.640,125398160.000
2024-08-12,1596.410,1592.390,1601.850,1589.090,124201843.000
2024-08-13,1592.040,1607.190,1607.260,1587.520,112275494.000
2024-08-14,1606.440,1584.330,1606.440,1584.330,123258597.000
2024-08-15,1581.150,1592.710,1608.950,1581.050,161888002.000
2024-08-16,1594.510,1591.460,1603.430,1587.410,172590183.000
2024-08-19,1589.210,1589.290,1608.270,1588.220,163609101.000
2024-08-20,1590.170,1567.970,1591.880,1565.430,163251088.000
2024-08-21,1561.240,1558.510,1572.470,1556.930,146118100.000
2024-08-22,1559.680,1546.630,1563.370,1544.910,149584982.000
2024-08-23,1540.520,1546.900,1555.010,1537.780,140019731.000
2024-08-26,1550.040,1545.310,1557.910,1540.520,136719345.000
2024-08-27,1537.810,1530.740,1541.930,1526.610,133754749.000
2024-08-28,1526.670,1531.450,1534.540,1522.480,123543084.000
2024-08-29,1512.370,1541.400,1551.540,1512.170,143849682.000
2024-08-30,1543.890,1580.460,1601.160,1543.890,201726850.000
2024-09-02,1577.440,1536.950,1581.870,1536.530,161414596.000
2024-09-03,1533.570,1556.320,1561.860,1533.460,138750336.000
2024-09-04,1541.900,1554.640,1569.890,1540.170,137451388.000
2024-09-05,1554.880,1564.720,1576.030,1554.880,137123466.000
2024-09-06,1564.330,1538.070,1566.570,1537.380,139270896.000
2024-09-09,1528.650,1539.040,1547.730,1526.240,117873664.000
2024-09-10,1540.210,1539.980,1551.610,1522.880,126680539.000
2024-09-11,1539.850,1558.330,1563.090,1535.620,112826588.000
2024-09-12,1566.400,1551.810,1577.170,1551.030,125330161.000
2024-09-13,1552.280,1535.170,1556.660,1535.170,125952971.000
2024-09-18,1533.380,1533.470,1540.080,1522.540,114234684.000
2024-09-19,1543.320,1546.470,1565.210,1520.720,133867092.000
2024-09-20,1546.770,1536.600,1546.770,1525.680,130056811.000
2024-09-23,1538.050,1530.510,1548.410,1528.940,122125585.000
2024-09-24,1545.900,1615.320,1616.070,1532.520,195898358.000
2024-09-25,1652.830,1641.540,1679.640,1639.680,237541061.000
2024-09-26,1638.530,1714.140,1716.010,1625.660,226173043.000
2024-09-27,1751.330,1885.490,1919.790,1751.330,331881713.000
2024-09-30,1994.260,2175.090,2182.390,1966.340,478321402.000
2024-10-08,2576.220,2550.280,2576.220,2336.440,568395219.000
2024-10-09,2426.750,2280.100,2514.290,2278.820,517017791.000
2024-10-10,2291.220,2212.910,2327.600,2181.080,370748055.000
2024-10-11,2173.710,2100.870,2191.400,2066.580,308048402.000
2024-10-14,2119.390,2155.400,2163.270,2062.450,304822028.000
2024-10-15,2139.650,2085.990,2175.950,2085.820,340562162.000
2024-10-16,2037.740,2039.950,2081.320,2026.520,279261270.000
2024-10-17,2057.960,2033.480,2081.090,2031.990,311792011.000
2024-10-18,2027.650,2195.100,2273.000,2027.650,394063786.000
2024-10-21,2211.390,2210.340,2266.600,2182.230,422190731.000
2024-10-22,2205.400,2216.990,2226.930,2180.000,393491044.000
2024-10-23,2202.820,2205.300,2252.520,2186.180,364039646.000
2024-10-24,2187.240,2175.100,2203.020,2168.240,281830987.000
2024-10-25,2190.390,2238.900,2277.170,2180.220,322255605.000
2024-10-28,2228.080,2229.120,2236.470,2198.890,346139425.000
2024-10-29,2231.820,2177.310,2239.260,2175.810,371919397.000
2024-10-30,2156.280,2151.510,2179.940,2127.630,327522148.000
2024-10-31,2145.660,2164.460,2204.860,2130.270,371664787.000
2024-11-01,2149.940,2123.740,2166.520,2120.730,372803871.000
2024-11-04,2122.980,2185.980,2187.380,2122.980,254734109.000
2024-11-05,2184.900,2289.840,2301.990,2172.520,350837107.000
2024-11-06,2290.670,2265.830,2360.880,2247.040,403030177.000
2024-11-07,2244.960,2350.760,2350.760,2240.250,405904223.000
2024-11-08,2396.870,2321.590,2402.380,2317.510,413769211.000
2024-11-11,2298.620,2392.440,2393.580,2296.320,377529598.000
2024-11-12,2416.210,2390.800,2448.200,2362.570,378754158.000
2024-11-13,2367.160,2417.250,2427.160,2345.060,299809058.000
2024-11-14,2411.290,2334.960,2419.690,2331.680,270788688.000
2024-11-15,2318.940,2243.620,2338.560,2243.620,289330900.000
2024-11-18,2244.320,2190.950,2254.920,2173.180,283518400.000
2024-11-19,2200.130,2256.610,2261.590,2173.450,244199501.000
2024-11-20,2242.600,2267.850,2283.750,2239.770,288681253.000
2024-11-21,2254.270,2265.870,2281.160,2248.380,282320627.000
2024-11-22,2257.950,2175.570,2269.270,2175.570,301571728.000
2024-11-25,2184.100,2175.180,2193.680,2140.480,251575908.000
2024-11-26,2163.370,2150.100,2187.120,2148.140,233179805.000
2024-11-27,2136.710,2208.780,2209.160,2119.540,258006971.000
2024-11-28,2204.490,2169.800,2206.850,2165.530,276399803.000
2024-11-29,2162.520,2224.000,2264.680,2162.520,302880301.000
2024-12-02,2212.360,2255.500,2261.140,2210.860,311350090.000
2024-12-03,2252.750,2245.500,2261.390,2224.690,306481107.000
2024-12-04,2237.650,2213.410,2246.040,2204.390,289942124.000
2024-12-05,2207.500,2221.460,2237.090,2207.500,270063838.000
2024-12-06,2219.910,2267.060,2289.810,2213.320,315853926.000
2024-12-09,2265.190,2248.630,2273.080,2229.510,275288754.000
2024-12-10,2358.290,2264.050,2358.490,2258.020,368365343.000
2024-12-11,2260.700,2261.580,2278.790,2251.350,294926754.000
2024-12-12,2257.310,2292.150,2302.640,2256.070,308420591.000
2024-12-13,2272.270,2235.260,2276.130,2234.170,328537971.000
2024-12-16,2232.620,2201.530,2234.190,2192.250,273787934.000
2024-12-17,2197.130,2201.180,2233.170,2197.130,248753481.000
2024-12-18,2207.180,2202.140,2216.000,2192.600,216481476.000
2024-12-19,2178.460,2213.540,2220.430,2174.940,221719261.000
2024-12-20,2209.380,2209.660,2234.130,2201.940,230049274.000
2024-12-23,2205.690,2187.940,2223.640,2185.350,245538770.000
2024-12-24,2190.470,2213.550,2215.190,2187.780,200966406.000
2024-12-25,2215.610,2201.300,2216.360,2187.000,203868100.000
2024-12-26,2200.320,2209.850,2219.690,2193.590,184436467.000
2024-12-27,2209.710,2204.900,2235.560,2196.290,207513529.000
2024-12-30,2198.860,2206.290,2218.740,2198.120,187201460.000
2024-12-31,2202.180,2141.600,2207.310,2141.600,199428413.000
2025-01-02,2136.920,2060.440,2137.650,2040.380,196587395.000
2025-01-03,2062.400,2015.970,2067.410,2015.960,206064912.000
2025-01-06,2018.250,2014.190,2033.270,2000.860,169375612.000
2025-01-07,1996.000,2028.360,2028.750,1988.420,168570529.000
2025-01-08,2011.750,2008.440,2029.020,1963.810,195527839.000
2025-01-09,1994.810,2010.660,2025.310,1994.700,174244808.000
2025-01-10,2006.550,1975.300,2024.430,1975.300,178384005.000
2025-01-13,1953.890,1982.460,1998.500,1953.820,152288463.000
2025-01-14,1989.390,2075.760,2076.960,1979.140,227021058.000
2025-01-15,2064.480,2037.930,2064.480,2032.570,195449289.000
2025-01-16,2051.090,2051.350,2084.230,2029.820,203899551.000
2025-01-17,2041.710,2067.270,2083.200,2041.580,170885961.000
2025-01-20,2090.140,2104.730,2118.740,2090.070,177274295.000
2025-01-21,2125.070,2112.390,2125.070,2090.320,182508851.000
2025-01-22,2103.830,2101.030,2110.900,2081.080,165662666.000
2025-01-23,2125.300,2093.310,2151.480,2093.310,210268257.000
2025-01-24,2084.130,2121.840,2131.550,2084.130,200051426.000
2025-01-27,2119.170,2063.820,2123.150,2063.820,177520122.000
2025-02-05,2082.990,2062.920,2083.010,2054.370,204368036.000
2025-02-06,2059.450,2120.750,2120.790,2056.180,248973902.000
2025-02-07,2127.140,2174.350,2200.100,2122.350,308397999.000
2025-02-10,2183.780,2183.880,2188.130,2156.760,279950659.000
2025-02-11,2182.910,2152.730,2182.910,2150.470,266477049.000
2025-02-12,2144.730,2191.760,2194.100,2142.050,258849275.000
2025-02-13,2186.140,2176.160,2203.640,2175.420,284591869.000
2025-02-14,2176.320,2215.300,2223.390,2176.210,286996251.000
2025-02-17,2243.660,2226.620,2245.370,2208.770,326355461.000
2025-02-18,2223.480,2182.570,2231.280,2173.540,294210590.000
2025-02-19,2174.960,2226.980,2228.480,2174.010,260631356.000
2025-02-20,2222.370,2225.580,2233.980,2204.640,280378857.000
2025-02-21,2228.920,2281.510,2284.040,2228.920,333039973.000
2025-02-24,2277.150,2266.240,2283.790,2245.610,314290011.000
2025-02-25,2227.290,2240.590,2265.910,2224.460,292711324.000
2025-02-26,2246.950,2268.220,2268.570,2232.310,297225033.000
2025-02-27,2268.500,2256.510,2279.390,2225.530,307273306.000
2025-02-28,2238.340,2170.390,2240.780,2163.690,281464504.000
2025-03-03,2176.820,2196.520,2232.200,2161.360,247920944.000
2025-03-04,2170.990,2190.080,2193.530,2161.060,225876166.000
2025-03-05,2190.580,2190.360,2200.870,2173.900,233260677.000
2025-03-06,2204.250,2234.690,2243.280,2202.010,306910775.000
2025-03-07,2221.910,2205.310,2226.000,2195.130,287065098.000
2025-03-10,2211.100,2199.880,2217.770,2182.580,231584299.000
2025-03-11,2172.180,2204.030,2204.030,2171.270,220927831.000
2025-03-12,2211.150,2191.270,2214.970,2191.100,266044504.000
2025-03-13,2189.470,2166.000,2200.910,2154.950,250422746.000
2025-03-14,2165.530,2226.720,2233.830,2161.890,265860088.000
2025-03-17,2230.850,2215.130,2233.330,2212.020,245505172.000
2025-03-18,2225.200,2228.640,2242.220,2215.370,238408415.000
2025-03-19,2221.600,2222.350,2237.950,2208.260,229680955.000
2025-03-20,2220.500,2200.030,2221.610,2198.380,235839545.000
2025-03-21,2193.360,2152.280,2201.420,2149.090,260886417.000
2025-03-24,2154.670,2152.550,2160.460,2125.130,243858778.000
2025-03-25,2154.200,2145.480,2165.010,2136.610,198697315.000
2025-03-26,2143.120,2139.900,2157.780,2139.900,184203191.000
2025-03-27,2130.490,2145.100,2165.160,2117.750,191716879.000
2025-03-28,2140.070,2128.210,2152.400,2128.210,179554641.000
2025-03-31,2117.880,2103.700,2123.870,2087.130,186061401.000
2025-04-01,2108.460,2101.880,2127.540,2100.300,171368258.000
2025-04-02,2103.390,2104.630,2121.560,2097.820,151329115.000
2025-04-03,2078.150,2065.400,2097.670,2057.630,163979246.000
2025-04-07,1925.640,1807.210,1939.270,1756.640,304075576.000
2025-04-08,1837.540,1840.310,1877.440,1812.130,256682141.000
2025-04-09,1805.460,1858.360,1872.930,1777.250,279452297.000
2025-04-10,1920.640,1900.530,1944.100,1897.340,256686850.000
2025-04-11,1885.860,1926.370,1943.430,1884.600,202378237.000
2025-04-14,1954.050,1932.910,1956.160,1928.630,191935063.000
2025-04-15,1933.890,1930.400,1940.750,1918.440,168422550.000
2025-04-16,1918.030,1907.110,1919.090,1879.780,170499714.000
2025-04-17,1893.020,1908.780,1923.530,1892.470,150012821.000
2025-04-18,1904.990,1913.970,1917.590,1898.780,146860953.000
2025-04-21,1910.900,1944.320,1947.560,1901.810,167432537.000
2025-04-22,1933.830,1928.430,1939.690,1923.370,171458149.000
2025-04-23,1950.440,1949.160,1962.680,1935.680,199995890.000
2025-04-24,1946.230,1935.860,1958.220,1930.900,181545884.000
2025-04-25,1941.810,1947.190,1960.630,1937.710,169975509.000
2025-04-28,1951.160,1934.460,1951.160,1930.060,162391960.000
2025-04-29,1929.270,1931.940,1941.170,1923.860,159664563.000
2025-04-30,1936.120,1948.030,1954.620,1931.840,166298856.000
2025-05-06,1966.970,1986.410,1988.050,1964.460,204520480.000
2025-05-07,2024.300,1996.510,2035.470,1982.370,236535048.000
2025-05-08,1994.050,2029.450,2036.100,1991.650,207994995.000
2025-05-09,2028.430,2011.770,2028.430,2004.480,192034207.000
2025-05-12,2042.900,2064.710,2066.310,2038.340,194830717.000
2025-05-13,2091.350,2062.260,2091.350,2058.740,197528876.000
2025-05-14,2062.270,2083.140,2103.370,2051.820,193291895.000
2025-05-15,2076.040,2043.250,2076.040,2043.100,176731703.000
2025-05-16,2035.870,2039.450,2050.890,2035.870,163275755.000
2025-05-19,2038.050,2032.760,2038.050,2017.170,165912587.000
2025-05-20,2041.500,2048.460,2059.520,2025.860,185317150.000
2025-05-21,2052.000,2065.390,2077.480,2050.210,175588279.000
2025-05-22,2065.410,2045.570,2065.410,2043.890,169780258.000
2025-05-23,2043.200,2021.500,2060.090,2021.500,178391659.000
2025-05-26,2016.370,2005.260,2023.490,1991.780,147787119.000
2025-05-27,2001.620,1991.640,2001.620,1983.900,150972274.000
2025-05-28,1996.490,1985.380,2001.950,1981.670,160736605.000
2025-05-29,1988.320,2012.550,2016.210,1986.630,196153778.000
2025-05-30,2002.730,1993.190,2004.500,1988.190,192070841.000
2025-06-03,1986.540,2002.700,2012.240,1985.570,185115747.000
2025-06-04,2009.370,2024.930,2030.920,2009.370,185041493.000
2025-06-05,2026.630,2048.610,2053.560,2014.440,208483808.000
2025-06-06,2047.870,2039.440,2051.910,2034.100,178108991.000
2025-06-09,2046.430,2061.290,2075.580,2045.640,202827466.000
2025-06-10,2057.970,2037.270,2063.870,2023.170,237687808.000
2025-06-11,2044.280,2061.870,2076.910,2044.280,208455831.000
2025-06-12,2057.200,2067.150,2076.840,2051.240,214021326.000
2025-06-13,2054.970,2043.820,2065.870,2036.960,241780969.000
2025-06-16,2038.700,2057.320,2062.420,2038.700,203702624.000
2025-06-17,2061.470,2049.940,2063.080,2045.050,216853533.000
2025-06-18,2046.690,2054.730,2059.380,2039.250,211304448.000
2025-06-19,2049.180,2026.820,2057.770,2021.180,221788483.000
2025-06-20,2026.880,2009.890,2036.020,2007.510,190308016.000
2025-06-23,1996.960,2017.630,2021.760,1996.960,200250341.000
2025-06-24,2024.700,2064.130,2065.840,2024.700,247840301.000
2025-06-25,2073.260,2128.390,2133.030,2072.870,267537197.000
2025-06-26,2128.860,2114.430,2142.210,2113.140,269411209.000
2025-06-27,2125.850,2124.340,2146.040,2112.750,242281223.000
2025-06-30,2132.930,2153.010,2154.000,2128.780,238472882.000
2025-07-01,2149.220,2147.920,2152.920,2134.570,248615116.000
2025-07-02,2140.140,2123.720,2140.140,2118.550,234278871.000
2025-07-03,2130.740,2164.090,2168.610,2130.740,219337576.000
2025-07-04,2168.350,2156.230,2187.880,2153.620,232294631.000
2025-07-07,2148.930,2130.190,2155.690,2126.320,188872554.000
2025-07-08,2129.490,2181.080,2183.060,2129.490,228272821.000
2025-07-09,2179.320,2184.670,2204.640,2179.110,233669091.000
2025-07-10,2192.990,2189.580,2199.710,2174.210,220559910.000
2025-07-11,2190.010,2207.100,2223.310,2181.190,238426461.000
2025-07-14,2207.540,2197.070,2208.080,2189.080,202146011.000
2025-07-15,2211.400,2235.050,2245.440,2209.900,224843887.000
2025-07-16,2241.210,2230.190,2259.640,2227.820,205109817.000
2025-07-17,2228.520,2269.330,2269.670,2228.520,213485493.000
2025-07-18,2279.670,2277.150,2296.910,2263.970,211967077.000
2025-07-21,2285.410,2296.880,2297.140,2273.810,225424052.000
2025-07-22,2295.360,2310.860,2313.460,2290.380,242464648.000
2025-07-23,2308.110,2310.670,2333.310,2304.630,234159582.000
2025-07-24,2319.250,2345.370,2345.370,2318.420,233231978.000
2025-07-25,2348.280,2340.060,2350.060,2332.020,225715186.000
2025-07-28,2346.380,2362.600,2366.510,2334.160,216864238.000
2025-07-29,2362.770,2406.590,2406.590,2355.380,230716099.000
2025-07-30,2395.860,2367.680,2395.890,2349.180,250304909.000
2025-07-31,2382.970,2328.310,2394.220,2321.720,252753645.000
2025-08-01,2323.920,2322.630,2348.020,2304.390,228168384.000
2025-08-04,2307.370,2334.320,2334.430,2304.480,211838848.000
2025-08-05,2349.440,2343.380,2351.000,2323.740,225177287.000
2025-08-06,2335.950,2358.950,2359.820,2335.950,254893313.000
2025-08-07,2359.420,2342.860,2372.680,2322.810,257978554.000
2025-08-08,2338.250,2333.960,2353.990,2330.010,243495473.000
2025-08-11,2336.930,2379.820,2384.860,2336.930,244909805.000
2025-08-12,2381.160,2409.400,2409.400,2368.810,244883792.000
2025-08-13,2417.470,2496.500,2497.860,2414.480,272434252.000
2025-08-14,2496.630,2469.660,2513.370,2463.860,293131579.000
2025-08-15,2464.670,2534.220,2541.890,2464.670,280039651.000
2025-08-18,2549.550,2606.200,2633.860,2529.250,361326575.000
2025-08-19,2596.580,2601.740,2634.600,2586.950,324363016.000
2025-08-20,2572.010,2607.650,2608.000,2547.440,283145029.000
2025-08-21,2614.910,2595.470,2626.370,2582.050,292433377.000
2025-08-22,2587.530,2682.550,2683.900,2587.530,293811031.000
2025-08-25,2720.280,2762.990,2782.010,2700.280,352036541.000
2025-08-26,2747.110,2742.130,2773.240,2726.720,307531115.000
2025-08-27,2747.500,2723.200,2822.270,2723.200,363608516.000
2025-08-28,2707.340,2827.170,2827.170,2707.340,341026597.000
2025-08-29,2828.010,2890.130,2933.990,2809.320,284075157.000
2025-09-01,2914.640,2956.370,2958.140,2886.730,276014321.000
2025-09-02,2951.030,2872.220,2979.730,2839.920,300447509.000
2025-09-03,2882.840,2899.370,2926.780,2859.510,244128872.000
2025-09-04,2933.680,2776.250,2956.410,2741.080,256229516.000
2025-09-05,2789.910,2958.180,2962.470,2775.170,241521965.000
2025-09-08,2964.430,2933.250,2964.430,2883.260,246417816.000
2025-09-09,2901.290,2867.970,2924.580,2843.670,216032269.000
2025-09-10,2890.050,2904.270,2926.160,2860.260,201444180.000
2025-09-11,2917.770,3053.750,3053.750,2899.830,247034712.000
2025-09-12,3024.100,3020.420,3056.530,3009.900,244051798.000
2025-09-15,3052.060,3066.180,3106.880,3044.690,224871259.000
2025-09-16,3072.300,3087.040,3089.780,3020.630,242587260.000
2025-09-17,3085.710,3147.350,3152.310,3064.770,244207711.000
2025-09-18,3119.770,3095.850,3168.680,3051.300,310707378.000
2025-09-19,3098.280,3091.000,3128.380,3072.760,226063739.000
2025-09-22,3093.970,3107.890,3107.890,3053.350,199289291.000
2025-09-23,3139.500,3114.550,3157.020,3041.460,249119042.000
2025-09-24,3089.900,3185.570,3185.840,3085.700,221457643.000
2025-09-25,3167.750,3235.760,3266.000,3161.080,226942858.000
2025-09-26,3222.190,3151.530,3251.880,3150.840,209243820.000
2025-09-29,3165.070,3238.010,3259.420,3164.800,200825881.000
2025-09-30,3239.330,3238.160,3279.020,3218.690,196651530.000
2025-10-09,3251.040,3261.820,3322.440,3243.710,230359686.000
2025-10-10,3230.460,3113.260,3235.860,3097.630,219702850.000
2025-10-13,2975.030,3078.760,3096.400,2975.030,210881631.000
2025-10-14,3121.000,2955.980,3124.830,2943.580,216718242.000
2025-10-15,2964.520,3025.870,3030.590,2927.510,179838526.000
2025-10-16,3008.370,3037.440,3068.840,3001.100,173471667.000
2025-10-17,3026.400,2935.370,3042.290,2932.680,178268865.000
2025-10-20,3007.210,2993.450,3042.200,2970.190,155937611.000
2025-10-21,3017.770,3083.720,3101.930,2994.760,172028506.000
2025-10-22,3061.270,3059.320,3089.760,3044.040,158313410.000
2025-10-23,3050.740,3062.160,3066.460,3003.340,162399491.000
2025-10-24,3087.630,3171.570,3171.570,3082.060,183073810.000
2025-10-27,3227.180,3234.450,3241.950,3179.620,207256404.000
2025-10-28,3205.440,3229.580,3282.330,3205.050,201432398.000
2025-10-29,3263.980,3324.270,3324.270,3258.690,207178367.000
2025-10-30,3313.790,3263.020,3331.860,3259.210,217610201.000
2025-10-31,3260.260,3187.530,3281.660,3187.530,213475247.000
2025-11-03,3179.300,3196.870,3199.400,3120.850,208981991.000
2025-11-04,3190.400,3134.090,3207.100,3111.020,191439663.000
2025-11-05,3068.950,3166.230,3179.930,3068.950,200008334.000
2025-11-06,3185.130,3224.620,3236.680,3177.600,195826587.000
2025-11-07,3201.260,3208.210,3240.350,3178.800,199442356.000
2025-11-10,3221.930,3178.830,3236.610,3138.300,205337561.000
2025-11-11,3197.120,3134.320,3209.890,3130.580,203102230.000
2025-11-12,3122.580,3122.030,3137.580,3078.640,199842484.000
2025-11-13,3119.090,3201.750,3209.700,3107.620,206383934.000
2025-11-14,3145.920,3111.510,3167.110,3111.510,209983125.000
2025-11-17,3097.340,3105.200,3120.730,3082.230,213074768.000
2025-11-18,3089.380,3069.220,3115.310,3052.640,224288955.000
2025-11-19,3065.170,3076.850,3113.220,3061.960,209978109.000
2025-11-20,3131.840,3042.340,3137.070,3039.380,194502677.000
2025-11-21,2979.370,2920.080,2996.790,2920.040,246486373.000
2025-11-24,2946.460,2929.040,2951.430,2892.270,219085909.000
2025-11-25,2970.730,2980.930,3027.830,2961.930,228087380.000
2025-11-26,2976.700,3044.690,3081.490,2962.990,212833213.000
2025-11-27,3041.200,3031.300,3113.440,3027.310,195142886.000
2025-11-28,3029.980,3052.590,3067.760,3013.490,187381791.000
2025-12-01,3060.560,3092.500,3093.960,3037.690,210082058.000
2025-12-02,3091.370,3071.150,3094.180,3056.360,192465241.000
2025-12-03,3078.860,3036.790,3105.300,3028.700,195851910.000
2025-12-04,3037.050,3067.480,3075.460,3016.580,175615636.000
2025-12-05,3084.220,3109.300,3115.810,3048.940,188484887.000
2025-12-08,3119.150,3190.270,3214.480,3119.150,211907775.000
2025-12-09,3183.610,3209.600,3235.540,3175.510,194117870.000
2025-12-10,3201.380,3209.000,3220.240,3143.410,185507666.000
2025-12-11,3210.550,3163.670,3246.320,3163.670,194039411.000
2025-12-12,3172.730,3194.360,3203.250,3137.630,202785453.000
2025-12-15,3157.320,3137.800,3184.620,3135.660,180673480.000
2025-12-16,3130.430,3071.760,3141.580,3058.790,181550894.000
2025-12-17,3072.620,3175.910,3181.690,3072.620,186868324.000
2025-12-18,3138.660,3107.060,3154.070,3107.060,169218740.000
2025-12-19,3134.800,3122.240,3157.290,3112.030,177361917.000
2025-12-22,3153.750,3191.980,3197.940,3153.750,175227535.000
2025-12-23,3196.310,3205.010,3227.070,3184.530,183880580.000
2025-12-24,3207.410,3229.580,3235.000,3193.970,182675050.000
2025-12-25,3232.970,3239.340,3249.110,3200.490,193569997.000
2025-12-26,3232.410,3243.880,3268.690,3219.130,210934630.000
2025-12-29,3237.770,3222.610,3250.090,3208.080,196242768.000
2025-12-30,3208.320,3242.900,3251.130,3207.730,206953285.000
2025-12-31,3247.740,3203.170,3254.890,3198.250,206198167.000
2026-01-05,3229.930,3294.550,3295.290,3229.930,263142610.000
2026-01-06,3279.810,3319.290,3321.440,3265.730,278150655.000
2026-01-07,3331.340,3329.690,3351.220,3298.550,271641051.000
2026-01-08,3308.740,3302.310,3328.960,3285.160,280864919.000
2026-01-09,3279.380,3327.810,3330.010,3269.990,333280635.000
2026-01-12,3323.640,3388.340,3398.050,3282.390,406851832.000
2026-01-13,3390.690,3321.890,3416.840,3307.630,419547701.000
2026-01-14,3333.170,3349.140,3403.950,3308.630,439958418.000
2026-01-15,3318.110,3367.920,3372.470,3309.060,307576548.000
2026-01-16,3394.350,3361.020,3407.860,3354.650,299981551.000
2026-01-19,3340.940,3337.610,3383.790,3326.130,256405217.000
2026-01-20,3340.460,3277.980,3347.940,3257.440,260731480.000
2026-01-21,3270.130,3295.520,3329.500,3270.130,230185910.000
2026-01-22,3312.750,3328.650,3337.270,3280.320,235389326.000
2026-01-23,3334.020,3349.500,3349.500,3316.650,293479372.000
2026-01-26,3365.610,3319.150,3367.990,3304.360,314806723.000
2026-01-27,3316.020,3342.600,3366.680,3277.260,266460051.000
2026-01-28,3359.790,3323.560,3361.140,3301.050,258142248.000
2026-01-29,3322.480,3304.510,3356.480,3298.590,294963224.000
2026-01-30,3301.540,3346.360,3369.240,3255.650,263026318.000
2026-02-02,3368.140,3264.110,3390.300,3262.120,238543608.000
2026-02-03,3318.060,3324.890,3332.480,3249.060,230616448.000
2026-02-04,3298.320,3311.510,3318.900,3244.710,237312928.000
2026-02-05,3277.720,3260.280,3288.380,3238.780,205295208.000
2026-02-06,3222.880,3236.460,3288.030,3199.140,209401230.000
2026-02-09,3299.600,3332.770,3340.330,3276.570,235311933.000
2026-02-10,3321.880,3320.540,3348.480,3320.540,240458372.000
2026-02-11,3312.640,3284.740,3324.180,3284.240,220715123.000
2026-02-12,3294.570,3328.060,3334.350,3292.680,225917395.000
2026-02-13,3309.430,3275.960,3323.370,3275.290,206249589.000
2026-02-24,3331.790,3308.260,3343.240,3292.500,222404056.000
2026-02-25,3313.090,3354.820,3363.180,3302.760,232054795.000
2026-02-26,3346.740,3344.980,3351.570,3310.550,251619744.000
2026-02-27,3303.980,3310.300,3326.580,3292.890,240320830.000
2026-03-02,3257.050,3294.160,3319.910,3257.050,273514912.000
2026-03-03,3316.630,3209.480,3331.260,3206.620,286371200.000
2026-03-04,3171.190,3164.370,3217.110,3149.410,217331864.000
2026-03-05,3236.150,3216.940,3264.800,3194.960,241669489.000
2026-03-06,3197.660,3229.300,3248.900,3177.870,222766226.000
2026-03-09,3152.720,3208.580,3220.010,3111.880,255045462.000
2026-03-10,3281.940,3306.140,3308.750,3272.990,236304274.000
2026-03-11,3318.410,3349.530,3388.100,3318.410,235567220.000
2026-03-12,3357.030,3317.520,3358.770,3286.770,225425058.000
2026-03-13,3296.500,3310.280,3342.850,3296.110,226552974.000
2026-03-16,3323.980,3357.020,3360.350,3284.050,208217725.000
2026-03-17,3385.710,3280.060,3390.020,3279.870,207256854.000
2026-03-18,3307.820,3346.370,3350.560,3274.260,193702694.000
2026-03-19,3311.440,3309.100,3361.210,3295.450,199153562.000
2026-03-20,3362.070,3352.100,3426.610,3348.700,225401630.000
2026-03-23,3300.560,3235.220,3334.460,3214.820,239669171.000
2026-03-24,3266.930,3251.550,3270.190,3155.270,205225479.000
2026-03-25,3287.170,3316.970,3325.260,3278.730,206290186.000
2026-03-26,3299.030,3272.490,3347.230,3264.000,185458328.000
2026-03-27,3236.370,3295.880,3323.330,3228.410,169688303.000
2026-03-30,3254.430,3273.360,3281.390,3224.600,172193857.000
2026-03-31,3247.280,3184.950,3280.480,3184.950,178168265.000
2026-04-01,3255.260,3247.520,3255.260,3206.800,180123659.000
2026-04-02,3229.600,3172.650,3229.680,3155.130,174675433.000
2026-04-03,3197.770,3149.600,3199.440,3149.150,161826887.000
2026-04-07,3162.820,3160.820,3181.350,3133.780,146704274.000
2026-04-08,3257.910,3347.610,3348.390,3243.780,226902300.000
2026-04-09,3316.290,3323.300,3340.300,3301.650,195555903.000
2026-04-10,3355.070,3448.790,3470.720,3354.770,205391067.000
2026-04-13,3434.320,3476.440,3492.480,3434.320,180013140.000
2026-04-14,3507.110,3558.530,3560.300,3493.370,200966062.000
2026-04-15,3596.080,3514.960,3599.980,3491.450,203159933.000
2026-04-16,3531.260,3626.270,3629.420,3518.360,212193010.000
2026-04-17,3643.150,3678.290,3685.100,3620.330,213647879.000
2026-04-20,3657.350,3677.580,3696.260,3642.810,215598844.000
2026-04-21,3662.260,3688.940,3695.740,3619.480,196710069.000
2026-04-22,3660.420,3752.760,3755.750,3660.090,208325490.000
2026-04-23,3769.020,3720.250,3785.230,3681.570,234554114.000
2026-04-24,3682.500,3667.790,3699.940,3625.000,227960182.000
2026-04-27,3677.890,3648.790,3686.940,3640.110,215941887.000
2026-04-28,3623.490,3596.710,3636.930,3580.390,218834025.000
2026-04-29,3578.420,3687.170,3692.210,3578.420,215002402.000
2026-04-30,3704.110,3677.150,3718.400,3660.220,201808141.000
2026-05-06,3760.670,3778.160,3815.070,3724.530,249880273.000
2026-05-07,3807.990,3833.060,3840.060,3761.230,252313119.000
2026-05-08,3792.040,3796.130,3840.160,3787.170,242873982.000
2026-05-11,3829.610,3928.970,3937.870,3797.500,264046160.000
2026-05-12,3947.140,3934.880,3954.990,3897.820,247035078.000
2026-05-13,3900.740,4038.330,4041.990,3893.800,248072070.000
2026-05-14,4087.850,3951.140,4090.420,3937.600,250323172.000
2026-05-15,3957.740,3929.060,4002.730,3870.370,245569819.000
2026-05-18,3895.070,3914.880,3961.160,3883.400,217646936.000
2026-05-19,3894.000,3908.440,3918.310,3808.470,223481304.000
2026-05-20,3889.680,3921.790,3947.220,3887.150,222605616.000
2026-05-21,3962.300,3829.780,4017.810,3827.520,265528742.000
2026-05-22,3875.810,3938.500,3948.990,3856.210,214290151.000
2026-05-25,3974.970,4021.160,4022.740,3905.690,231457815.000
2026-05-26,4003.130,4043.070,4057.370,3985.510,228092127.000
2026-05-27,4053.680,4045.770,4148.230,4015.650,224129186.000
2026-05-28,4042.080,4125.070,4135.380,3971.720,207796485.000
2026-05-29,4141.910,4037.950,4158.690,4010.120,233413759.000
2026-06-01,4057.390,3950.940,4081.420,3942.680,210798809.000
2026-06-02,3987.410,4055.870,4083.920,3946.110,203915728.000
2026-06-03,4089.020,4122.990,4218.330,4063.200,218925848.000
2026-06-04,4072.550,4088.880,4114.240,4051.150,202724870.000
2026-06-05,4079.950,3957.940,4105.210,3933.070,228732023.000
2026-06-08,3820.230,3811.790,3903.770,3776.930,228336414.000
2026-06-09,3865.690,3961.750,3962.900,3823.760,209755585.000
2026-06-10,3897.730,3854.790,3928.360,3818.310,203947087.000
2026-06-11,3839.190,3811.250,3910.280,3755.610,198465341.000
2026-06-12,3921.090,3830.350,3921.530,3822.420,230246100.000
2026-06-15,3896.170,4033.530,4033.530,3844.080,221269003.000
2026-06-16,4065.270,4102.940,4142.430,4053.880,225905115.000
2026-06-17,4061.300,4167.050,4168.160,4058.610,221861568.000
2026-06-18,4153.620,4252.390,4272.010,4153.620,226559938.000
2026-06-22,4272.990,4359.390,4359.390,4229.310,272346002.000
2026-06-23,4343.880,4192.190,4350.060,4159.480,245858967.000
2026-06-24,4181.910,4251.420,4257.250,4161.580,232494708.000
2026-06-25,4278.340,4371.990,4380.410,4242.860,246522881.000
2026-06-26,4319.410,4194.210,4328.700,4175.380,240931473.000
2026-06-29,4200.670,4216.700,4265.460,4103.630,243571409.000
2026-06-30,4217.630,4342.710,4353.110,4205.740,223185932.000
2026-07-01,4336.160,4260.720,4361.830,4222.220,264901000.000
2026-07-02,4135.340,4017.270,4168.870,3999.570,249554568.000
2026-07-03,4010.820,4019.930,4115.630,3985.360,228453195.000
2026-07-06,4050.880,3948.860,4063.630,3903.480,216576771.000
2026-07-07,3931.440,3911.910,3976.110,3859.430,185806984.000
2026-07-08,3932.420,3845.350,3965.390,3824.330,192572049.000
2026-07-09,3892.120,4018.170,4025.320,3812.660,208378136.000
2026-07-10,4041.860,3842.730,4060.530,3842.350,248254176.000
2026-07-13,3809.860,3723.520,3855.750,3691.230,219895176.000
2026-07-14,3729.610,3851.140,3855.030,3673.960,196146517.000
2026-07-15,3879.770,3804.700,3905.310,3794.340,197252763.000
2026-07-16,3710.510,3692.460,3796.350,3658.070,198456563.000
2026-07-17,3642.060,3428.630,3642.060,3387.260,230221243.000
2026-07-20,3504.120,3443.100,3550.590,3338.210,237174099.000
2026-07-21,3469.220,3685.970,3687.150,3373.040,258922406.000
2026-07-22,3644.980,3566.730,3694.900,3553.370,205833919.000
2026-07-23,3596.730,3575.520,3621.730,3538.110,181766334.000
2026-07-24,3515.500,3480.870,3561.350,3480.870,168793607.000
2026-07-27,3482.040,3590.790,3592.100,3449.210,175227394.000
2026-07-28,3478.860,3327.030,3511.700,3312.300,174708042.000
2026-07-29,3333.480,3378.700,3411.030,3249.650,201044720.000
2026-07-30,3331.320,3244.620,3353.810,3158.140,203836418.000
2026-07-31,3411.610,3343.960,3464.900,3343.960,236170945.000
2026-08-03,3320.090,3302.550,3342.170,3280.840,187720972.000
2026-08-04,3353.510,3488.970,3510.510,3342.410,211106623.000
2026-08-05,3372.080,3535.140,3584.060,3372.040,226495353.000
2026-08-06,3472.150,3515.560,3574.410,3444.360,218807247.000
2026-08-07,3537.440,3563.120,3613.870,3507.620,229977435.000
2026-08-10,3567.050,3537.210,3575.590,3470.950,208986302.000
2026-08-11,3533.890,3549.160,3601.590,3517.570,190755076.000
2026-08-12,3542.130,3602.080,3625.270,3540.950,183438948.000
2026-08-13,3656.880,3586.040,3681.800,3585.270,220850675.000
2026-08-14,3610.190,3626.300,3633.030,3578.610,193507809.000
2026-08-17,3632.780,3740.160,3740.160,3604.170,194278692.000
2026-08-18,3730.990,3705.560,3747.530,3662.450,196213815.000
2026-08-19,3605.520,3473.490,3622.500,3455.480,205509141.000
2026-08-20,3517.650,3495.590,3531.920,3459.570,182875324.000
2026-08-21,3495.110,3545.580,3563.060,3478.520,168896802.000
2026-08-24,3550.250,3431.890,3551.510,3376.640,170316149.000
2026-08-25,3403.200,3397.520,3440.650,3359.740,170664183.000
2026-08-26,3409.280,3414.880,3455.890,3379.140,164782656.000
2026-08-27,3437.900,3473.350,3474.070,3408.800,182569439.000
2026-08-28,3453.730,3424.400,3521.470,3423.070,186154222.000
2026-08-31,3367.040,3438.680,3438.680,3359.140,192655375.000
2026-09-01,3435.320,3393.430,3442.480,3375.010,194899306.000
2026-09-02,3347.680,3312.240,3348.690,3296.470,165249225.000
2026-09-03,3342.090,3312.540,3356.250,3285.060,161532447.000
2026-09-04,3344.620,3286.550,3370.470,3266.800,193413042.000
