date,open,close,high,low,volume
2019-01-02,6375.540,6404.640,6439.160,6323.060,3452995.000
2019-01-03,6392.650,6535.180,6680.440,6389.310,5664430.000
2019-01-04,6473.820,6683.220,6686.890,6462.700,5792744.000
2019-01-07,6738.410,6921.220,6956.660,6732.050,7829011.000
2019-01-08,6894.320,6825.040,6897.370,6799.980,5281533.000
2019-01-09,6831.310,6771.900,6874.640,6770.440,4582452.000
2019-01-10,6770.060,6767.940,6818.940,6750.320,3411428.000
2019-01-11,6784.950,6883.110,6891.080,6784.350,3813060.000
2019-01-14,6878.270,6812.770,6894.540,6790.630,2911674.000
2019-01-15,6807.920,6876.580,6878.370,6790.520,2885858.000
2019-01-16,6873.120,6809.410,6895.750,6806.350,3008569.000
2019-01-17,6818.040,6734.330,6824.130,6724.330,2482538.000
2019-01-18,6741.620,6788.710,6791.910,6712.380,2367088.000
2019-01-21,6798.570,6834.960,6857.850,6762.230,2453350.000
2019-01-22,6820.570,6724.370,6820.570,6687.400,2582911.000
2019-01-23,6714.440,6734.940,6744.170,6692.080,1767620.000
2019-01-24,6744.510,6813.820,6848.540,6697.110,3074388.000
2019-01-25,6814.500,6757.900,6826.370,6757.900,2652521.000
2019-01-28,6802.480,6733.410,6839.390,6718.990,2733481.000
2019-01-29,6728.990,6620.180,6728.990,6547.500,2930373.000
2019-01-30,6613.780,6642.770,6721.280,6597.880,2467569.000
2019-01-31,6657.210,6564.840,6657.900,6534.410,2701010.000
2019-02-01,6593.780,6716.830,6717.640,6587.020,2369577.000
2019-02-11,6744.290,6878.300,6878.870,6744.290,2952740.000
2019-02-12,6871.290,6927.810,6944.050,6863.520,3158614.000
2019-02-13,6933.000,7061.420,7085.820,6908.130,5063838.000
2019-02-14,7059.980,7087.250,7122.430,7050.340,3820316.000
2019-02-15,7083.550,7020.450,7114.620,7007.940,3187657.000
2019-02-18,7063.740,7295.300,7295.300,7063.740,5393227.000
2019-02-19,7325.500,7383.030,7383.120,7192.300,6317654.000
2019-02-20,7348.060,7365.380,7429.300,7251.410,6414580.000
2019-02-21,7396.000,7286.440,7500.670,7254.550,7736739.000
2019-02-22,7251.290,7431.540,7432.350,7247.270,5735017.000
2019-02-25,7504.620,7886.500,7914.330,7504.620,11180882.000
2019-02-26,7869.280,7781.440,7933.480,7758.740,9506469.000
2019-02-27,7777.320,7870.440,8093.400,7774.460,10047266.000
2019-02-28,7963.310,7852.800,8006.860,7777.220,6454693.000
2019-03-01,7894.390,7888.220,7907.180,7738.580,6556408.000
2019-03-04,7935.510,8007.440,8103.620,7899.950,10412098.000
2019-03-05,7979.470,8195.120,8197.570,7941.120,10207485.000
2019-03-06,8224.550,8215.080,8263.860,8062.160,9791268.000
2019-03-07,8176.540,8183.920,8265.420,8110.540,9328782.000
2019-03-08,8036.080,7959.050,8298.870,7939.170,11144775.000
2019-03-11,8023.760,8233.070,8233.230,7993.000,8670509.000
2019-03-12,8307.050,8522.570,8557.480,8239.200,12662377.000
2019-03-13,8579.330,8328.290,8726.710,8258.450,11852238.000
2019-03-14,8287.440,8118.340,8322.140,7976.800,8599977.000
2019-03-15,8163.540,8089.510,8196.930,8034.780,6244937.000
2019-03-18,8116.110,8238.900,8239.210,8046.450,6736489.000
2019-03-19,8253.770,8357.630,8428.030,8240.050,8168138.000
2019-03-20,8355.600,8250.070,8355.600,8112.790,6457873.000
2019-03-21,8253.000,8304.890,8353.840,8228.780,6481892.000
2019-03-22,8305.930,8333.800,8344.290,8200.640,6575951.000
2019-03-25,8282.420,8691.150,8890.800,8268.520,18257371.000
2019-03-26,8714.860,8262.430,8717.380,8256.920,13210855.000
2019-03-27,8310.900,8186.680,8336.330,8057.120,7328374.000
2019-03-28,8187.900,8119.880,8353.280,8108.120,6988478.000
2019-03-29,8229.280,8451.650,8452.150,8206.730,10497817.000
2019-04-01,8573.540,8850.670,8868.820,8573.540,13195995.000
2019-04-02,8971.220,8899.170,9131.970,8850.550,16778021.000
2019-04-03,8841.590,8958.630,8988.870,8778.760,11250071.000
2019-04-04,8967.150,8977.270,9044.700,8858.700,11731686.000
2019-04-08,9122.970,8839.720,9153.570,8758.100,11155250.000
2019-04-09,8846.290,8820.530,8860.560,8741.440,7366424.000
2019-04-10,8790.720,8751.810,8816.330,8700.570,7207130.000
2019-04-11,8749.010,8582.340,8795.920,8581.660,6883315.000
2019-04-12,8573.250,8544.660,8586.170,8465.660,5439019.000
2019-04-15,8658.120,8517.370,8749.190,8513.360,6278043.000
2019-04-16,8479.420,8651.190,8651.190,8367.970,6242798.000
2019-04-17,8649.400,8677.620,8727.740,8599.510,5862283.000
2019-04-18,8671.740,8734.980,8819.210,8635.900,8282715.000
2019-04-19,8704.190,8713.940,8726.260,8578.810,6312372.000
2019-04-22,8744.190,8621.110,8761.210,8597.110,6079730.000
2019-04-23,8610.490,8314.620,8611.140,8290.950,6837556.000
2019-04-24,8329.140,8390.150,8399.760,8228.430,4631762.000
2019-04-25,8369.990,8051.440,8370.370,8050.990,5598265.000
2019-04-26,8024.850,8010.760,8121.940,8007.950,4528910.000
2019-04-29,8025.730,7784.330,8055.770,7776.390,5131669.000
2019-04-30,7800.350,7852.320,7939.960,7772.990,3954900.000
2019-05-06,7651.750,7278.300,7651.750,7219.070,7042951.000
2019-05-07,7304.170,7343.420,7377.040,7224.310,4751373.000
2019-05-08,7180.430,7371.270,7444.640,7152.460,4736372.000
2019-05-09,7326.140,7391.050,7483.430,7319.570,4387631.000
2019-05-10,7450.410,7718.330,7733.640,7333.760,7034382.000
2019-05-13,7657.360,7642.600,7732.130,7602.500,3790484.000
2019-05-14,7554.280,7617.350,7732.900,7552.790,5448427.000
2019-05-15,7654.250,7692.290,7705.880,7619.520,4538362.000
2019-05-16,7677.950,7762.020,7812.840,7647.460,5258894.000
2019-05-17,7765.450,7514.110,7796.410,7488.710,5441485.000
2019-05-20,7521.770,7677.800,7677.800,7521.770,4945959.000
2019-05-21,7665.640,7759.700,7772.860,7585.240,5059679.000
2019-05-22,7756.890,7738.090,7787.920,7668.950,4363101.000
2019-05-23,7744.260,7624.350,7809.550,7609.110,5063179.000
2019-05-24,7555.360,7427.930,7609.220,7423.300,4080756.000
2019-05-27,7447.500,7700.670,7710.260,7413.300,4494300.000
2019-05-28,7705.050,7715.160,7769.670,7648.470,4661729.000
2019-05-29,7676.360,7720.080,7768.810,7658.160,4361471.000
2019-05-30,7680.690,7647.890,7684.860,7565.320,3912469.000
2019-05-31,7652.280,7657.420,7704.960,7620.240,3978927.000
2019-06-03,7706.300,7547.580,7736.160,7513.620,4420301.000
2019-06-04,7533.750,7410.110,7535.640,7368.500,4070315.000
2019-06-05,7470.580,7365.340,7489.860,7358.060,3227885.000
2019-06-06,7371.670,7222.730,7373.690,7203.990,3280080.000
2019-06-10,7235.220,7273.770,7315.260,7224.320,2933938.000
2019-06-11,7280.000,7497.660,7499.310,7214.250,4830746.000
2019-06-12,7475.350,7424.080,7506.080,7408.070,4339314.000
2019-06-13,7408.530,7405.750,7447.780,7366.660,3510618.000
2019-06-14,7429.960,7349.420,7607.160,7341.060,6635350.000
2019-06-17,7324.460,7288.180,7324.460,7262.160,3256450.000
2019-06-18,7278.350,7246.260,7294.780,7215.940,2705939.000
2019-06-19,7377.620,7379.040,7419.780,7362.630,4410093.000
2019-06-20,7370.050,7508.510,7528.070,7315.450,5019380.000
2019-06-21,7534.140,7636.820,7667.250,7534.140,5579766.000
2019-06-24,7653.360,7624.370,7670.900,7578.120,3974739.000
2019-06-25,7609.710,7598.990,7646.060,7509.120,3974574.000
2019-06-26,7565.400,7694.190,7697.380,7530.880,4022549.000
2019-06-27,7755.390,7725.550,7808.840,7720.230,5715891.000
2019-06-28,7720.800,7619.100,7720.800,7579.130,3732004.000
2019-07-01,7745.770,7807.650,7808.840,7731.330,4925898.000
2019-07-02,7965.720,7901.630,7978.570,7875.540,7870975.000
2019-07-03,7873.210,7983.700,8046.020,7801.450,8499602.000
2019-07-04,7967.420,8076.700,8250.760,7950.260,12560249.000
2019-07-05,8046.960,8013.450,8073.860,7971.100,7202216.000
2019-07-08,7989.310,7753.890,7989.310,7699.940,7767150.000
2019-07-09,7730.530,7763.080,7792.840,7684.500,4341655.000
2019-07-10,7774.010,7742.960,7854.250,7710.850,4625797.000
2019-07-11,7771.330,7715.710,7828.920,7675.280,3915481.000
2019-07-12,7711.340,7702.660,7736.830,7649.590,3145586.000
2019-07-15,7706.170,7916.460,7916.780,7680.100,5669756.000
2019-07-16,7908.510,7916.070,7976.080,7879.130,4480794.000
2019-07-17,7916.430,7946.820,7998.120,7906.980,4366056.000
2019-07-18,7896.020,7791.010,7896.020,7791.010,3727920.000
2019-07-19,7808.390,7806.270,7874.560,7799.270,3054915.000
2019-07-22,7809.380,7595.410,7809.380,7567.200,4286677.000
2019-07-23,7608.540,7720.440,7720.900,7605.570,2960955.000
2019-07-24,7763.280,7857.300,7891.490,7760.800,4030926.000
2019-07-25,7863.930,7906.170,7919.930,7854.880,3248751.000
2019-07-26,7883.850,7980.750,7983.530,7870.640,3945803.000
2019-07-29,7998.520,8018.670,8067.040,7966.440,3741462.000
2019-07-30,8026.140,7991.180,8042.770,7984.490,3330319.000
2019-07-31,7971.110,8009.210,8027.120,7938.280,3292111.000
2019-08-01,8007.940,7926.630,8014.620,7908.870,3544143.000
2019-08-02,7749.440,7780.390,7827.870,7706.790,4200474.000
2019-08-05,7748.210,7734.690,7905.260,7734.250,3535489.000
2019-08-06,7582.960,7576.110,7621.870,7412.010,5050803.000
2019-08-07,7601.120,7449.120,7625.290,7449.060,3566157.000
2019-08-08,7486.930,7605.160,7633.590,7486.590,5160074.000
2019-08-09,7639.580,7438.690,7645.470,7426.680,4172444.000
2019-08-12,7436.540,7548.570,7549.120,7403.400,2585253.000
2019-08-13,7480.930,7534.190,7594.560,7454.090,3318669.000
2019-08-14,7623.460,7613.000,7633.680,7552.470,4094588.000
2019-08-15,7450.590,7616.500,7634.150,7424.600,4705217.000
2019-08-16,7624.060,7626.180,7686.700,7598.450,3907534.000
2019-08-19,7671.480,7866.320,7866.320,7664.390,5005372.000
2019-08-20,7865.680,7879.520,7951.100,7832.430,5199876.000
2019-08-21,7868.020,7886.320,7920.520,7841.830,3622473.000
2019-08-22,7906.850,7985.340,7998.340,7882.800,4799905.000
2019-08-23,7968.990,7928.540,8022.440,7893.730,3676724.000
2019-08-26,7771.450,7915.380,7918.120,7754.870,4072763.000
2019-08-27,7955.880,8066.190,8085.740,7919.480,5570331.000
2019-08-28,8068.770,8086.330,8207.140,8034.680,6497671.000
2019-08-29,8114.990,8137.560,8182.380,8083.020,5543311.000
2019-08-30,8179.170,8308.870,8349.010,8145.080,9333170.000
2019-09-02,8365.700,8706.560,8758.000,8365.700,13113428.000
2019-09-03,8689.720,8726.090,8798.620,8599.260,10904742.000
2019-09-04,8668.660,8659.210,8709.570,8573.070,7602552.000
2019-09-05,8697.360,8687.530,8801.160,8648.700,9399287.000
2019-09-06,8696.660,8740.230,8777.100,8678.590,7350547.000
2019-09-09,8814.750,8846.030,8846.030,8725.560,7614681.000
2019-09-10,8842.700,8742.990,8975.730,8720.090,8311310.000
2019-09-11,8753.830,8634.230,8762.240,8623.850,6226474.000
2019-09-12,8662.160,8660.990,8673.220,8601.980,4568547.000
2019-09-16,8698.850,8641.940,8730.040,8600.670,4833791.000
2019-09-17,8627.580,8372.500,8627.580,8347.850,6584750.000
2019-09-18,8396.990,8324.450,8407.330,8296.690,5253578.000
2019-09-19,8346.420,8445.010,8445.010,8329.180,5380971.000
2019-09-20,8448.250,8397.320,8450.170,8313.640,5614798.000
2019-09-23,8366.280,8325.270,8383.810,8248.590,4682438.000
2019-09-24,8330.710,8324.710,8400.460,8291.700,4591126.000
2019-09-25,8303.040,8166.230,8321.950,8165.270,4586802.000
2019-09-26,8186.670,7869.630,8204.340,7869.580,5782339.000
2019-09-27,7876.700,7933.110,7985.430,7876.190,3396134.000
2019-09-30,7944.770,7865.300,7987.550,7864.890,2872868.000
2019-10-08,7873.480,7771.540,7893.350,7770.950,2990007.000
2019-10-09,7758.220,7818.030,7819.680,7702.730,2512561.000
2019-10-10,7824.220,7888.320,7891.650,7813.040,2530360.000
2019-10-11,7907.080,7862.230,7910.640,7800.040,2787297.000
2019-10-14,7922.820,7961.950,7980.950,7908.480,3742192.000
2019-10-15,7949.230,7804.800,7949.240,7795.780,3020801.000
2019-10-16,7818.800,7759.430,7845.320,7752.660,2295794.000
2019-10-17,7765.730,7722.020,7793.430,7712.580,2030179.000
2019-10-18,7739.340,7596.100,7764.010,7587.290,2767514.000
2019-10-21,7591.210,7601.100,7617.180,7475.500,2532104.000
2019-10-22,7606.500,7664.200,7664.930,7589.490,2086101.000
2019-10-23,7687.980,7594.270,7688.270,7581.640,2293262.000
2019-10-24,7585.820,7595.390,7600.700,7512.330,2540451.000
2019-10-25,7597.870,7635.290,7654.380,7530.980,2842168.000
2019-10-28,7700.760,7786.750,7787.760,7691.090,3906903.000
2019-10-29,7794.710,7670.930,7794.710,7670.930,3155700.000
2019-10-30,7638.320,7584.510,7638.540,7550.830,2607478.000
2019-10-31,7580.790,7578.320,7615.830,7557.220,2552636.000
2019-11-01,7562.630,7609.700,7621.180,7531.500,2558854.000
2019-11-04,7623.540,7589.370,7647.930,7581.710,2482761.000
2019-11-05,7595.430,7621.000,7632.170,7540.060,2479384.000
2019-11-06,7695.590,7713.800,7836.970,7691.130,4449431.000
2019-11-07,7696.750,7658.580,7697.360,7642.420,3240140.000
2019-11-08,7694.860,7618.980,7705.930,7616.670,2779971.000
2019-11-11,7586.550,7415.810,7586.580,7409.420,3013942.000
2019-11-12,7403.710,7408.440,7422.580,7305.930,2299102.000
2019-11-13,7409.960,7382.070,7415.660,7359.000,1776859.000
2019-11-14,7389.150,7403.670,7425.150,7368.770,1936115.000
2019-11-15,7397.620,7342.730,7421.090,7326.030,2198829.000
2019-11-18,7322.930,7370.060,7380.430,7294.400,1724294.000
2019-11-19,7374.270,7488.140,7489.400,7364.580,2240854.000
2019-11-20,7489.170,7411.810,7492.340,7405.880,2143582.000
2019-11-21,7402.530,7488.400,7506.930,7382.460,2584559.000
2019-11-22,7463.730,7456.790,7527.620,7406.420,2926834.000
2019-11-25,7451.730,7392.180,7451.730,7355.110,2207055.000
2019-11-26,7413.850,7420.020,7447.770,7377.510,2944645.000
2019-11-27,7419.010,7391.730,7429.370,7380.130,2026047.000
2019-11-28,7383.690,7369.060,7403.890,7357.920,1482425.000
2019-11-29,7381.550,7416.960,7425.550,7351.500,2159929.000
2019-12-02,7421.190,7414.640,7466.750,7400.210,2280518.000
2019-12-03,7399.310,7474.730,7476.190,7379.140,2497150.000
2019-12-04,7445.850,7551.620,7552.330,7434.860,2567390.000
2019-12-05,7567.620,7630.290,7649.580,7559.080,2972149.000
2019-12-06,7631.770,7646.690,7646.690,7591.280,2661667.000
2019-12-09,7641.550,7616.960,7659.790,7603.400,2444006.000
2019-12-10,7613.450,7593.660,7613.600,7550.220,2785382.000
2019-12-11,7597.720,7562.540,7615.170,7549.730,2725906.000
2019-12-12,7563.150,7569.730,7618.280,7543.090,3490604.000
2019-12-13,7597.900,7604.580,7613.710,7555.010,3971412.000
2019-12-16,7620.920,7781.120,7784.780,7612.890,5502897.000
2019-12-17,7785.740,7843.040,7865.740,7778.120,5940055.000
2019-12-18,7884.230,7838.500,7928.810,7832.670,6058970.000
2019-12-19,7880.300,7851.970,7880.980,7817.370,5324280.000
2019-12-20,7848.550,7723.720,7850.860,7719.470,4076346.000
2019-12-23,7695.780,7560.870,7732.900,7558.760,3744054.000
2019-12-24,7570.760,7631.640,7633.870,7570.760,2822399.000
2019-12-25,7622.820,7653.850,7671.030,7612.960,3221260.000
2019-12-26,7661.420,7718.840,7718.860,7644.670,3112408.000
2019-12-27,7719.740,7702.810,7801.360,7701.580,4487731.000
2019-12-30,7701.750,7749.950,7751.490,7611.760,3824139.000
2019-12-31,7747.120,7763.100,7779.280,7701.210,3133672.000
2020-01-02,7806.840,7889.660,7912.070,7775.090,4826571.000
2020-01-03,7906.600,8019.620,8042.940,7901.490,6761392.000
2020-01-06,8110.490,8130.350,8193.770,8072.300,8308437.000
2020-01-07,8098.990,8150.990,8152.780,8098.080,5580307.000
2020-01-08,8206.630,8259.040,8318.960,8151.850,10392405.000
2020-01-09,8141.780,8175.970,8180.840,8090.490,7128081.000
2020-01-10,8179.600,8116.670,8202.550,8090.630,5052531.000
2020-01-13,8115.850,8209.430,8210.860,8075.240,4498418.000
2020-01-14,8225.740,8142.050,8225.740,8134.430,4101402.000
2020-01-15,8124.960,8071.550,8134.400,8037.780,4079768.000
2020-01-16,8086.860,8147.980,8242.710,8084.840,5416433.000
2020-01-17,8156.070,8128.650,8188.280,8112.300,4108170.000
2020-01-20,8153.810,8286.830,8288.160,8152.380,6205867.000
2020-01-21,8285.750,8208.650,8286.350,8200.850,6392712.000
2020-01-22,8159.810,8242.740,8271.110,8064.990,6201479.000
2020-01-23,8189.790,8065.370,8392.800,8008.610,8501800.000
2020-02-03,7294.200,7326.390,7357.000,7269.440,5202426.000
2020-02-04,6998.420,7364.660,7387.540,6998.420,9376689.000
2020-02-05,7389.180,7577.400,7663.340,7369.410,7857885.000
2020-02-06,7650.730,7863.640,7885.500,7581.250,8621264.000
2020-02-07,7967.960,8058.290,8067.920,7897.500,11895438.000
2020-02-10,8114.660,8123.120,8205.560,8001.140,12292978.000
2020-02-11,8111.630,8032.240,8115.580,7989.650,9247573.000
2020-02-12,8011.400,8205.780,8208.460,8008.750,8387226.000
2020-02-13,8219.350,8117.940,8224.510,8078.390,10838372.000
2020-02-14,8107.990,8131.310,8212.770,8086.470,8983305.000
2020-02-17,8237.380,8625.580,8630.580,8237.380,13851060.000
2020-02-18,8780.500,8940.460,8941.660,8773.560,16107942.000
2020-02-19,8889.260,8804.700,9018.950,8795.070,15491650.000
2020-02-20,8805.480,8867.940,8880.930,8676.420,11780826.000
2020-02-21,8872.590,9118.640,9178.940,8863.950,14167611.000
2020-02-24,9089.580,9204.030,9249.610,9034.880,12600622.000
2020-02-25,8976.380,9214.750,9238.250,8745.730,15192643.000
2020-02-26,9074.290,9017.020,9324.700,8979.820,15891381.000
2020-02-27,9050.680,8934.250,9103.430,8782.790,11714176.000
2020-02-28,8580.940,8410.670,8740.980,8388.250,11558352.000
2020-03-02,8531.150,8732.360,8780.060,8463.240,9782557.000
2020-03-03,8872.340,8928.260,9136.940,8824.950,12509121.000
2020-03-04,8863.840,8917.270,9039.590,8759.510,9288965.000
2020-03-05,9047.180,8958.570,9072.620,8885.940,10483947.000
2020-03-06,8831.070,8920.580,8995.700,8804.600,8579202.000
2020-03-09,8759.840,8439.530,8809.940,8438.990,10093700.000
2020-03-10,8360.190,8822.010,8824.470,8360.190,10334103.000
2020-03-11,8881.550,8840.520,9152.670,8839.910,14061321.000
2020-03-12,8685.840,8640.580,8801.250,8549.400,9587393.000
2020-03-13,8227.710,8629.480,8728.960,8218.880,10580218.000
2020-03-16,8692.910,8125.200,8692.910,8092.220,10375622.000
2020-03-17,8218.850,8127.510,8287.010,7874.480,7877561.000
2020-03-18,8203.430,7919.110,8304.560,7918.980,7589575.000
2020-03-19,7957.320,8039.980,8087.250,7831.510,7598641.000
2020-03-20,8117.790,8084.530,8150.040,7953.560,6090088.000
2020-03-23,7846.310,7672.770,7894.510,7640.920,6004543.000
2020-03-24,7834.270,7826.590,7870.850,7619.130,5676395.000
2020-03-25,7994.740,7937.560,7997.490,7866.270,5224143.000
2020-03-26,7892.930,7827.730,7941.000,7817.690,4081595.000
2020-03-27,7923.090,7821.890,7952.750,7818.380,4291641.000
2020-03-30,7711.780,7735.760,7832.350,7513.760,6143634.000
2020-03-31,7782.940,7651.550,7804.560,7645.930,4760644.000
2020-04-01,7634.530,7611.860,7752.480,7605.990,4345640.000
2020-04-02,7588.420,7849.930,7849.930,7585.620,5173534.000
2020-04-03,7837.360,7755.530,7843.590,7708.840,4548827.000
2020-04-07,7928.620,8088.470,8105.780,7904.640,7562436.000
2020-04-08,8030.320,8205.910,8236.940,8024.300,8168881.000
2020-04-09,8249.620,8200.850,8311.850,8169.310,6403760.000
2020-04-10,8184.980,8072.650,8200.080,8048.520,6109918.000
2020-04-13,8018.420,8059.800,8069.020,7927.700,4552241.000
2020-04-14,8095.750,8156.730,8156.730,8045.340,4663541.000
2020-04-15,8160.700,8073.770,8183.170,8068.010,5228494.000
2020-04-16,8018.850,8174.850,8209.750,7997.590,5423092.000
2020-04-17,8210.740,8147.680,8258.600,8132.840,5853428.000
2020-04-20,8170.560,8293.810,8294.210,8142.840,5564042.000
2020-04-21,8296.920,8303.920,8355.100,8228.430,7594293.000
2020-04-22,8221.990,8313.180,8331.210,8201.610,6046888.000
2020-04-23,8328.980,8369.190,8461.190,8267.490,8397897.000
2020-04-24,8355.260,8222.380,8386.000,8117.880,9060076.000
2020-04-27,8212.410,8090.400,8226.380,8083.770,6839220.000
2020-04-28,8089.110,7964.050,8096.740,7747.020,6861198.000
2020-04-29,7929.300,8095.480,8118.550,7929.190,5047125.000
2020-04-30,8141.630,8314.880,8329.770,8133.690,6897135.000
2020-05-06,8295.820,8493.450,8493.510,8279.950,7664141.000
2020-05-07,8494.600,8472.640,8526.950,8446.920,7135201.000
2020-05-08,8525.250,8569.180,8618.550,8505.960,7535642.000
2020-05-11,8592.160,8592.990,8659.540,8527.480,6918794.000
2020-05-12,8586.920,8586.770,8607.130,8487.030,5995946.000
2020-05-13,8565.250,8571.620,8600.230,8534.620,5132652.000
2020-05-14,8532.960,8582.060,8666.590,8491.200,7871143.000
2020-05-15,8605.630,8576.220,8638.660,8546.830,7572373.000
2020-05-18,8609.560,8715.290,8849.720,8581.390,10846230.000
2020-05-19,8742.140,8768.190,8768.280,8694.820,7378632.000
2020-05-20,8767.820,8529.940,8769.440,8503.150,8471042.000
2020-05-21,8551.980,8383.140,8554.370,8357.920,5848230.000
2020-05-22,8372.700,8255.050,8456.260,8222.570,5652460.000
2020-05-25,8253.780,8165.050,8277.040,8126.100,4577491.000
2020-05-26,8193.560,8302.470,8307.480,8193.560,4065230.000
2020-05-27,8303.220,8212.090,8314.410,8190.800,4745639.000
2020-05-28,8203.080,8205.540,8257.950,8086.110,5003720.000
2020-05-29,8172.830,8255.300,8267.590,8149.770,4861678.000
2020-06-01,8287.800,8437.940,8452.790,8285.280,6320945.000
2020-06-02,8430.720,8459.770,8545.320,8398.830,6969518.000
2020-06-03,8465.500,8397.910,8482.240,8397.910,5928244.000
2020-06-04,8434.930,8325.090,8447.240,8320.230,4723370.000
2020-06-05,8335.500,8315.030,8363.300,8265.830,4194168.000
2020-06-08,8356.560,8304.570,8390.700,8297.390,4705728.000
2020-06-09,8314.570,8286.730,8314.570,8252.500,4093985.000
2020-06-10,8269.710,8275.920,8278.790,8227.330,4179399.000
2020-06-11,8269.220,8301.930,8388.870,8259.320,6388068.000
2020-06-12,8177.500,8306.680,8311.540,8155.300,6806864.000
2020-06-15,8300.980,8187.160,8300.980,8187.160,7247740.000
2020-06-16,8226.150,8269.900,8277.550,8204.720,6365973.000
2020-06-17,8344.390,8391.240,8415.880,8330.180,9374389.000
2020-06-18,8338.300,8271.850,8338.300,8223.710,7484416.000
2020-06-19,8264.160,8325.050,8340.220,8249.930,6189005.000
2020-06-22,8348.770,8407.170,8414.650,8343.930,7548251.000
2020-06-23,8441.320,8414.710,8445.310,8359.620,8064202.000
2020-06-24,8411.430,8357.060,8415.060,8349.890,6603428.000
2020-06-29,8349.670,8380.400,8454.620,8346.050,6591691.000
2020-06-30,8421.310,8505.130,8509.040,8415.050,6238926.000
2020-07-01,8525.750,8520.670,8533.490,8411.830,7057979.000
2020-07-02,8500.480,8629.790,8629.940,8459.340,9178805.000
2020-07-03,8648.420,8713.650,8720.370,8631.850,10025732.000
2020-07-06,8781.840,9179.360,9203.210,8781.840,15896510.000
2020-07-07,9285.880,9380.500,9545.660,9167.520,17616878.000
2020-07-08,9358.270,10088.140,10088.140,9356.030,21148972.000
2020-07-09,10353.210,10442.110,10577.380,10297.660,22525277.000
2020-07-10,10539.950,10310.310,10553.050,10257.920,19625159.000
2020-07-13,10264.070,10508.340,10508.340,10197.460,17860772.000
2020-07-14,10476.630,10582.450,10907.260,10365.870,19553099.000
2020-07-15,10622.500,10179.750,10667.080,10126.730,16016582.000
2020-07-16,10165.900,9775.940,10350.030,9701.410,14267574.000
2020-07-17,9814.420,10065.570,10260.070,9730.940,13627853.000
2020-07-20,10283.080,10863.150,10863.150,10283.080,18988952.000
2020-07-21,10969.410,10580.230,10969.410,10476.130,18387684.000
2020-07-22,10513.460,10769.960,11003.280,10513.460,18596587.000
2020-07-23,10859.260,11215.750,11275.840,10776.950,25166456.000
2020-07-24,11272.330,10838.200,11443.620,10837.000,29129634.000
2020-07-27,10784.450,10764.740,11035.410,10505.430,17677123.000
2020-07-28,10773.310,10931.180,11086.790,10679.650,15285088.000
2020-07-29,10856.880,11156.370,11158.180,10798.400,14232613.000
2020-07-30,11241.200,11034.000,11422.620,10979.780,16837439.000
2020-07-31,10996.400,10923.140,11044.450,10789.170,13068653.000
2020-08-03,11042.970,11734.370,11747.030,11042.970,21794396.000
2020-08-04,11738.690,11380.360,11738.690,11319.010,18668622.000
2020-08-05,11332.780,11802.020,11932.370,11332.780,18263798.000
2020-08-06,11761.880,12269.600,12370.290,11750.570,24339375.000
2020-08-07,12145.200,12592.750,12730.150,11945.790,24219897.000
2020-08-10,12568.830,12308.610,13251.280,12298.610,23704967.000
2020-08-11,12186.460,12239.890,12652.740,12060.250,21483671.000
2020-08-12,12060.560,11643.920,12088.550,11445.170,16606084.000
2020-08-13,11692.060,11734.090,11943.080,11632.470,10853682.000
2020-08-14,11701.940,12126.660,12212.760,11681.960,12663981.000
2020-08-17,12276.010,12485.990,12494.560,12086.040,16370287.000
2020-08-18,12420.720,12519.960,12696.460,12381.370,14012035.000
2020-08-19,12480.240,12192.850,12497.270,12167.680,15590341.000
2020-08-20,12068.140,11755.080,12188.550,11691.520,12984431.000
2020-08-21,11865.910,11726.250,12004.860,11617.540,9179795.000
2020-08-24,11796.910,11801.110,11960.740,11677.560,7841848.000
2020-08-25,11810.470,11382.280,11818.060,11315.030,12492864.000
2020-08-26,11376.760,11042.140,11489.610,10984.940,10064330.000
2020-08-27,11093.510,11236.690,11249.050,10970.790,7970489.000
2020-08-28,11262.080,11485.550,11501.900,11252.260,9910062.000
2020-08-31,11545.430,11552.070,11753.140,11464.090,10880137.000
2020-09-01,11617.270,11836.310,11885.600,11616.790,11333648.000
2020-09-02,11860.920,11664.310,11860.920,11565.820,10706682.000
2020-09-03,11615.010,11543.940,11631.940,11383.850,9324155.000
2020-09-04,11333.970,11473.870,11497.590,11323.430,7139541.000
2020-09-07,11459.620,11140.370,11555.080,11105.410,9097890.000
2020-09-08,11192.440,11095.440,11238.200,10926.480,7760918.000
2020-09-09,10987.590,11016.460,11202.030,10794.370,10874523.000
2020-09-10,11012.610,10631.400,11061.940,10614.620,8892299.000
2020-09-11,10569.790,10628.970,10643.790,10444.490,6692815.000
2020-09-14,10665.920,10585.770,10705.920,10510.610,6375869.000
2020-09-15,10601.760,10719.570,10757.370,10576.450,6775725.000
2020-09-16,10697.020,10537.610,10697.020,10490.830,5367340.000
2020-09-17,10542.470,10649.340,10729.460,10434.120,5994417.000
2020-09-18,10668.260,10932.620,10936.350,10667.650,7793024.000
2020-09-21,11011.370,11222.730,11400.930,11009.180,10884260.000
2020-09-22,11061.500,10996.150,11117.560,10954.190,7263389.000
2020-09-23,11026.360,10985.860,11037.570,10902.940,5753658.000
2020-09-24,10887.400,10653.810,10912.060,10653.810,6101673.000
2020-09-25,10717.250,10680.960,10787.900,10616.560,5354355.000
2020-09-28,10691.860,10532.180,10719.660,10523.090,4437016.000
2020-09-29,10613.030,10946.430,11018.560,10613.030,8210210.000
2020-09-30,10967.430,10964.020,11027.030,10841.220,7752707.000
2020-10-09,11135.400,11144.730,11189.000,11019.790,8006885.000
2020-10-12,11196.730,11632.170,11657.790,11185.100,11385455.000
2020-10-13,11603.570,11677.210,11704.340,11537.040,8434474.000
2020-10-14,11691.370,11576.840,11855.410,11517.510,8700083.000
2020-10-15,11533.330,11480.460,11594.910,11473.820,6913378.000
2020-10-16,11451.260,11298.420,11532.200,11255.760,6292516.000
2020-10-19,11390.300,11248.860,11439.820,11235.550,7578847.000
2020-10-20,11212.010,11294.850,11295.220,11089.250,6188954.000
2020-10-21,11283.340,10979.020,11284.330,10939.590,6607401.000
2020-10-22,10927.490,10849.450,10927.490,10741.890,5271073.000
2020-10-23,10857.010,10673.560,10939.380,10655.090,6027182.000
2020-10-26,10629.790,10761.800,10790.730,10517.450,4771905.000
2020-10-27,10728.120,10853.950,10899.090,10718.680,5742685.000
2020-10-28,10852.960,10781.690,10855.630,10625.230,5717296.000
2020-10-29,10624.080,10642.920,10702.800,10565.040,5338217.000
2020-10-30,10761.810,10454.910,10937.110,10437.430,7853287.000
2020-11-02,10439.860,10408.440,10484.100,10286.750,6765202.000
2020-11-03,10461.080,10738.080,10742.190,10398.030,6638444.000
2020-11-04,10744.060,10865.810,10908.200,10628.130,7166312.000
2020-11-05,10868.140,10854.540,10918.250,10706.970,6151009.000
2020-11-06,10840.620,10684.020,10842.820,10616.320,5366545.000
2020-11-09,10677.120,10875.560,10885.940,10606.060,8214858.000
2020-11-10,10879.770,10667.420,10879.810,10625.490,6266870.000
2020-11-11,10662.410,10464.030,10753.780,10451.970,5748090.000
2020-11-12,10477.990,10420.750,10583.610,10399.570,4963765.000
2020-11-13,10434.710,10690.280,10759.010,10356.520,7011505.000
2020-11-16,10691.740,10704.930,10762.390,10623.000,5453385.000
2020-11-17,10692.960,10475.470,10692.960,10414.580,5655700.000
2020-11-18,10471.290,10537.450,10596.830,10457.980,5016668.000
2020-11-19,10499.910,11003.700,11038.530,10415.860,10475437.000
2020-11-20,11022.200,11130.900,11265.350,10988.890,10057280.000
2020-11-23,11130.280,11156.880,11244.960,10986.120,9328113.000
2020-11-24,11142.870,11199.750,11347.730,11139.510,8597338.000
2020-11-25,11173.350,10896.220,11214.190,10882.840,7752741.000
2020-11-26,10918.710,11123.310,11184.290,10858.640,9621551.000
2020-11-27,11102.600,11301.190,11514.720,10991.900,11089616.000
2020-11-30,11315.620,11381.780,11515.880,11244.600,10144801.000
2020-12-01,11395.820,11625.100,11680.450,11364.170,8877499.000
2020-12-02,11614.750,11631.950,11735.580,11536.160,8303762.000
2020-12-03,11588.610,11420.290,11594.250,11387.940,7256432.000
2020-12-04,11391.970,11552.130,11578.050,11293.430,6712500.000
2020-12-07,11550.590,11581.380,11713.590,11533.980,7395909.000
2020-12-08,11565.530,11537.690,11655.840,11516.380,6921758.000
2020-12-09,11536.900,11275.180,11590.250,11269.040,7994342.000
2020-12-10,11231.740,11285.180,11380.800,11160.760,6527084.000
2020-12-11,11279.960,11034.550,11284.290,10885.970,9135780.000
2020-12-14,11000.820,11262.060,11308.800,10923.690,7070390.000
2020-12-15,11245.010,11283.340,11418.680,11188.160,6376159.000
2020-12-16,11249.090,11212.940,11340.200,11151.180,6493255.000
2020-12-17,11168.410,11118.220,11224.990,10875.140,7076860.000
2020-12-18,11140.520,11115.580,11314.480,11093.400,6560145.000
2020-12-21,11091.290,11595.750,11600.820,11087.000,8505120.000
2020-12-22,11563.490,11399.740,11698.150,11399.740,8462895.000
2020-12-23,11457.850,11983.340,11983.340,11413.740,10759165.000
2020-12-24,12084.460,12115.430,12493.450,12069.930,14468894.000
2020-12-25,12087.370,12283.450,12322.640,11932.200,9502453.000
2020-12-28,12296.060,12272.960,12497.230,12124.740,8754206.000
2020-12-29,12241.510,12154.170,12448.680,12064.210,10234365.000
2020-12-30,12084.790,12484.230,12615.070,12055.010,12137621.000
2020-12-31,12487.900,13035.060,13043.780,12454.120,15345412.000
2021-01-04,13274.550,13905.150,13998.850,13248.240,18939315.000
2021-01-05,13848.400,14026.150,14365.420,13742.250,19255473.000
2021-01-06,13941.370,14242.960,14544.790,13868.030,19545470.000
2021-01-07,14105.670,14596.820,14676.320,14023.980,17352417.000
2021-01-08,14528.480,14207.160,14609.170,13989.170,14807388.000
2021-01-11,14398.660,13734.090,14537.570,13625.420,15951063.000
2021-01-12,13697.420,14286.480,14349.110,13697.420,16872471.000
2021-01-13,14392.230,14071.120,14477.560,13914.240,20241949.000
2021-01-14,13894.520,13264.400,13894.520,13257.750,17817649.000
2021-01-15,13204.310,13163.310,13384.380,12813.140,13627701.000
2021-01-18,13209.610,13454.440,13618.850,13209.610,12359734.000
2021-01-19,13358.730,13153.510,13557.760,13081.170,10435131.000
2021-01-20,13122.760,13416.050,13470.760,13043.600,9393222.000
2021-01-21,13358.370,13543.720,13653.640,13295.490,10872903.000
2021-01-22,13471.260,13579.460,13594.550,13318.620,10726378.000
2021-01-25,13648.940,13593.110,13995.160,13499.410,12400431.000
2021-01-26,13431.720,12682.330,13431.720,12627.500,13520167.000
2021-01-27,12548.300,12652.700,12787.460,12484.290,8729627.000
2021-01-28,12518.630,12466.390,12854.430,12415.380,8912743.000
2021-01-29,12552.870,12070.040,12609.380,11819.410,9436480.000
2021-02-01,12088.850,12009.970,12189.590,11956.320,6601962.000
2021-02-02,12038.750,12210.840,12226.540,11856.030,7222539.000
2021-02-03,12203.390,11810.560,12229.090,11799.780,7075480.000
2021-02-04,11740.840,11645.980,11964.820,11503.670,6979306.000
2021-02-05,11784.260,11404.820,11877.210,11404.820,5601258.000
2021-02-08,11439.140,11446.180,11532.130,11230.220,5543720.000
2021-02-09,11503.100,12096.110,12115.760,11427.770,7993750.000
2021-02-10,12131.060,12037.620,12131.060,11825.010,6972071.000
2021-02-18,12174.270,11961.810,12244.920,11924.860,6976340.000
2021-02-19,11936.950,12002.190,12011.190,11793.520,6374427.000
2021-02-22,11990.860,11604.020,12067.770,11604.010,9203339.000
2021-02-23,11481.430,11926.250,12026.510,11411.610,9749911.000
2021-02-24,12010.260,11930.510,12173.970,11719.540,9878257.000
2021-02-25,11925.890,12161.100,12321.460,11870.530,8946818.000
2021-02-26,11900.170,11748.630,12074.930,11721.710,7243309.000
2021-03-01,11812.070,11969.400,11970.610,11698.020,6051615.000
2021-03-02,12051.940,12049.520,12115.500,11757.090,7236245.000
2021-03-03,11906.990,12026.690,12028.730,11830.970,6147469.000
2021-03-04,11941.630,11865.680,12210.950,11813.540,9557626.000
2021-03-05,11681.360,11615.430,11800.280,11449.380,7383491.000
2021-03-08,11603.700,10830.940,11646.070,10830.940,9556111.000
2021-03-09,10720.100,10257.530,10730.120,10157.950,8833025.000
2021-03-10,10368.790,10189.010,10432.950,10151.860,5667972.000
2021-03-11,10202.070,10364.740,10391.880,10110.030,5073575.000
2021-03-12,10402.170,10284.310,10403.180,10159.570,5031672.000
2021-03-15,10251.360,10215.460,10380.880,10120.700,5004974.000
2021-03-16,10233.940,10202.350,10334.580,10140.900,4708395.000
2021-03-17,10208.780,10372.520,10435.760,10171.940,5263661.000
2021-03-18,10365.660,10493.520,10602.540,10365.660,5513963.000
2021-03-19,10369.590,10565.030,10733.090,10325.700,7174326.000
2021-03-22,10502.430,10653.470,10691.110,10451.940,5948811.000
2021-03-23,10645.430,10580.870,10705.620,10526.150,5113815.000
2021-03-24,10522.370,10385.630,10631.350,10305.860,5414602.000
2021-03-25,10352.150,10431.380,10516.580,10327.540,4314303.000
2021-03-26,10430.680,10596.320,10603.030,10430.290,4477875.000
2021-03-29,10668.520,10788.560,10928.050,10668.200,6238773.000
2021-03-30,10801.930,11019.320,11162.270,10797.450,8533055.000
2021-03-31,10940.530,10573.040,10940.530,10551.390,6642273.000
2021-04-01,10591.140,10660.630,10682.330,10579.560,4601273.000
2021-04-02,10662.260,10701.740,10764.480,10625.240,4297848.000
2021-04-06,10742.020,10809.480,10848.810,10703.600,6157909.000
2021-04-07,10792.460,10743.280,10792.800,10663.230,5525948.000
2021-04-08,10708.050,10716.620,10823.320,10630.950,5328863.000
2021-04-09,10821.240,10778.240,10935.930,10751.760,5413804.000
2021-04-12,10747.660,10425.780,10774.320,10387.820,5736240.000
2021-04-13,10375.960,10395.240,10474.850,10323.180,4283449.000
2021-04-14,10358.040,10551.160,10554.860,10357.440,3502532.000
2021-04-15,10538.180,10520.250,10557.920,10427.980,3689948.000
2021-04-16,10524.550,10537.200,10585.390,10436.430,4757666.000
2021-04-19,10520.610,10688.750,10697.480,10466.070,5729071.000
2021-04-20,10644.300,10632.770,10736.470,10581.250,5623161.000
2021-04-21,10588.820,10539.730,10611.710,10470.090,4701497.000
2021-04-22,10567.260,10541.680,10632.620,10509.770,4503801.000
2021-04-23,10529.700,10499.880,10581.530,10448.730,4613127.000
2021-04-26,10549.260,10494.140,10695.010,10485.830,6089220.000
2021-04-27,10491.190,10351.540,10499.990,10258.960,4799873.000
2021-04-28,10350.140,10442.120,10442.270,10338.230,3906287.000
2021-04-29,10436.160,10433.860,10514.350,10402.950,4588798.000
2021-04-30,10337.220,10079.590,10337.220,10008.540,7548341.000
2021-05-06,10050.610,10216.150,10284.310,10029.380,6256049.000
2021-05-07,10208.100,10065.780,10249.350,10063.590,4832438.000
2021-05-10,10059.990,9921.190,10059.990,9870.870,5304574.000
2021-05-11,9894.810,10175.580,10220.300,9890.470,5849664.000
2021-05-12,10122.680,10138.870,10144.870,10041.830,3867645.000
2021-05-13,10058.600,10098.270,10265.540,10047.150,5964174.000
2021-05-14,10115.510,10494.420,10496.150,10073.140,8762573.000
2021-05-17,10596.970,10557.440,10702.500,10521.170,7527251.000
2021-05-18,10521.330,10794.270,10839.520,10451.150,8608752.000
2021-05-19,10756.650,10814.660,10876.330,10694.540,6646359.000
2021-05-20,10783.930,10832.180,10965.990,10761.890,6443785.000
2021-05-21,10867.980,10610.860,10870.660,10597.810,5825770.000
2021-05-24,10590.660,10709.940,10720.830,10580.430,5063989.000
2021-05-25,10708.900,11077.720,11095.720,10655.670,9016812.000
2021-05-26,11125.520,11081.680,11267.230,11036.380,8799349.000
2021-05-27,11072.450,11176.150,11212.540,11038.770,6788961.000
2021-05-28,11144.730,11237.400,11292.530,11104.320,6979193.000
2021-05-31,11271.800,11573.630,11586.260,11256.260,9140528.000
2021-06-01,11546.330,11498.880,11644.030,11466.170,8293300.000
2021-06-02,11467.940,11226.980,11570.150,11204.180,7613184.000
2021-06-03,11210.500,11069.750,11268.350,11065.660,6142013.000
2021-06-04,11049.150,11190.950,11252.200,11008.140,6097116.000
2021-06-07,11276.500,11390.350,11499.440,11276.040,7098130.000
2021-06-08,11376.470,11538.390,11552.470,11321.460,8674967.000
2021-06-09,11631.460,11618.100,11783.260,11513.940,8245806.000
2021-06-10,11607.180,11643.300,11659.800,11493.040,8209895.000
2021-06-11,11638.620,11217.120,11639.430,11183.220,10006648.000
2021-06-15,11170.720,11249.620,11302.440,11111.310,8593864.000
2021-06-16,11233.280,11106.010,11355.050,11010.680,8227178.000
2021-06-17,11150.170,11219.780,11272.580,11080.130,7557352.000
2021-06-18,11220.930,11467.070,11565.690,11198.390,10622834.000
2021-06-21,11472.990,11921.440,11925.040,11471.760,12136433.000
2021-06-22,11972.780,11834.290,11972.780,11747.850,10777194.000
2021-06-23,11780.050,11820.460,11896.740,11689.360,9060507.000
2021-06-24,11834.810,11631.490,11996.980,11623.270,9324242.000
2021-06-25,11565.600,11663.030,11674.550,11464.500,8264203.000
2021-06-28,11689.370,11730.390,11782.480,11625.170,7412725.000
2021-06-29,11700.400,11470.860,11799.190,11466.190,7349049.000
2021-06-30,11470.350,11638.650,11639.990,11433.220,6244123.000
2021-07-01,11710.470,11143.690,11748.420,11143.570,8487053.000
2021-07-02,11109.380,10768.900,11109.380,10727.930,9075388.000
2021-07-05,10747.490,10819.320,10927.850,10743.610,6046273.000
2021-07-06,10810.640,10889.260,10894.230,10693.210,6222595.000
2021-07-07,10816.340,11197.670,11209.360,10795.400,7299241.000
2021-07-08,11186.340,11643.370,11687.020,11175.370,10524855.000
2021-07-09,11610.840,11545.990,11661.890,11496.970,8893421.000
2021-07-12,11586.880,11711.450,11810.160,11448.500,9341029.000
2021-07-13,11716.820,11651.940,11816.580,11565.240,7851773.000
2021-07-14,11591.910,11422.060,11616.340,11340.520,8046234.000
2021-07-15,11431.730,11426.680,11608.350,11268.040,7097649.000
2021-07-16,11403.090,11897.580,12043.150,11341.780,12764619.000
2021-07-19,11984.520,11813.570,12113.650,11743.980,11397951.000
2021-07-20,11698.630,12022.590,12068.130,11680.110,9829971.000
2021-07-21,12018.530,12217.200,12254.590,11982.780,11428068.000
2021-07-22,12201.000,12185.410,12204.940,12020.580,10757564.000
2021-07-23,12166.220,12435.420,12599.000,12003.030,14732643.000
2021-07-26,12465.410,12544.570,13028.980,12459.880,20949994.000
2021-07-27,12494.900,12294.230,12809.950,12282.660,19776651.000
2021-07-28,12108.860,11692.780,12121.190,11502.910,14002570.000
2021-07-29,11866.410,12220.550,12278.850,11844.130,11880172.000
2021-07-30,12195.640,12221.050,12294.890,12025.840,11232880.000
2021-08-02,12263.660,12858.190,12891.070,12236.970,16044287.000
2021-08-03,12820.200,12624.370,13001.810,12556.000,13430875.000
2021-08-04,12590.100,13005.580,13015.240,12590.100,12265193.000
2021-08-05,13016.110,13457.390,13669.300,12998.490,21181747.000
2021-08-06,13418.290,13532.780,13635.940,13254.560,15677298.000
2021-08-09,13573.100,13475.320,13753.250,13407.320,13644834.000
2021-08-10,13399.580,13959.060,14237.390,13396.710,19141781.000
2021-08-11,13915.510,13907.880,14112.880,13787.640,14857330.000
2021-08-12,13836.810,13524.760,13921.760,13496.140,14198398.000
2021-08-13,13486.060,13464.360,13742.370,13322.180,13480002.000
2021-08-16,13420.960,13218.680,13526.820,13137.210,10367899.000
2021-08-17,13224.840,12998.770,13401.110,12929.100,12839432.000
2021-08-18,12980.950,13328.670,13433.750,12961.200,12339351.000
2021-08-19,13272.620,13641.860,13750.060,13157.920,13112874.000
2021-08-20,13550.400,13611.050,13817.860,13384.940,12692791.000
2021-08-23,13729.440,14204.260,14346.670,13729.210,16411967.000
2021-08-24,13771.590,14103.870,14164.070,13484.880,16849911.000
2021-08-25,14047.030,13978.610,14191.490,13854.410,15963422.000
2021-08-26,13919.510,13941.260,14211.960,13916.020,17377697.000
2021-08-27,13895.520,13696.270,13925.330,13580.600,14693526.000
2021-08-30,13831.880,14094.020,14365.510,13831.880,17206463.000
2021-08-31,14142.100,14114.690,14285.110,13907.630,17520993.000
2021-09-01,14118.850,13620.290,14119.130,13342.480,19448990.000
2021-09-02,13529.330,13590.070,13663.390,13448.850,13772917.000
2021-09-03,13517.610,13075.220,13565.370,12848.490,15179532.000
2021-09-06,13033.380,13270.060,13272.740,12953.340,11656440.000
2021-09-07,13264.920,13438.760,13531.930,13194.750,13658089.000
2021-09-08,13441.540,13270.770,13441.570,13165.410,12278848.000
2021-09-09,13238.830,13558.000,13593.100,13103.000,15790574.000
2021-09-10,13565.230,13428.620,13588.140,13327.040,13540548.000
2021-09-13,13404.760,13297.480,13484.100,13201.500,12264629.000
2021-09-14,13298.500,13134.880,13500.100,13106.830,11794547.000
2021-09-15,13134.050,13233.200,13302.320,12990.550,10348342.000
2021-09-16,13199.510,12903.370,13303.320,12893.450,11404438.000
2021-09-17,12939.910,12719.030,13050.880,12427.960,11163297.000
2021-09-22,12532.530,12944.180,13018.890,12504.940,10270938.000
2021-09-23,12964.040,13277.200,13317.700,12928.430,13521310.000
2021-09-24,13230.850,13214.050,13313.860,13123.730,9850178.000
2021-09-27,13166.990,12770.150,13252.910,12568.260,11445772.000
2021-09-28,12740.740,12913.540,13004.290,12740.740,7321679.000
2021-09-29,12816.420,12410.880,12862.790,12410.790,8414608.000
2021-09-30,12470.510,12543.940,12673.390,12470.510,5627034.000
2021-10-08,12645.030,12340.370,12659.910,12278.890,6491002.000
2021-10-11,12380.920,12628.500,12873.840,12346.810,8556922.000
2021-10-12,12525.020,12197.740,12525.020,12091.160,7488657.000
2021-10-13,12059.540,12238.660,12282.810,11856.940,6482498.000
2021-10-14,12230.610,12473.170,12577.380,12225.170,6304520.000
2021-10-15,12495.740,12553.770,12618.090,12427.410,6049989.000
2021-10-18,12545.760,12731.960,12779.120,12542.550,6816249.000
2021-10-19,12702.740,12747.600,12752.710,12597.550,6281348.000
2021-10-20,12737.410,12896.430,12975.690,12710.310,6636209.000
2021-10-21,12859.510,12734.630,12878.680,12642.190,6720315.000
2021-10-22,12714.180,12751.440,12817.330,12697.470,5788691.000
2021-10-25,12754.370,12973.120,12987.750,12697.960,7407374.000
2021-10-26,12924.340,12946.230,13015.700,12887.500,6691792.000
2021-10-27,13131.730,13042.210,13238.830,12969.190,8137330.000
2021-10-28,12931.400,12782.770,13064.800,12748.320,7991481.000
2021-10-29,12790.230,13219.300,13223.650,12741.110,9139751.000
2021-11-01,13288.060,13451.870,13529.740,13245.330,8967546.000
2021-11-02,13570.810,13777.070,13882.370,13570.810,15564658.000
2021-11-03,13637.360,13641.030,13721.930,13439.180,10428083.000
2021-11-04,13630.250,13811.580,13826.840,13576.060,9495076.000
2021-11-05,13803.050,13649.320,13880.480,13640.060,9186380.000
2021-11-08,13600.540,13725.300,13725.330,13453.870,6960619.000
2021-11-09,13726.120,14229.640,14340.110,13700.370,10726248.000
2021-11-10,14223.770,14211.170,14434.060,14141.290,10051538.000
2021-11-11,14159.060,14226.120,14291.950,14029.010,7884398.000
2021-11-12,14210.040,14749.350,14787.780,14210.040,12509747.000
2021-11-15,14789.820,14529.660,14966.310,14464.360,12652345.000
2021-11-16,14452.460,13944.460,14673.000,13944.180,11937282.000
2021-11-17,13949.940,14224.330,14244.480,13746.430,9715181.000
2021-11-18,14190.570,14613.880,14733.870,14120.730,10261574.000
2021-11-19,14619.490,14609.960,14730.750,14503.930,9166177.000
2021-11-22,14623.220,14752.750,14788.930,14513.490,8597238.000
2021-11-23,14732.150,14678.320,14834.390,14593.860,8964776.000
2021-11-24,14674.330,14408.600,14798.110,14397.650,8564246.000
2021-11-25,14363.400,14331.090,14561.930,14278.460,8079739.000
2021-11-26,14317.160,14324.670,14520.640,14299.690,7477386.000
2021-11-29,14189.060,14670.130,14738.420,14158.540,9035360.000
2021-11-30,14729.970,14996.010,15154.130,14703.870,13118124.000
2021-12-01,14938.010,14748.380,14976.490,14687.920,8932874.000
2021-12-02,14732.610,14613.360,14745.170,14528.020,8598043.000
2021-12-03,14637.340,14968.830,14979.550,14637.340,11575273.000
2021-12-06,14947.620,14921.390,15115.310,14797.370,10942759.000
2021-12-07,14923.610,14391.580,14973.440,14275.570,11102991.000
2021-12-08,14442.910,14723.090,14733.960,14442.510,10993640.000
2021-12-09,14694.240,14610.150,14775.690,14470.010,10942598.000
2021-12-10,14560.270,14512.940,14575.870,14394.260,9806270.000
2021-12-13,14523.250,14503.780,14566.760,14261.780,10599639.000
2021-12-14,14467.840,14637.820,14761.330,14399.040,9123946.000
2021-12-15,14627.480,14551.770,14702.560,14520.970,8079053.000
2021-12-16,14549.090,14596.040,14696.200,14523.880,8983916.000
2021-12-17,14589.600,14316.960,14589.600,14316.960,9952775.000
2021-12-20,14222.290,14009.430,14423.450,13999.930,9137073.000
2021-12-21,14023.120,14054.530,14149.650,13887.170,6983674.000
2021-12-22,14059.690,14051.050,14161.320,13900.640,6952235.000
2021-12-23,14046.170,14169.400,14281.620,13972.700,7285992.000
2021-12-24,14141.800,14155.080,14226.800,14078.020,7653611.000
2021-12-27,14120.680,14108.420,14237.860,14073.900,6900931.000
2021-12-28,14111.630,14203.890,14205.000,13968.220,6877061.000
2021-12-29,14211.140,14424.770,14462.000,14211.140,11185823.000
2021-12-30,14405.160,14877.000,14924.110,14394.290,12142368.000
2021-12-31,14888.270,14896.890,14977.070,14797.860,9857953.000
2022-01-04,14894.070,14732.880,14972.070,14631.920,10205898.000
2022-01-05,14690.360,13979.600,14750.570,13958.840,11728915.000
2022-01-06,13902.360,13805.970,13983.250,13664.190,9017952.000
2022-01-07,13834.460,13614.240,13928.360,13605.020,8502496.000
2022-01-10,13532.830,13500.720,13651.950,13317.840,7639643.000
2022-01-11,13501.450,13142.410,13527.020,13107.030,8400340.000
2022-01-12,13173.910,13459.640,13468.380,13173.910,7206025.000
2022-01-13,13482.930,13182.130,13482.930,13124.230,7490930.000
2022-01-14,13133.140,13241.650,13392.950,13121.180,6890434.000
2022-01-17,13231.330,13474.250,13508.720,13231.310,7061841.000
2022-01-18,13481.910,13507.440,13643.550,13398.510,7749033.000
2022-01-19,13479.470,13219.400,13539.710,13128.500,7700355.000
2022-01-20,13257.070,12902.490,13259.210,12868.340,9025320.000
2022-01-21,12723.050,12564.340,12724.680,12491.830,9936393.000
2022-01-24,12520.270,12716.660,12785.800,12495.320,7388662.000
2022-01-25,12757.440,12505.980,12968.590,12505.730,8353687.000
2022-01-26,12524.370,12489.000,12639.670,12331.660,6427605.000
2022-01-27,12487.910,12185.170,12604.640,12181.920,6661893.000
2022-01-28,12288.660,12214.790,12421.810,12022.170,6563294.000
2022-02-07,12387.370,12157.250,12427.790,12122.500,6197259.000
2022-02-08,12171.830,12058.280,12171.830,11789.260,6532530.000
2022-02-09,12047.350,12335.200,12345.600,11991.150,6916652.000
2022-02-10,12339.920,12233.850,12384.930,12181.630,5278660.000
2022-02-11,12175.250,11993.990,12192.870,11968.420,5477735.000
2022-02-14,11969.780,12035.270,12239.520,11957.850,6761877.000
2022-02-15,12029.620,12314.030,12318.810,12029.620,6296213.000
2022-02-16,12269.750,12171.790,12273.410,12125.260,5268726.000
2022-02-17,12140.060,12253.620,12299.070,12055.450,6698753.000
2022-02-18,12178.860,12216.900,12217.430,12101.260,5123588.000
2022-02-21,12217.970,12239.620,12342.540,12185.640,5561221.000
2022-02-22,12309.290,12142.130,12328.830,12043.710,7456871.000
2022-02-23,12091.400,12596.340,12626.490,12089.460,8947012.000
2022-02-24,12566.220,12724.350,13000.190,12487.490,16444723.000
2022-02-25,12618.090,12689.070,12800.390,12593.560,9297856.000
2022-02-28,12795.220,12874.110,12981.530,12765.010,8370386.000
2022-03-01,12892.010,13054.250,13082.100,12826.080,9110121.000
2022-03-02,13038.940,12940.500,13038.940,12860.800,6945334.000
2022-03-03,12954.480,12635.810,12956.160,12616.790,7692291.000
2022-03-04,12575.780,12458.510,12749.040,12394.550,8382570.000
2022-03-07,12482.810,12250.700,12524.960,12198.950,7431610.000
2022-03-08,12233.050,11801.590,12328.960,11784.620,8965978.000
2022-03-09,11822.790,11561.680,11864.580,11028.370,10782012.000
2022-03-10,11804.000,11797.640,11975.930,11777.600,8000635.000
2022-03-11,11665.100,11848.190,11850.930,11452.070,6601277.000
2022-03-14,11733.440,11776.600,12095.630,11695.190,7393197.000
2022-03-15,11711.380,11312.090,11844.970,11312.090,8273863.000
2022-03-16,11479.700,11686.350,11708.380,11039.840,8942833.000
2022-03-17,11789.670,11804.620,11998.350,11769.070,8261194.000
2022-03-18,11747.150,11645.630,11747.150,11416.940,6071993.000
2022-03-21,11660.370,11808.480,11920.160,11603.420,7007506.000
2022-03-22,11839.780,11675.310,11883.340,11620.080,7081324.000
2022-03-23,11665.770,11921.410,12059.510,11604.680,8692242.000
2022-03-24,11843.120,11776.540,11846.420,11729.330,6627688.000
2022-03-25,11779.040,11668.410,11962.550,11668.410,7030396.000
2022-03-28,11552.910,11433.670,11570.980,11376.450,6126557.000
2022-03-29,11525.300,11573.490,11828.520,11525.300,7187875.000
2022-03-30,11622.580,11755.390,11780.150,11555.140,6019715.000
2022-03-31,11720.700,11516.900,11720.700,11450.090,6171919.000
2022-04-01,11461.170,11518.090,11639.730,11443.010,5691765.000
2022-04-06,11487.130,11284.300,11487.130,11213.770,5993829.000
2022-04-07,11254.590,11111.170,11440.720,11093.500,6192957.000
2022-04-08,11116.880,11003.560,11132.550,10884.300,6214121.000
2022-04-11,10965.900,10457.360,10965.900,10424.290,6937166.000
2022-04-12,10460.390,10612.170,10612.690,10336.140,6836872.000
2022-04-13,10541.670,10329.630,10541.670,10328.260,5084921.000
2022-04-14,10390.270,10356.750,10406.690,10249.980,4913450.000
2022-04-15,10305.550,10356.250,10402.830,10161.270,6517353.000
2022-04-18,10300.410,10668.440,10676.910,10260.450,6847588.000
2022-04-19,10653.830,10632.200,10728.300,10596.150,5541386.000
2022-04-20,10645.910,10458.040,10660.930,10424.270,5001845.000
2022-04-21,10419.230,10128.630,10557.510,10108.180,5971739.000
2022-04-22,10075.130,9995.660,10096.460,9873.030,5874027.000
2022-04-25,9851.510,9228.980,9851.510,9228.800,8017705.000
2022-04-26,9198.950,8840.230,9269.050,8825.340,8912569.000
2022-04-27,8727.920,9428.490,9448.660,8713.620,9263172.000
2022-04-28,9353.940,9494.370,9628.230,9281.730,7387351.000
2022-04-29,9563.210,10051.590,10062.160,9523.390,8796401.000
2022-05-05,10059.400,10401.900,10592.960,10033.080,9416181.000
2022-05-06,10165.680,10297.920,10436.470,10132.410,6519711.000
2022-05-09,10263.920,10561.840,10594.930,10249.240,6726367.000
2022-05-10,10410.600,10597.710,10730.480,10401.940,6951584.000
2022-05-11,10655.420,10553.980,10819.750,10549.060,8062403.000
2022-05-12,10490.240,10631.080,10687.000,10478.810,5670009.000
2022-05-13,10670.830,10640.030,10705.360,10557.010,5000580.000
2022-05-16,10744.550,10634.230,10880.020,10601.110,5708182.000
2022-05-17,10626.020,10755.750,10775.680,10512.440,5008653.000
2022-05-18,10764.120,10804.370,10895.500,10676.900,5836212.000
2022-05-19,10652.530,10852.650,10852.650,10599.190,5712521.000
2022-05-20,10881.180,10824.050,10951.360,10688.260,6072868.000
2022-05-23,10793.980,10808.800,10823.970,10626.260,6229377.000
2022-05-24,10803.830,10424.290,11026.090,10424.080,9227137.000
2022-05-25,10396.970,10549.730,10555.610,10367.030,6079368.000
2022-05-26,10541.100,10868.070,11010.500,10526.740,12917758.000
2022-05-27,10953.650,10856.120,11036.620,10772.640,8673094.000
2022-05-30,10895.010,10978.950,10981.960,10775.390,9150456.000
2022-05-31,10940.500,11020.180,11036.730,10798.670,8506160.000
2022-06-01,10984.390,11106.150,11148.850,10968.990,9185764.000
2022-06-02,11058.470,11327.480,11340.440,11051.230,7897731.000
2022-06-06,11327.680,11514.320,11540.190,11258.790,9173812.000
2022-06-07,11495.600,11473.860,11573.400,11352.780,8326551.000
2022-06-08,11449.410,11346.400,11513.990,11165.010,8515444.000
2022-06-09,11335.550,11060.610,11335.550,11003.890,7203669.000
2022-06-10,11031.130,11481.870,11491.410,11021.990,9036343.000
2022-06-13,11498.170,11541.120,11606.310,11357.990,12470250.000
2022-06-14,11395.810,11327.000,11400.510,11044.170,13441595.000
2022-06-15,11346.330,11363.650,11550.580,11344.700,14279642.000
2022-06-16,11361.860,11407.970,11548.920,11347.830,9828437.000
2022-06-17,11348.750,11453.160,11469.090,11226.090,10474486.000
2022-06-20,11470.740,11589.360,11625.830,11451.600,11038425.000
2022-06-21,11590.750,11353.460,11590.750,11258.180,9305610.000
2022-06-22,11366.530,11147.410,11416.750,11137.820,8541591.000
2022-06-23,11150.550,11723.910,11724.070,11136.160,12953710.000
2022-06-24,11818.700,12036.390,12169.580,11818.700,14557423.000
2022-06-27,12111.100,12044.390,12115.110,11936.440,10494679.000
2022-06-28,12041.730,12285.380,12303.350,12032.440,11964927.000
2022-06-29,12233.780,11942.160,12278.440,11927.140,10682962.000
2022-06-30,11947.190,12010.170,12087.770,11907.850,8630102.000
2022-07-01,12025.910,11970.870,12192.900,11920.460,8854721.000
2022-07-04,12028.190,12366.510,12372.320,11848.570,11521952.000
2022-07-05,12351.600,12279.840,12354.760,12075.880,9655228.000
2022-07-06,12231.200,12149.760,12364.110,12010.290,9120507.000
2022-07-07,12154.570,12385.100,12451.640,12146.530,10581607.000
2022-07-08,12374.940,12211.210,12383.590,12189.330,8676183.000
2022-07-11,12186.980,12106.130,12186.980,11931.930,8340301.000
2022-07-12,12093.790,11911.010,12302.910,11900.890,8241538.000
2022-07-13,11907.580,11835.180,11947.630,11730.020,7297934.000
2022-07-14,11825.230,12109.100,12193.640,11815.940,10002604.000
2022-07-15,12077.690,11933.920,12218.980,11931.560,9231708.000
2022-07-18,11940.530,11948.360,11964.410,11718.750,7619385.000
2022-07-19,11930.780,12009.620,12116.240,11873.920,9145975.000
2022-07-20,12042.200,12487.580,12489.670,12037.290,16193365.000
2022-07-21,12463.790,12294.430,12463.790,12249.480,12013863.000
2022-07-22,12289.230,12282.760,12429.450,12135.730,9121568.000
2022-07-25,12362.290,12115.420,12472.860,12067.110,8714038.000
2022-07-26,12106.600,12188.540,12238.760,12014.560,7038920.000
2022-07-27,12185.540,12308.070,12420.270,12166.620,9084213.000
2022-07-28,12332.360,12463.360,12472.370,12264.890,10092394.000
2022-07-29,12441.250,12209.390,12441.250,12136.420,9227155.000
2022-08-01,12252.090,12227.890,12329.840,12152.890,9340921.000
2022-08-02,12356.490,12073.990,12444.480,11993.420,19050376.000
2022-08-03,12012.460,12506.040,12687.970,11969.920,25993001.000
2022-08-04,12520.250,12306.230,12523.790,12231.930,16529163.000
2022-08-05,12276.080,12369.180,12392.830,12148.130,14139900.000
2022-08-08,12349.480,12647.930,12659.280,12313.500,12915943.000
2022-08-09,12622.190,12843.030,12892.650,12502.970,13491306.000
2022-08-10,12786.820,12866.980,13006.830,12770.430,13477801.000
2022-08-11,12875.740,12897.480,12906.120,12741.300,13826998.000
2022-08-12,12852.910,12612.210,12852.910,12607.680,12313670.000
2022-08-15,12569.310,12623.610,12655.280,12550.210,9077585.000
2022-08-16,12601.460,12655.280,12792.630,12576.190,9348208.000
2022-08-17,12629.270,12605.790,12662.930,12469.460,9969311.000
2022-08-18,12596.920,12696.560,12712.110,12565.230,9721400.000
2022-08-19,12698.760,12438.630,12804.280,12428.440,10965279.000
2022-08-22,12396.330,12616.240,12628.740,12342.910,10672067.000
2022-08-23,12581.180,12525.360,12623.520,12465.180,8961921.000
2022-08-24,12536.120,12039.610,12540.730,12018.830,11869549.000
2022-08-25,12047.370,12053.900,12193.070,11931.470,9512028.000
2022-08-26,12072.030,11831.040,12103.570,11798.820,8593913.000
2022-08-29,11697.180,12075.900,12103.260,11651.130,8933540.000
2022-08-30,12068.900,11981.890,12111.680,11948.890,8104055.000
2022-08-31,11960.760,11653.420,12043.410,11596.100,8744094.000
2022-09-01,11650.940,11623.620,11782.470,11590.940,6862375.000
2022-09-02,11624.200,11796.350,11884.360,11594.900,9616893.000
2022-09-05,11785.040,11829.980,11944.430,11722.530,9029586.000
2022-09-06,11869.770,12151.380,12166.040,11834.360,10995027.000
2022-09-07,12096.090,12239.430,12264.020,12074.450,8734994.000
2022-09-08,12231.950,12389.760,12455.870,12209.590,9674656.000
2022-09-09,12385.450,12311.380,12486.950,12223.530,8909102.000
2022-09-13,12329.690,12410.600,12428.860,12259.750,9505220.000
2022-09-14,12267.920,12535.470,12598.980,12248.540,10082161.000
2022-09-15,12557.740,12149.100,12557.740,12007.920,11473708.000
2022-09-16,12122.700,12140.410,12455.850,12117.880,10534373.000
2022-09-19,12119.180,11917.510,12207.430,11837.040,9015193.000
2022-09-20,11992.440,11926.630,12105.070,11881.970,7013792.000
2022-09-21,11901.040,11859.970,11919.650,11670.060,7529532.000
2022-09-22,11809.170,12127.210,12213.900,11790.360,9617459.000
2022-09-23,12107.910,12050.810,12435.140,11971.200,8796919.000
2022-09-26,11938.000,11668.170,11965.000,11643.080,8352242.000
2022-09-27,11685.020,11826.620,11842.710,11685.020,7010462.000
2022-09-28,11805.400,11387.000,11947.390,11384.440,7676321.000
2022-09-29,11484.580,11425.200,11626.510,11363.260,6607207.000
2022-09-30,11419.560,11098.140,11419.770,11082.300,6582120.000
2022-10-10,11118.930,10913.940,11189.920,10871.120,6735190.000
2022-10-11,10907.970,10960.950,11013.240,10828.710,5613363.000
2022-10-12,10943.430,11186.500,11188.980,10697.700,7976496.000
2022-10-13,11127.680,11285.550,11398.640,11106.910,8197552.000
2022-10-14,11343.770,11537.660,11562.640,11257.670,8376090.000
2022-10-17,11518.910,11845.940,11893.940,11501.190,9670991.000
2022-10-18,11844.170,11838.970,11903.890,11712.980,9294207.000
2022-10-19,11803.270,11782.670,11917.730,11701.770,7688686.000
2022-10-20,11724.260,11812.450,11939.070,11578.510,8838370.000
2022-10-21,11796.410,11802.700,11901.020,11661.070,7995538.000
2022-10-24,11909.070,12225.810,12398.500,11909.070,14767737.000
2022-10-25,12182.930,12235.640,12330.960,12052.600,12089355.000
2022-10-26,12222.990,12400.000,12469.010,12047.160,12180105.000
2022-10-27,12385.930,12317.720,12454.480,12243.630,10856509.000
2022-10-28,12239.000,12089.340,12391.780,12043.940,10170078.000
2022-10-31,12005.470,12421.480,12515.060,11872.700,13105949.000
2022-11-01,12417.410,12328.130,12474.550,12141.850,11283234.000
2022-11-02,12267.720,12241.680,12369.120,12175.610,11406241.000
2022-11-03,12142.040,12349.510,12404.490,12126.400,9743530.000
2022-11-04,12331.330,12386.950,12387.330,12258.590,10622381.000
2022-11-07,12401.760,12153.830,12452.570,12083.870,10986356.000
2022-11-08,12154.030,12190.220,12225.140,12067.060,10072522.000
2022-11-09,12276.450,12088.180,12314.690,12087.660,9226154.000
2022-11-10,11987.120,11842.130,12030.500,11787.310,8376955.000
2022-11-11,12034.010,11947.000,12080.300,11807.230,11157779.000
2022-11-14,11885.280,11816.120,11976.370,11751.550,9130669.000
2022-11-15,11770.490,11979.080,12012.760,11742.720,8958049.000
2022-11-16,11976.570,12024.200,12202.250,11952.670,10952139.000
2022-11-17,11959.630,12091.320,12092.970,11756.200,10005183.000
2022-11-18,12080.560,11915.340,12115.840,11903.860,11141106.000
2022-11-21,11852.900,12030.780,12056.700,11801.130,9079951.000
2022-11-22,11998.560,12022.030,12201.780,11928.260,12035924.000
2022-11-23,12000.080,11983.330,12028.470,11848.300,10497489.000
2022-11-24,11964.010,11855.070,12042.770,11835.680,8090927.000
2022-11-25,11835.410,11682.640,11835.520,11673.440,7025677.000
2022-11-28,11527.940,11660.310,11680.220,11464.030,7954110.000
2022-11-29,11688.830,11653.930,11753.320,11592.940,7825813.000
2022-11-30,11683.090,11666.370,11708.000,11564.320,8696305.000
2022-12-01,11677.580,11780.610,11813.730,11662.200,9097629.000
2022-12-02,11750.780,11641.510,11855.530,11634.930,7925705.000
2022-12-05,11664.740,11685.350,11711.290,11596.800,11413750.000
2022-12-06,11658.790,11727.460,11737.220,11555.870,9538377.000
2022-12-07,11687.330,11654.510,11738.130,11608.200,8484933.000
2022-12-08,11635.320,11489.480,11635.320,11468.140,7383685.000
2022-12-09,11491.020,11436.900,11522.300,11332.240,8908123.000
2022-12-12,11424.770,11547.770,11584.280,11329.470,8269669.000
2022-12-13,11542.540,11342.870,11553.010,11335.210,7238786.000
2022-12-14,11350.630,11305.270,11466.590,11283.650,6638573.000
2022-12-15,11300.840,11327.130,11379.090,11240.430,5148210.000
2022-12-16,11266.350,11169.940,11280.210,11103.640,5955111.000
2022-12-19,11143.200,11054.430,11207.990,11019.640,5156324.000
2022-12-20,11058.170,11038.500,11173.460,10984.500,5283171.000
2022-12-21,11022.610,10867.320,11057.180,10835.070,4620638.000
2022-12-22,10899.230,10750.370,10913.450,10708.950,5572157.000
2022-12-23,10684.160,10645.150,10746.350,10597.240,4106246.000
2022-12-26,10677.920,10968.980,10971.950,10677.920,5416988.000
2022-12-27,10990.910,11032.790,11054.130,10938.580,4623369.000
2022-12-28,11025.840,10899.730,11084.390,10865.320,5640628.000
2022-12-29,10879.900,11072.070,11148.230,10867.970,6405500.000
2022-12-30,11076.320,11062.020,11149.080,11027.560,4694873.000
2023-01-03,11055.760,11352.540,11380.680,11025.190,7799446.000
2023-01-04,11340.930,11298.510,11384.780,11230.130,6172408.000
2023-01-05,11299.980,11331.130,11350.410,11270.130,5505999.000
2023-01-06,11315.200,11288.240,11376.830,11260.350,6659346.000
2023-01-09,11284.580,11121.410,11300.840,11102.310,7208783.000
2023-01-10,11137.200,11034.250,11141.100,10986.980,6958583.000
2023-01-11,11036.120,10919.580,11112.160,10896.870,7308958.000
2023-01-12,11065.710,10950.200,11109.260,10920.510,7402917.000
2023-01-13,10939.420,10902.050,10990.040,10836.020,6447935.000
2023-01-16,10904.020,11085.970,11112.790,10903.410,10253554.000
2023-01-17,11094.540,11182.680,11271.380,11048.140,8399932.000
2023-01-18,11189.720,11237.370,11260.670,11142.080,6494625.000
2023-01-19,11208.010,11423.600,11437.320,11203.960,7507382.000
2023-01-20,11430.130,11485.070,11550.210,11430.130,7826756.000
2023-01-30,11629.640,11761.910,11879.660,11591.430,14953256.000
2023-01-31,11721.050,11812.140,11839.420,11705.230,12178208.000
2023-02-01,11815.580,11919.330,11923.660,11785.670,11612611.000
2023-02-02,11972.750,11767.260,12002.170,11757.480,11304844.000
2023-02-03,11751.770,11890.800,11902.410,11670.500,11422768.000
2023-02-06,11869.840,11821.140,11953.540,11774.590,9701991.000
2023-02-07,11825.880,11746.370,11842.370,11683.110,9144749.000
2023-02-08,11751.000,11578.540,11755.960,11572.700,7288942.000
2023-02-09,11555.670,11820.170,11835.460,11553.540,10436687.000
2023-02-10,11797.730,11692.740,11826.700,11643.950,8389198.000
2023-02-13,11711.050,11766.160,11869.440,11711.050,10111139.000
2023-02-14,11757.300,11707.910,11778.840,11658.800,7998533.000
2023-02-15,11720.050,11748.820,11779.510,11663.200,9050385.000
2023-02-16,11742.330,11524.440,11774.170,11436.780,11618886.000
2023-02-17,11517.840,11424.600,11546.150,11339.780,9803004.000
2023-02-20,11409.690,11469.130,11474.320,11287.120,8517954.000
2023-02-21,11461.620,11566.590,11662.290,11453.890,9738698.000
2023-02-22,11521.650,11615.500,11654.100,11508.850,10439559.000
2023-02-23,11611.870,11538.910,11635.290,11511.850,9750983.000
2023-02-24,11558.700,11728.180,11804.130,11558.700,14549561.000
2023-02-27,11708.370,11658.170,11812.410,11635.480,12152059.000
2023-02-28,11655.700,11699.350,11703.210,11587.350,9181811.000
2023-03-01,11679.080,11765.050,11765.900,11645.170,11636345.000
2023-03-02,11758.520,11796.290,11909.320,11755.750,16542866.000
2023-03-03,11780.490,12001.140,12005.730,11741.830,19764786.000
2023-03-06,12092.550,12109.370,12208.210,12054.990,21416153.000
2023-03-07,12083.270,11824.110,12084.190,11824.110,18044514.000
2023-03-08,11787.080,11991.310,12023.390,11786.110,15216524.000
2023-03-09,12005.510,11899.350,12030.310,11828.480,13186735.000
2023-03-10,11819.770,11720.980,11871.190,11712.840,13749216.000
2023-03-13,11666.830,11832.830,11832.830,11666.830,14083940.000
2023-03-14,11790.950,11774.240,11877.970,11616.230,17076310.000
2023-03-15,11784.650,11704.170,11817.220,11671.710,14109767.000
2023-03-16,11628.520,11445.600,11669.670,11428.510,14053758.000
2023-03-17,11506.250,11517.060,11606.420,11477.080,13944859.000
2023-03-20,11519.130,11365.100,11519.130,11342.350,13615244.000
2023-03-21,11503.690,11589.630,11674.660,11503.690,16919307.000
2023-03-22,11566.460,11547.640,11586.600,11499.300,12762232.000
2023-03-23,11500.590,11651.690,11652.510,11467.660,14314930.000
2023-03-24,11633.310,11526.200,11633.310,11483.530,13160097.000
2023-03-27,11499.590,11415.900,11519.600,11362.510,12209392.000
2023-03-28,11411.540,11261.860,11434.010,11241.140,11097386.000
2023-03-29,11250.370,11114.020,11251.490,11081.990,12818504.000
2023-03-30,11108.180,11151.990,11165.720,11077.980,10523888.000
2023-03-31,11141.590,11184.060,11185.640,11116.590,9302063.000
2023-04-03,11195.500,11388.840,11400.280,11195.500,14301573.000
2023-04-04,11409.890,11357.650,11427.890,11294.530,15889129.000
2023-04-06,11314.960,11493.810,11511.810,11286.680,12932114.000
2023-04-07,11501.110,11523.520,11583.500,11496.320,10082877.000
2023-04-10,11617.740,11449.970,11642.000,11425.480,12916431.000
2023-04-11,11429.110,11372.880,11431.120,11308.380,10169867.000
2023-04-12,11364.540,11395.300,11431.540,11346.180,9599480.000
2023-04-13,11387.170,11345.110,11431.420,11307.330,10457321.000
2023-04-14,11337.370,11386.650,11400.450,11281.480,8892330.000
2023-04-17,11361.670,11399.860,11400.330,11326.790,9975719.000
2023-04-18,11386.630,11359.880,11398.950,11285.370,9739078.000
2023-04-19,11318.200,11270.450,11350.720,11243.760,11543397.000
2023-04-20,11257.670,11220.090,11294.340,11142.780,11307757.000
2023-04-21,11190.950,11194.390,11448.800,11187.360,22106747.000
2023-04-24,11165.380,11040.570,11166.420,10966.860,17430142.000
2023-04-25,11017.300,10828.540,11072.990,10733.940,15268942.000
2023-04-26,10796.620,10928.260,11023.530,10779.310,14173060.000
2023-04-27,10913.450,11179.900,11183.060,10859.380,16212570.000
2023-04-28,11140.730,11203.630,11204.900,11112.560,14704447.000
2023-05-04,11146.230,11172.130,11280.100,11115.880,16016124.000
2023-05-05,11148.460,11038.700,11177.770,10992.980,12511015.000
2023-05-08,11050.900,11409.800,11422.590,11050.900,21337031.000
2023-05-09,11437.930,11196.350,11522.610,11191.420,22047979.000
2023-05-10,11144.900,11098.680,11149.570,11032.010,15036220.000
2023-05-11,11104.160,10987.750,11112.630,10968.550,11772511.000
2023-05-12,10975.410,10830.680,11013.780,10818.100,9506569.000
2023-05-15,10810.380,11161.140,11168.510,10788.750,14563950.000
2023-05-16,11138.750,11079.420,11193.900,11051.430,13523240.000
2023-05-17,11043.510,11372.970,11387.010,11039.950,18306069.000
2023-05-18,11347.970,11345.930,11394.820,11279.090,14378063.000
2023-05-19,11305.600,11345.640,11384.770,11241.540,11870768.000
2023-05-22,11324.770,11265.670,11374.600,11220.180,8714930.000
2023-05-23,11254.150,11103.310,11256.830,11103.310,9756590.000
2023-05-24,11059.310,11033.700,11190.260,11000.230,9453829.000
2023-05-25,11011.260,11082.130,11126.890,10956.350,9809392.000
2023-05-26,11072.910,11048.310,11083.760,10929.850,8565181.000
2023-05-29,11172.590,11064.720,11218.820,11050.930,10829596.000
2023-05-30,11014.270,10988.370,11046.390,10806.830,11461617.000
2023-05-31,10960.940,11030.060,11109.040,10945.360,11796709.000
2023-06-01,10985.950,11091.660,11152.640,10893.020,14376397.000
2023-06-02,11095.630,11041.360,11132.320,11030.830,11134942.000
2023-06-05,11032.510,10934.390,11058.690,10928.890,10403382.000
2023-06-06,10925.180,10678.150,10925.430,10660.090,11084989.000
2023-06-07,10668.460,10633.290,10677.960,10593.820,8514986.000
2023-06-08,10618.850,10593.780,10639.210,10523.690,9078809.000
2023-06-09,10590.170,10660.260,10660.630,10504.040,10677781.000
2023-06-12,10639.180,10606.260,10679.570,10604.340,9375742.000
2023-06-13,10601.020,10643.480,10653.020,10529.690,9741012.000
2023-06-14,10639.400,10616.090,10668.730,10609.280,8993001.000
2023-06-15,10617.030,10719.430,10744.910,10599.760,8895078.000
2023-06-16,10735.030,10912.850,10935.070,10735.030,13579773.000
2023-06-19,10903.260,10983.220,11031.910,10896.540,13397330.000
2023-06-20,10987.660,11309.480,11351.890,10952.290,18642399.000
2023-06-21,11290.680,11152.410,11318.550,11152.410,14364015.000
2023-06-26,11102.340,10986.760,11172.620,10958.370,12688024.000
2023-06-27,11000.010,11152.080,11185.730,10970.780,14203724.000
2023-06-28,11142.800,11227.350,11292.020,10992.520,15302710.000
2023-06-29,11191.780,11297.620,11358.280,11172.310,13679695.000
2023-06-30,11298.230,11508.290,11545.890,11298.230,13813271.000
2023-07-03,11527.880,11601.610,11672.710,11527.770,14999586.000
2023-07-04,11581.420,11618.420,11652.910,11545.290,13832014.000
2023-07-05,11594.570,11466.420,11596.090,11456.000,11550328.000
2023-07-06,11452.700,11372.640,11486.490,11361.630,9550708.000
2023-07-07,11357.930,11244.490,11358.550,11223.210,8758292.000
2023-07-10,11289.750,11308.490,11381.550,11236.550,8470962.000
2023-07-11,11310.560,11392.790,11413.680,11308.550,10144320.000
2023-07-12,11396.410,11168.480,11398.730,11164.140,11467950.000
2023-07-13,11164.110,11215.780,11250.940,11164.110,11821646.000
2023-07-14,11210.980,11203.500,11272.840,11192.410,10864647.000
2023-07-17,11186.280,11224.080,11237.520,11123.550,10083018.000
2023-07-18,11223.240,11246.360,11311.650,11164.760,8992722.000
2023-07-19,11233.930,11144.740,11255.720,11099.570,7250641.000
2023-07-20,11140.460,10941.530,11166.980,10931.370,8345037.000
2023-07-21,10923.560,10894.850,10982.350,10860.560,6479072.000
2023-07-24,10871.250,10981.080,11072.480,10858.950,7403879.000
2023-07-25,11045.940,11079.030,11079.680,10964.080,8134674.000
2023-07-26,11071.370,10994.150,11084.360,10974.960,6818359.000
2023-07-27,11004.960,10961.720,11092.580,10922.630,8982262.000
2023-07-28,10923.370,10946.140,10950.890,10801.930,9986804.000
2023-07-31,10934.950,10999.660,11002.730,10934.210,11559893.000
2023-08-01,11022.250,11053.150,11074.440,10986.240,10363203.000
2023-08-02,11045.360,10986.700,11110.280,10953.260,8490116.000
2023-08-03,10933.660,10940.820,10968.740,10901.190,6543014.000
2023-08-04,10945.100,10932.070,11007.170,10876.660,9188174.000
2023-08-07,10911.460,10917.020,10961.190,10886.380,6514898.000
2023-08-08,10906.020,10770.400,10906.020,10724.010,9214590.000
2023-08-09,10722.390,10719.170,10761.720,10700.350,5728922.000
2023-08-10,10727.080,10731.840,10803.180,10709.080,4990366.000
2023-08-11,10732.960,10585.690,10748.830,10585.690,6062922.000
2023-08-14,10513.200,10657.760,10660.650,10481.210,6416805.000
2023-08-15,10651.500,10549.600,10671.320,10475.480,5176797.000
2023-08-16,10527.150,10377.500,10565.930,10377.500,5204028.000
2023-08-17,10345.420,10699.330,10718.960,10281.610,9595883.000
2023-08-18,10687.840,10596.800,10802.470,10596.800,8017616.000
2023-08-21,10602.570,10418.080,10656.030,10417.840,6691318.000
2023-08-22,10436.440,10579.960,10601.600,10386.670,7875329.000
2023-08-23,10540.160,10319.640,10540.160,10318.790,6691909.000
2023-08-24,10339.430,10318.210,10419.380,10232.400,6963793.000
2023-08-25,10282.400,10170.240,10356.210,10131.240,8326039.000
2023-08-28,10678.280,10246.840,10689.640,10222.120,10367055.000
2023-08-29,10236.230,10550.920,10611.000,10227.700,10301655.000
2023-08-30,10576.460,10648.070,10740.640,10576.460,10858384.000
2023-08-31,10641.900,10570.220,10659.800,10542.820,7355066.000
2023-09-01,10565.890,10523.480,10583.820,10464.120,5832702.000
2023-09-04,10558.780,10631.090,10631.090,10516.160,7681294.000
2023-09-05,10616.890,10603.570,10695.030,10585.580,8290412.000
2023-09-06,10576.190,10788.350,10803.340,10507.840,10799181.000
2023-09-07,10783.620,10623.720,10794.840,10622.230,9923722.000
2023-09-08,10595.010,10854.460,10889.340,10593.260,12674221.000
2023-09-11,10869.150,10758.020,10869.710,10700.870,15179834.000
2023-09-12,10733.700,10716.340,10762.960,10667.930,10335046.000
2023-09-13,10686.390,10555.600,10686.390,10485.820,8960267.000
2023-09-14,10561.260,10530.540,10584.520,10493.220,7114861.000
2023-09-15,10541.820,10505.480,10552.610,10461.350,7654882.000
2023-09-18,10463.180,10445.900,10491.180,10397.720,6967951.000
2023-09-19,10432.600,10300.940,10432.770,10276.940,6519119.000
2023-09-20,10277.930,10217.910,10321.560,10215.370,5317471.000
2023-09-21,10214.600,10211.040,10338.600,10207.690,6305334.000
2023-09-22,10193.860,10351.850,10359.830,10170.780,7367660.000
2023-09-25,10346.390,10220.020,10350.660,10203.080,6842313.000
2023-09-26,10208.980,10111.790,10222.720,10108.150,6559942.000
2023-09-27,10102.680,10117.000,10210.840,10096.390,7322486.000
2023-09-28,10141.400,10267.120,10281.720,10141.400,7471681.000
2023-10-09,10281.660,10330.050,10375.350,10235.510,9029556.000
2023-10-10,10337.050,10295.030,10377.910,10267.980,8009837.000
2023-10-11,10297.230,10183.260,10297.230,10147.260,9860340.000
2023-10-12,10201.560,10172.450,10225.050,10126.310,8802339.000
2023-10-13,10131.990,10021.380,10131.990,9990.110,8190882.000
2023-10-16,10017.620,9946.150,10063.790,9906.660,8750423.000
2023-10-17,9930.390,9988.620,9996.260,9853.650,8587035.000
2023-10-18,9964.420,9821.660,9966.280,9821.500,8436364.000
2023-10-19,9778.420,9729.880,9888.970,9729.660,9387305.000
2023-10-20,9685.090,9577.730,9730.270,9564.660,7779248.000
2023-10-23,9558.400,9488.830,9666.150,9445.840,8913807.000
2023-10-24,9518.710,9533.690,9582.280,9400.450,9253040.000
2023-10-25,9591.380,9677.140,9772.180,9588.610,9668187.000
2023-10-26,9628.890,9776.250,9782.070,9540.440,11882576.000
2023-10-27,9751.970,9867.330,9905.860,9676.960,12413430.000
2023-10-30,9811.910,9959.270,9974.950,9807.130,13065116.000
2023-10-31,9937.800,9945.620,9991.200,9889.960,11248328.000
2023-11-01,9940.560,9924.560,9982.110,9895.330,10240134.000
2023-11-02,9918.460,9728.390,9960.190,9724.230,9859661.000
2023-11-03,9727.310,9907.480,9939.870,9727.310,10797194.000
2023-11-06,9936.830,10036.670,10038.630,9928.290,11217504.000
2023-11-07,10018.060,10022.110,10046.900,9969.400,9480704.000
2023-11-08,10008.170,9999.480,10053.340,9938.010,9343863.000
2023-11-09,9982.700,9965.770,10036.660,9923.070,8103613.000
2023-11-10,9935.930,9990.780,10008.880,9899.750,8083042.000
2023-11-13,10005.920,10294.000,10299.450,9980.770,13609720.000
2023-11-14,10289.200,10368.940,10430.600,10279.920,12257286.000
2023-11-15,10408.350,10342.230,10416.360,10281.290,12278637.000
2023-11-16,10317.380,10246.000,10367.530,10246.000,9519590.000
2023-11-17,10226.690,10244.890,10246.480,10168.520,7554913.000
2023-11-20,10242.610,10436.920,10442.470,10229.930,10837006.000
2023-11-21,10440.890,10301.960,10445.710,10285.720,9546680.000
2023-11-22,10273.720,10178.900,10325.850,10178.900,7337678.000
2023-11-23,10174.030,10247.220,10256.860,10142.400,6707417.000
2023-11-24,10257.540,10065.510,10259.460,10036.990,7723087.000
2023-11-27,10050.630,10083.960,10123.230,10004.320,7324203.000
2023-11-28,10076.690,10114.500,10130.390,10050.940,6146919.000
2023-11-29,10100.850,10071.320,10159.880,10051.970,6264032.000
2023-11-30,10072.940,10003.500,10113.270,9937.640,7849437.000
2023-12-01,9993.440,10025.780,10055.620,9940.610,6720606.000
2023-12-04,10050.660,10100.780,10148.180,10050.660,8071811.000
2023-12-05,10084.720,9868.470,10084.720,9868.470,7373899.000
2023-12-06,9860.860,9868.060,9921.080,9834.420,6597508.000
2023-12-07,9850.860,9801.680,9854.440,9750.000,7329076.000
2023-12-08,9788.640,9672.360,9815.960,9662.630,10237578.000
2023-12-11,9646.550,9854.210,9863.800,9590.880,9875187.000
2023-12-12,9850.250,9912.500,9991.060,9842.150,9422344.000
2023-12-13,9901.670,9862.250,10007.490,9862.250,8236973.000
2023-12-14,9882.090,9808.580,9951.620,9797.130,6789859.000
2023-12-15,9805.610,9718.190,9834.950,9696.470,6394982.000
2023-12-18,9685.410,9524.430,9685.720,9505.110,7014960.000
2023-12-19,9530.660,9519.400,9579.240,9459.830,6260801.000
2023-12-20,9519.180,9301.500,9522.980,9296.450,6978576.000
2023-12-21,9265.990,9375.450,9402.580,9203.710,7233847.000
2023-12-22,9388.750,9567.510,9640.940,9387.460,9888777.000
2023-12-25,9567.180,9700.740,9797.780,9567.180,8759595.000
2023-12-26,9678.460,9587.790,9679.650,9501.910,7553315.000
2023-12-27,9564.890,9587.920,9598.650,9497.690,6356537.000
2023-12-28,9583.700,9711.590,9751.340,9552.340,9110019.000
2023-12-29,9709.540,9843.230,9848.010,9689.910,8713877.000
2024-01-02,9857.190,9891.220,10041.440,9834.970,11156102.000
2024-01-03,9859.730,9779.710,9862.190,9708.440,7556583.000
2024-01-04,9765.390,9668.730,9795.260,9614.650,6554996.000
2024-01-05,9650.590,9370.930,9655.840,9312.150,9348092.000
2024-01-08,9351.040,9097.600,9351.880,9097.600,8292832.000
2024-01-09,9104.270,9037.590,9141.330,8979.520,7593146.000
2024-01-10,9010.250,8954.710,9080.110,8868.050,6181900.000
2024-01-11,8942.530,9104.210,9126.350,8942.530,6944565.000
2024-01-12,9097.610,9076.390,9141.400,9025.000,7554539.000
2024-01-15,9029.480,8871.920,9029.480,8862.190,7993843.000
2024-01-16,8858.320,8804.350,8883.700,8677.070,8531321.000
2024-01-17,8786.260,8531.470,8790.550,8531.470,7163838.000
2024-01-18,8474.010,8554.620,8559.070,8262.510,11163841.000
2024-01-19,8521.170,8453.540,8568.480,8439.500,6373592.000
2024-01-22,8433.430,8077.950,8441.140,8026.940,9759577.000
2024-01-23,8057.590,8182.450,8219.860,7988.260,8063025.000
2024-01-24,8226.630,8306.900,8314.660,8004.360,9213949.000
2024-01-25,8301.210,8682.740,8690.870,8269.630,13432543.000
2024-01-26,8665.790,8591.220,8695.350,8559.380,9937464.000
2024-01-29,8606.300,8432.810,8658.380,8432.810,9399354.000
2024-01-30,8384.160,8295.130,8493.310,8287.100,8904678.000
2024-01-31,8221.030,7955.710,8246.440,7942.660,11436861.000
2024-02-01,7894.500,7926.520,8070.070,7817.880,9433895.000
2024-02-02,7929.650,7651.930,8003.360,7405.700,12753076.000
2024-02-05,7582.380,7386.590,7619.060,7103.430,15379800.000
2024-02-06,7311.510,7865.590,7908.850,7266.690,14771544.000
2024-02-07,7895.910,8278.040,8297.040,7892.540,17381156.000
2024-02-08,8351.740,8500.660,8653.010,8351.740,16477080.000
2024-02-19,8602.390,8520.500,8602.390,8396.140,14884094.000
2024-02-20,8466.360,8500.970,8517.890,8393.400,9935634.000
2024-02-21,8431.530,8539.440,8719.400,8391.240,12642013.000
2024-02-22,8514.710,8637.910,8650.090,8512.690,10139377.000
2024-02-23,8664.700,8723.940,8733.830,8550.340,11290690.000
2024-02-26,8723.010,8774.890,8880.900,8695.070,12496955.000
2024-02-27,8737.550,9034.720,9034.720,8723.170,13590400.000
2024-02-28,9042.880,8700.690,9155.500,8700.690,18239703.000
2024-02-29,8649.670,9060.580,9061.180,8649.670,14414043.000
2024-03-01,9075.950,9193.380,9196.140,9033.600,12953722.000
2024-03-04,9192.640,9200.960,9237.330,9091.380,13189664.000
2024-03-05,9152.060,9257.110,9346.430,9131.210,14589101.000
2024-03-06,9216.310,9221.530,9286.520,9111.320,11176536.000
2024-03-07,9222.360,9003.790,9280.210,9002.540,11405309.000
2024-03-08,9024.350,9146.390,9167.290,8968.650,10194186.000
2024-03-11,9128.590,9264.100,9264.100,9112.830,10046245.000
2024-03-12,9291.480,9298.780,9408.070,9238.420,15955363.000
2024-03-13,9303.820,9318.550,9401.220,9197.510,16730791.000
2024-03-14,9268.580,9160.580,9300.760,9078.370,12445558.000
2024-03-15,9130.610,9223.910,9226.970,9085.130,10637375.000
2024-03-18,9259.340,9446.900,9447.630,9259.340,15277784.000
2024-03-19,9427.800,9412.570,9503.280,9386.570,14631117.000
2024-03-20,9406.210,9441.600,9476.420,9375.200,12018168.000
2024-03-21,9445.930,9431.630,9480.330,9333.510,13081977.000
2024-03-22,9408.490,9299.640,9410.710,9237.120,13297498.000
2024-03-25,9267.620,9091.710,9295.140,9091.710,13536430.000
2024-03-26,9073.030,9047.590,9141.440,8953.370,11762427.000
2024-03-27,9030.790,8736.380,9032.650,8730.030,12240994.000
2024-03-28,8748.540,9067.800,9145.160,8748.540,15627902.000
2024-03-29,9062.890,9236.660,9239.010,9055.400,13728010.000
2024-04-01,9293.400,9329.330,9341.920,9236.940,14983046.000
2024-04-02,9298.370,9196.910,9298.370,9151.020,12976747.000
2024-04-03,9135.650,9075.220,9146.690,9019.600,12038721.000
2024-04-08,9017.440,8885.890,9045.220,8883.680,12285621.000
2024-04-09,8887.460,8921.580,8986.700,8856.330,10526233.000
2024-04-10,8889.800,8770.880,8891.920,8671.930,11541612.000
2024-04-11,8713.330,8722.900,8835.130,8705.270,9514567.000
2024-04-12,8712.280,8683.190,8806.880,8665.250,9391354.000
2024-04-15,8702.790,8884.680,8966.780,8638.500,15803986.000
2024-04-16,8843.080,8538.590,8855.150,8534.280,15737952.000
2024-04-17,8576.010,8842.130,8842.440,8575.250,12805441.000
2024-04-18,8799.770,8868.010,8971.330,8750.480,14207057.000
2024-04-19,8808.020,8986.550,9014.710,8804.650,15840464.000
2024-04-22,9031.230,9102.910,9213.760,8943.230,20333261.000
2024-04-23,9067.040,8970.140,9100.420,8939.900,18105463.000
2024-04-24,8961.670,9169.250,9169.250,8959.850,17237161.000
2024-04-25,9134.710,9044.600,9134.710,9014.900,15217839.000
2024-04-26,9005.450,9158.580,9193.710,9005.450,18033013.000
2024-04-29,9130.490,9254.300,9274.710,9070.230,20662919.000
2024-04-30,9243.940,9119.050,9281.110,9084.210,15630868.000
2024-05-06,9205.260,9214.030,9274.390,9172.200,14095732.000
2024-05-07,9199.840,9455.770,9490.700,9178.280,19464422.000
2024-05-08,9429.460,9340.490,9429.460,9318.360,15450642.000
2024-05-09,9321.190,9656.210,9657.580,9310.160,20316876.000
2024-05-10,9664.140,9547.860,9713.250,9505.950,16295947.000
2024-05-13,9466.780,9461.660,9549.010,9339.880,14611804.000
2024-05-14,9447.810,9400.900,9514.510,9370.990,11202945.000
2024-05-15,9373.120,9271.240,9423.160,9264.210,10822980.000
2024-05-16,9267.320,9238.060,9356.110,9205.720,10947051.000
2024-05-17,9241.750,9402.240,9402.240,9202.830,13289447.000
2024-05-20,9391.610,9506.980,9587.760,9374.700,15540897.000
2024-05-21,9464.760,9374.390,9464.760,9350.000,10981059.000
2024-05-22,9365.470,9341.280,9398.250,9271.540,9458271.000
2024-05-23,9348.070,9247.300,9401.130,9238.630,14738279.000
2024-05-24,9200.140,9060.120,9209.920,9057.710,12457783.000
2024-05-27,9055.650,9115.410,9118.180,8923.570,11234645.000
2024-05-28,9078.930,9067.150,9185.640,9014.850,9610899.000
2024-05-29,9085.530,9027.790,9154.650,8979.570,9258750.000
2024-05-30,8972.810,9180.790,9253.690,8924.830,12835921.000
2024-05-31,9172.830,9279.780,9336.160,9172.830,12948710.000
2024-06-03,9270.070,9220.750,9334.870,9155.890,12294862.000
2024-06-04,9187.430,9317.070,9329.850,9135.820,10873991.000
2024-06-05,9287.660,9386.420,9542.940,9284.890,14789855.000
2024-06-06,9373.080,9192.530,9395.700,9170.470,14392379.000
2024-06-07,9230.280,9225.260,9334.440,9142.000,11649631.000
2024-06-11,9188.750,9326.570,9350.660,9147.370,13209395.000
2024-06-12,9283.060,9329.380,9426.330,9279.350,11064179.000
2024-06-13,9315.600,9366.050,9414.670,9283.760,10784778.000
2024-06-14,9324.650,9242.550,9324.650,9176.290,12776153.000
2024-06-17,9206.540,9270.430,9317.910,9199.490,10761083.000
2024-06-18,9254.050,9328.990,9356.890,9244.380,10670099.000
2024-06-19,9320.760,9184.340,9323.500,9184.140,9641177.000
2024-06-20,9164.170,9015.460,9212.240,9014.120,10440685.000
2024-06-21,9002.300,9027.250,9072.810,8953.030,7382242.000
2024-06-24,8995.860,8805.980,9039.730,8805.720,9589984.000
2024-06-25,8805.430,8674.850,8846.580,8601.940,9536115.000
2024-06-26,8668.710,8853.890,8864.960,8606.700,8998035.000
2024-06-27,8812.800,8715.200,8814.120,8713.490,8313293.000
2024-06-28,8694.760,8992.590,9052.620,8694.290,13330436.000
2024-07-01,8974.040,8986.040,9002.670,8852.560,9631566.000
2024-07-02,8983.940,8904.380,9002.070,8874.540,8582413.000
2024-07-03,8884.030,8759.320,8885.550,8739.140,7838328.000
2024-07-04,8756.030,8653.200,8823.410,8646.540,8043087.000
2024-07-05,8636.840,8689.570,8697.620,8531.570,7979667.000
2024-07-08,8666.510,8526.130,8668.520,8503.050,8760256.000
2024-07-09,8512.760,8649.440,8686.400,8435.890,12367806.000
2024-07-10,8619.320,8646.630,8703.320,8609.370,9968853.000
2024-07-11,8754.210,8863.070,8873.490,8714.610,12059730.000
2024-07-12,8860.370,8817.690,8884.260,8796.740,8924383.000
2024-07-15,8817.890,8772.870,8874.230,8733.670,10123202.000
2024-07-16,8746.060,8837.010,8840.340,8722.190,9149542.000
2024-07-17,8826.050,8772.240,8853.580,8772.240,8541383.000
2024-07-18,8724.410,8959.410,8978.080,8674.640,11504538.000
2024-07-19,8925.870,9095.460,9118.710,8914.120,11008984.000
2024-07-22,9103.600,9155.000,9214.950,9097.830,11016264.000
2024-07-23,9142.860,8874.950,9143.240,8874.950,9421983.000
2024-07-24,8849.180,8939.720,9070.660,8848.770,11286947.000
2024-07-25,8895.380,8850.040,8921.870,8769.360,9013555.000
2024-07-26,8852.440,9155.580,9175.770,8852.440,13559600.000
2024-07-29,9197.740,9229.230,9306.470,9162.580,16361464.000
2024-07-30,9205.770,9259.980,9315.040,9098.820,13937521.000
2024-07-31,9238.430,9393.350,9402.240,9178.380,18189088.000
2024-08-01,9379.780,9416.290,9568.400,9373.270,18739426.000
2024-08-02,9342.230,9325.850,9550.510,9312.040,17544311.000
2024-08-05,9265.610,9034.430,9403.010,9033.460,17070650.000
2024-08-06,9120.750,9257.180,9320.530,9083.130,18164836.000
2024-08-07,9243.620,9315.060,9392.470,9221.800,18122192.000
2024-08-08,9262.890,9023.580,9263.690,8984.580,16881678.000
2024-08-09,9040.760,8913.950,9101.100,8913.950,10541932.000
2024-08-12,8884.170,8818.490,8890.730,8782.170,9077014.000
2024-08-13,8835.900,8931.110,8942.210,8835.900,8934854.000
2024-08-14,8918.030,8822.420,8918.030,8822.350,7298722.000
2024-08-15,8802.000,8861.530,8949.870,8792.360,8791004.000
2024-08-16,8887.030,8735.370,8894.440,8721.580,9297466.000
2024-08-19,8681.830,8701.430,8799.510,8677.440,8747872.000
2024-08-20,8703.130,8558.430,8716.450,8513.510,8617599.000
2024-08-21,8522.650,8510.460,8577.610,8501.940,6333326.000
2024-08-22,8507.820,8474.170,8572.100,8431.520,7633228.000
2024-08-23,8460.530,8479.460,8506.490,8410.590,6979342.000
2024-08-26,8462.010,8419.570,8470.430,8364.990,7419999.000
2024-08-27,8391.730,8283.620,8391.730,8267.690,7040634.000
2024-08-28,8266.150,8369.080,8411.170,8264.960,7162049.000
2024-08-29,8344.410,8491.350,8544.340,8324.960,8400782.000
2024-08-30,8490.430,8592.770,8689.690,8490.170,11761520.000
2024-09-02,8566.720,8290.510,8566.720,8288.940,11186408.000
2024-09-03,8324.140,8398.060,8430.270,8324.140,7375159.000
2024-09-04,8350.420,8381.830,8428.460,8319.890,6259201.000
2024-09-05,8386.810,8422.820,8475.500,8382.320,5748306.000
2024-09-06,8427.080,8305.780,8433.010,8303.130,6013006.000
2024-09-09,8282.560,8284.400,8351.490,8248.170,6092131.000
2024-09-10,8296.250,8330.840,8352.980,8195.230,6935030.000
2024-09-11,8303.020,8317.980,8343.860,8281.590,4937227.000
2024-09-12,8329.070,8282.340,8410.760,8282.340,5317350.000
2024-09-13,8287.310,8209.350,8305.880,8207.100,5334093.000
2024-09-18,8220.490,8211.960,8245.970,8108.900,6488870.000
2024-09-19,8289.550,8230.990,8293.210,8077.840,13638346.000
2024-09-20,8204.720,8096.740,8205.190,8024.000,11887080.000
2024-09-23,8061.860,8117.640,8190.920,8060.850,9801668.000
2024-09-24,8154.350,8374.720,8374.720,8073.170,15528460.000
2024-09-25,8421.540,8522.190,8633.090,8421.540,17900486.000
2024-09-26,8494.680,8798.690,8798.690,8456.570,15845198.000
2024-09-27,8890.270,9227.700,9236.440,8890.270,18274399.000
2024-09-30,9606.030,10176.380,10211.010,9496.940,36989343.000
2024-10-08,11386.800,11119.540,11386.800,10501.540,46227199.000
2024-10-09,10865.020,10330.820,10958.810,10295.780,36884405.000
2024-10-10,10375.420,10408.130,10795.720,10156.500,30912489.000
2024-10-11,10348.310,9872.930,10349.350,9760.110,23692581.000
2024-10-14,10010.460,10268.640,10291.680,9940.530,25113517.000
2024-10-15,10193.670,10215.060,10482.930,10105.850,27022446.000
2024-10-16,10084.250,10083.190,10277.290,9996.960,21894067.000
2024-10-17,10140.130,10157.870,10323.980,10138.920,25086227.000
2024-10-18,10147.740,10530.460,10753.110,10068.520,33995218.000
2024-10-21,10687.080,10979.440,11153.480,10687.080,38539520.000
2024-10-22,10998.850,10825.770,10998.850,10714.030,33653563.000
2024-10-23,10780.080,11096.250,11345.880,10777.720,36298538.000
2024-10-24,11037.810,10827.840,11037.810,10748.370,24315048.000
2024-10-25,10846.880,10941.920,11014.930,10846.880,23591059.000
2024-10-28,10978.420,11117.840,11246.150,10963.950,27763230.000
2024-10-29,11078.980,11007.630,11203.880,10997.530,30730977.000
2024-10-30,10935.020,11043.360,11143.730,10930.950,25003780.000
2024-10-31,11040.490,11090.320,11161.590,10921.490,34343410.000
2024-11-01,11067.320,10767.680,11172.980,10751.780,34257480.000
2024-11-04,10780.100,11022.470,11079.940,10780.100,26530756.000
2024-11-05,11162.270,11702.180,11710.520,11162.270,42113755.000
2024-11-06,11938.900,11857.240,12003.070,11714.230,45273273.000
2024-11-07,11705.030,11756.300,11783.650,11434.690,40461836.000
2024-11-08,11832.700,12119.550,12243.590,11832.700,41056219.000
2024-11-11,12265.790,12403.060,12424.820,12091.640,44278211.000
2024-11-12,12411.400,11949.110,12416.990,11826.580,41865884.000
2024-11-13,11892.180,11952.890,12017.620,11768.090,32888444.000
2024-11-14,11898.050,11474.810,11898.050,11453.330,26231317.000
2024-11-15,11412.290,11077.050,11460.310,11077.050,28750685.000
2024-11-18,11060.710,10853.460,11110.800,10777.170,25579636.000
2024-11-19,10882.170,11034.040,11034.640,10709.350,25334474.000
2024-11-20,11025.480,11182.210,11224.970,10968.350,26364955.000
2024-11-21,11157.430,11168.670,11228.130,11073.370,20400137.000
2024-11-22,11144.260,10760.590,11171.900,10760.590,26390377.000
2024-11-25,10720.000,10620.160,10760.650,10452.650,22597255.000
2024-11-26,10599.960,10508.320,10700.110,10505.360,15768278.000
2024-11-27,10460.670,10841.820,10845.450,10350.060,23183453.000
2024-11-28,10851.730,10775.620,10985.510,10765.650,21612891.000
2024-11-29,10730.750,10898.480,10991.770,10665.400,20871858.000
2024-12-02,10904.880,11022.240,11043.900,10889.470,20324255.000
2024-12-03,11023.960,10918.500,11027.570,10822.380,18506627.000
2024-12-04,10909.810,10797.560,10923.960,10756.820,19382333.000
2024-12-05,10761.870,10916.260,10978.440,10760.750,16841099.000
2024-12-06,10954.000,11010.360,11081.510,10875.860,19520036.000
2024-12-09,10986.260,10866.460,10986.260,10808.310,18594729.000
2024-12-10,11165.080,11011.550,11175.280,10996.690,25635983.000
2024-12-11,10984.560,11061.930,11061.980,10969.100,18931022.000
2024-12-12,11096.650,11236.060,11237.850,11075.370,21758956.000
2024-12-13,11158.410,10925.580,11158.410,10914.750,23180981.000
2024-12-16,10885.840,10777.210,10914.320,10733.860,19117486.000
2024-12-17,10756.050,10628.780,10807.700,10607.380,16682666.000
2024-12-18,10673.260,10712.780,10765.950,10651.920,15715244.000
2024-12-19,10591.760,10728.840,10756.150,10555.000,14275185.000
2024-12-20,10715.120,10839.370,10901.500,10691.870,14716766.000
2024-12-23,10829.390,10644.320,10841.230,10634.840,16161029.000
2024-12-24,10648.500,10685.600,10724.020,10593.440,13318635.000
2024-12-25,10682.190,10616.980,10683.030,10522.520,14997009.000
2024-12-26,10649.610,10759.460,10818.840,10649.610,15762474.000
2024-12-27,10972.960,10921.480,11086.640,10888.970,21289037.000
2024-12-30,10950.200,10874.960,10996.490,10823.200,14744799.000
2024-12-31,10862.530,10650.790,10867.880,10641.930,16742472.000
2025-01-02,10594.690,10176.930,10600.100,10091.920,18071853.000
2025-01-03,10156.820,9876.600,10181.980,9864.470,15894026.000
2025-01-06,9851.290,9763.680,9948.050,9689.080,12628434.000
2025-01-07,9787.350,9936.750,9937.060,9778.350,11407854.000
2025-01-08,9927.240,9867.070,9953.220,9608.030,15226851.000
2025-01-09,9821.680,10006.740,10079.600,9816.930,14006228.000
2025-01-10,9958.520,9868.930,10158.670,9868.930,13265013.000
2025-01-13,9750.020,9872.630,9982.430,9703.490,11544629.000
2025-01-14,9887.130,10225.480,10242.360,9844.620,16571575.000
2025-01-15,10206.190,10054.900,10226.420,10035.290,13300040.000
2025-01-16,10086.820,10047.810,10224.510,9972.860,14002193.000
2025-01-17,10006.770,10151.410,10234.110,9996.840,12477875.000
2025-01-20,10193.420,10245.780,10322.200,10193.420,12540593.000
2025-01-21,10279.170,10182.980,10280.520,10111.340,11160656.000
2025-01-22,10152.620,10109.100,10159.700,10037.120,11831429.000
2025-01-23,10196.490,10024.700,10319.160,10024.700,15594832.000
2025-01-24,10009.000,10128.870,10160.840,10004.970,12611768.000
2025-01-27,10153.680,10012.890,10206.740,10012.890,11263533.000
2025-02-05,10079.490,10107.360,10173.420,9995.760,12843132.000
2025-02-06,10114.100,10428.530,10430.170,10053.940,17659382.000
2025-02-07,10422.980,10512.670,10614.550,10383.240,21591545.000
2025-02-10,10552.720,10617.610,10635.710,10524.950,18768652.000
2025-02-11,10619.040,10508.860,10619.040,10447.990,17399453.000
2025-02-12,10472.410,10592.980,10593.940,10469.140,16990567.000
2025-02-13,10594.230,10499.810,10673.690,10499.210,17783963.000
2025-02-14,10483.860,10494.210,10506.190,10401.400,19266894.000
2025-02-17,10500.940,10474.170,10520.140,10401.270,17827822.000
2025-02-18,10463.720,10199.270,10466.190,10153.870,17948912.000
2025-02-19,10189.850,10397.160,10398.350,10189.800,17591472.000
2025-02-20,10391.300,10560.670,10570.360,10360.500,21837690.000
2025-02-21,10549.130,10668.820,10694.140,10541.150,23851399.000
2025-02-24,10675.490,10703.290,10799.330,10603.470,22871354.000
2025-02-25,10559.170,10637.360,10749.850,10535.870,24398741.000
2025-02-26,10630.670,10713.970,10751.960,10590.660,23480886.000
2025-02-27,10703.040,10594.820,10705.900,10434.700,20536736.000
2025-02-28,10541.940,10288.330,10571.910,10268.400,18815777.000
2025-03-03,10299.200,10332.550,10468.190,10274.630,16500052.000
2025-03-04,10316.200,10635.720,10663.060,10316.200,21370104.000
2025-03-05,10612.440,10668.840,10728.860,10594.870,19963922.000
2025-03-06,10703.080,10831.140,10854.960,10647.940,22197275.000
2025-03-07,10790.830,10974.360,11184.410,10777.150,26504781.000
2025-03-10,10997.720,11031.870,11149.400,10983.880,20962256.000
2025-03-11,10898.850,11259.470,11260.850,10889.040,22850037.000
2025-03-12,11322.080,11214.980,11402.960,11207.140,22765968.000
2025-03-13,11205.180,11190.110,11259.850,11021.520,23606503.000
2025-03-14,11185.370,11204.550,11234.170,11010.530,22155804.000
2025-03-17,11233.500,11173.020,11284.890,11158.290,20113346.000
2025-03-18,11171.790,11125.510,11254.700,11097.170,17091460.000
2025-03-19,11099.230,11020.070,11099.230,10984.580,14630770.000
2025-03-20,11008.360,11080.970,11211.890,10952.650,19202293.000
2025-03-21,11027.350,11011.630,11214.160,10965.330,24176431.000
2025-03-24,11020.900,10836.280,11031.730,10647.550,23639419.000
2025-03-25,10815.080,10796.370,11018.740,10767.330,19646841.000
2025-03-26,10762.790,10785.430,10888.730,10751.880,14529349.000
2025-03-27,10764.150,10728.180,10843.130,10579.340,15433653.000
2025-03-28,10709.160,10635.560,10770.730,10609.390,12701642.000
2025-03-31,10559.730,10465.250,10571.300,10344.210,14942378.000
2025-04-01,10530.620,10588.270,10724.580,10530.620,14839945.000
2025-04-02,10555.130,10469.740,10556.190,10423.600,12197395.000
2025-04-03,10374.370,10421.050,10554.540,10373.590,11570145.000
2025-04-07,9904.240,9504.170,10089.430,9311.630,23224506.000
2025-04-08,9504.450,9695.710,9719.070,9504.450,21962124.000
2025-04-09,9604.530,10217.900,10258.780,9559.320,27819303.000
2025-04-10,10316.020,10342.170,10445.510,10221.190,26554470.000
2025-04-11,10296.350,10462.740,10565.560,10286.430,20152072.000
2025-04-14,10502.800,10479.240,10532.890,10444.280,17351943.000
2025-04-15,10450.410,10291.520,10451.430,10218.740,13712378.000
2025-04-16,10331.550,10249.010,10383.700,10127.430,12858159.000
2025-04-17,10178.360,10237.580,10380.420,10178.360,13017196.000
2025-04-18,10198.640,10171.280,10227.200,10120.510,10404026.000
2025-04-21,10171.700,10356.830,10360.890,10159.660,12000570.000
2025-04-22,10339.390,10298.350,10383.230,10282.330,11035311.000
2025-04-23,10333.740,10286.190,10360.520,10231.660,12096623.000
2025-04-24,10256.350,10193.070,10260.110,10141.210,12377410.000
2025-04-25,10179.680,10219.010,10275.450,10115.270,10198647.000
2025-04-28,10213.470,10138.840,10258.010,10132.300,9743182.000
2025-04-29,10077.040,10155.370,10179.820,10034.000,11032209.000
2025-04-30,10146.620,10201.940,10240.850,10146.620,11851090.000
2025-05-06,10254.650,10392.630,10392.630,10254.650,13851865.000
2025-05-07,10559.660,10735.550,10861.060,10514.130,28423470.000
2025-05-08,10709.900,10961.030,10964.590,10636.390,26525343.000
2025-05-09,11009.950,10729.210,11009.950,10711.810,22982496.000
2025-05-12,10738.770,11234.550,11364.020,10716.570,38236059.000
2025-05-13,11227.960,10899.670,11227.960,10879.160,29400347.000
2025-05-14,10887.540,10828.140,10936.430,10803.690,18946943.000
2025-05-15,10805.240,10635.160,10838.670,10631.950,15643357.000
2025-05-16,10605.330,10622.190,10767.170,10605.330,13019271.000
2025-05-19,10687.570,10726.850,10744.170,10576.840,14135078.000
2025-05-20,10721.690,10696.680,10728.050,10632.360,16691497.000
2025-05-21,10668.660,10706.420,10719.770,10633.410,14084440.000
2025-05-22,10673.640,10641.820,10827.360,10637.500,16401497.000
2025-05-23,10619.360,10526.590,10684.560,10526.590,13153079.000
2025-05-26,10553.470,10634.080,10653.640,10533.710,12173292.000
2025-05-27,10624.800,10602.000,10656.810,10512.610,15612932.000
2025-05-28,10577.760,10524.130,10612.660,10513.880,12755835.000
2025-05-29,10514.540,10711.510,10718.010,10514.540,14394861.000
2025-05-30,10672.070,10719.520,10780.290,10607.960,17362268.000
2025-06-03,10740.970,10723.650,10861.650,10677.110,19310307.000
2025-06-04,10701.990,10711.270,10755.860,10684.040,15729665.000
2025-06-05,10699.470,10757.360,10769.160,10635.930,15271429.000
2025-06-06,10790.640,10727.130,10873.780,10722.840,14088808.000
2025-06-09,10793.080,10880.040,10978.360,10793.080,16963370.000
2025-06-10,10848.910,10688.390,10849.710,10604.020,15976451.000
2025-06-11,10683.530,10730.260,10755.480,10651.530,10498571.000
2025-06-12,10697.000,10662.760,10735.920,10654.010,11468757.000
2025-06-13,10713.970,10786.390,10825.250,10653.490,23883658.000
2025-06-16,10784.920,10795.130,10834.960,10684.670,18730400.000
2025-06-17,10773.460,10792.660,10819.280,10687.210,18953285.000
2025-06-18,10775.640,10855.900,10934.090,10769.380,23356292.000
2025-06-19,10810.590,10688.150,10810.590,10603.770,21792140.000
2025-06-20,10659.670,10567.540,10659.670,10557.230,16099525.000
2025-06-23,10560.450,10743.160,10752.720,10560.450,19252568.000
2025-06-24,10635.730,10794.340,10833.360,10602.580,23256236.000
2025-06-25,10806.050,11122.830,11124.430,10805.950,32109305.000
2025-06-26,11147.990,11144.200,11351.060,11134.460,34518598.000
2025-06-27,11160.560,11226.420,11332.470,11147.540,31437497.000
2025-06-30,11285.100,11686.700,11690.520,11285.100,36735853.000
2025-07-01,11701.610,11668.500,11732.780,11542.820,36033926.000
2025-07-02,11647.650,11438.990,11647.650,11401.280,37536225.000
2025-07-03,11423.700,11468.830,11596.840,11386.840,29545073.000
2025-07-04,11441.990,11391.900,11521.070,11332.060,26675476.000
2025-07-07,11399.140,11415.030,11457.120,11344.250,22869204.000
2025-07-08,11390.830,11491.200,11493.830,11383.510,20535199.000
2025-07-09,11502.490,11393.660,11590.390,11369.160,22983343.000
2025-07-10,11346.930,11357.050,11395.720,11247.980,22889160.000
2025-07-11,11357.910,11511.940,11558.320,11357.910,30484348.000
2025-07-14,11507.150,11449.300,11544.440,11448.580,21309904.000
2025-07-15,11434.590,11418.720,11502.190,11344.700,20848805.000
2025-07-16,11412.520,11396.520,11465.800,11362.330,17100766.000
2025-07-17,11393.100,11699.240,11699.240,11384.700,25230927.000
2025-07-18,11696.940,11808.470,11823.800,11669.870,25970573.000
2025-07-21,11818.980,11917.040,11932.370,11813.160,27808861.000
2025-07-22,11912.880,11917.210,12042.000,11851.420,30184407.000
2025-07-23,11881.000,11758.940,11881.000,11733.380,25120100.000
2025-07-24,11754.330,11970.880,11970.880,11754.020,25283208.000
2025-07-25,11975.070,11987.240,11990.630,11884.450,21488541.000
2025-07-28,12003.180,12162.750,12181.940,11984.510,28100867.000
2025-07-29,12131.840,12291.870,12294.300,12090.370,27466997.000
2025-07-30,12291.120,12139.770,12409.940,12020.550,32556783.000
2025-07-31,12066.010,12075.010,12218.360,12006.090,28445633.000
2025-08-01,12066.230,11913.010,12084.960,11869.470,27003401.000
2025-08-04,11864.970,12224.140,12224.190,11862.990,31183300.000
2025-08-05,12312.730,12308.000,12435.180,12239.480,38217664.000
2025-08-06,12307.400,12686.680,12698.350,12296.320,50516284.000
2025-08-07,12773.170,12632.970,12773.170,12564.410,49845562.000
2025-08-08,12583.890,12593.770,12724.940,12571.630,41054579.000
2025-08-11,12609.840,12676.820,12746.810,12586.790,35250536.000
2025-08-12,12674.990,12581.580,12698.800,12462.330,50050833.000
2025-08-13,12568.240,12763.690,12782.020,12568.240,39284276.000
2025-08-14,12775.800,12539.880,12829.890,12518.700,42535790.000
2025-08-15,12502.780,12689.030,12689.940,12502.780,31363072.000
2025-08-18,12742.830,12954.320,12961.760,12736.660,40162603.000
2025-08-19,12954.300,12743.480,12954.300,12718.300,34993139.000
2025-08-20,12704.210,12836.170,12836.170,12619.270,29849065.000
2025-08-21,12829.920,12756.920,12880.590,12695.160,25855949.000
2025-08-22,12757.830,13049.680,13051.810,12699.630,32607916.000
2025-08-25,13120.640,13310.240,13319.220,13062.030,42480175.000
2025-08-26,13318.300,13230.600,13319.570,13190.620,34700407.000
2025-08-27,13214.060,12991.010,13344.330,12991.010,36121302.000
2025-08-28,13061.330,13275.530,13275.590,12805.280,35715594.000
2025-08-29,13271.600,13378.550,13379.390,13182.020,36129651.000
2025-09-01,13388.750,13350.390,13392.630,13137.180,31861641.000
2025-09-02,13335.510,13021.270,13335.510,12850.880,30114506.000
2025-09-03,13063.510,12313.310,13067.130,12271.240,32119562.000
2025-09-04,12232.070,11925.290,12276.220,11772.410,26733124.000
2025-09-05,11906.380,12100.030,12126.550,11848.670,21650391.000
2025-09-08,12159.840,12167.260,12195.650,11986.650,23045587.000
2025-09-09,12134.940,11933.990,12139.130,11913.900,19854371.000
2025-09-10,11921.690,12015.180,12100.980,11921.690,19533275.000
2025-09-11,12022.130,12272.070,12275.060,11980.560,20806619.000
2025-09-12,12260.380,12258.130,12360.560,12236.570,21630635.000
2025-09-15,12267.070,12151.960,12267.290,12127.660,17371441.000
2025-09-16,12128.540,12090.820,12140.180,11957.730,17208531.000
2025-09-17,12087.680,12146.690,12162.710,12025.500,16386674.000
2025-09-18,12136.070,12079.620,12355.200,11968.650,23995297.000
2025-09-19,12086.960,12187.170,12322.070,12086.960,19405696.000
2025-09-22,12179.160,12259.890,12263.720,12103.760,17544176.000
2025-09-23,12302.560,12155.710,12340.070,11939.010,19379019.000
2025-09-24,12072.060,12286.460,12286.820,12038.430,16250828.000
2025-09-25,12257.230,12237.360,12312.890,12170.330,17492816.000
2025-09-26,12200.960,12196.920,12390.250,12147.050,18473617.000
2025-09-29,12201.030,12256.740,12312.090,12065.500,15469407.000
2025-09-30,12301.540,12580.900,12609.250,12301.540,20679946.000
2025-10-09,12593.570,12743.110,12748.590,12506.790,22912857.000
2025-10-10,12725.820,12597.670,12750.550,12559.030,21619895.000
2025-10-13,12245.070,12720.770,12725.330,12245.070,23834555.000
2025-10-14,12798.640,12555.310,12882.100,12526.600,25310689.000
2025-10-15,12553.230,12560.970,12568.570,12321.840,20883729.000
2025-10-16,12573.920,12422.690,12620.260,12392.450,19454112.000
2025-10-17,12386.820,12004.750,12471.370,11993.160,20669565.000
2025-10-20,12117.140,12046.000,12196.520,11969.660,18023344.000
2025-10-21,12075.260,12210.860,12222.860,12075.260,17735108.000
2025-10-22,12163.880,12068.360,12163.880,12050.830,17465851.000
2025-10-23,12013.240,12010.440,12022.750,11817.230,15425405.000
2025-10-24,12126.970,12295.860,12349.540,12126.970,21354044.000
2025-10-27,12399.260,12474.340,12485.400,12379.170,25723152.000
2025-10-28,12454.700,12602.110,12681.000,12406.140,30617593.000
2025-10-29,12595.370,12691.950,12712.210,12570.540,27407048.000
2025-10-30,12585.620,12451.410,12632.920,12447.730,27625852.000
2025-10-31,12427.460,12286.120,12466.160,12280.320,20695909.000
2025-11-03,12289.380,12359.350,12359.570,12142.500,20376441.000
2025-11-04,12341.090,12200.430,12345.800,12130.520,20744347.000
2025-11-05,12050.220,12164.820,12206.080,12040.950,17955276.000
2025-11-06,12169.000,12273.810,12311.920,12169.000,19145800.000
2025-11-07,12227.970,12208.960,12282.150,12130.350,22313417.000
2025-11-10,12223.400,12182.760,12265.100,12075.570,20097946.000
2025-11-11,12195.820,12058.440,12230.420,12045.170,18011329.000
2025-11-12,12017.340,11963.160,12017.340,11792.100,18436064.000
2025-11-13,11931.220,12037.780,12072.620,11931.220,16141911.000
2025-11-14,11987.470,11962.630,12109.630,11958.960,17773423.000
2025-11-17,12163.280,12122.880,12224.730,12084.640,21479228.000
2025-11-18,12106.480,11955.060,12106.480,11917.080,21454456.000
2025-11-19,11940.550,12026.220,12073.920,11901.850,23227428.000
2025-11-20,12018.880,11906.220,12018.880,11892.830,23179399.000
2025-11-21,11776.490,11663.300,11886.920,11605.350,27669018.000
2025-11-24,11702.720,12112.320,12127.830,11702.720,33190994.000
2025-11-25,12097.820,12074.640,12166.360,11991.940,30686878.000
2025-11-26,12051.390,11832.740,12055.580,11823.660,25672315.000
2025-11-27,11803.640,11812.490,11900.370,11791.890,20828084.000
2025-11-28,11826.630,11963.850,11964.190,11807.260,21318141.000
2025-12-01,12048.430,12094.950,12152.470,12036.500,21569727.000
2025-12-02,12090.580,12060.400,12149.190,12029.000,22999700.000
2025-12-03,12044.450,11926.570,12066.510,11877.030,29883289.000
2025-12-04,11863.900,12000.560,12075.970,11863.580,29732402.000
2025-12-05,11976.050,12286.990,12306.650,11947.550,31531583.000
2025-12-08,12427.170,12426.770,12610.290,12419.880,37444703.000
2025-12-09,12405.930,12411.960,12556.570,12361.560,35200656.000
2025-12-10,12368.740,12506.590,12525.210,12341.490,29842801.000
2025-12-11,12564.800,12462.340,12662.500,12458.490,30818406.000
2025-12-12,12460.370,12598.170,12624.940,12414.030,38568720.000
2025-12-15,12571.980,12707.870,12799.240,12489.310,38611393.000
2025-12-16,12663.470,12528.310,12663.470,12323.740,42289709.000
2025-12-17,12466.690,12520.030,12586.830,12306.190,33980510.000
2025-12-18,12423.970,12656.050,12816.610,12422.080,36432411.000
2025-12-19,12689.330,12826.400,12936.450,12689.330,36631659.000
2025-12-22,12917.140,12897.850,13010.650,12835.130,34504815.000
2025-12-23,12890.760,12710.710,12982.380,12642.840,39280062.000
2025-12-24,12632.190,13046.110,13077.870,12632.190,37244146.000
2025-12-25,13040.480,13454.460,13483.240,13026.330,45539004.000
2025-12-26,13489.250,13616.670,13694.280,13411.550,48526439.000
2025-12-29,13643.980,13788.610,13830.140,13597.860,45258041.000
2025-12-30,13720.420,13701.960,13992.340,13639.590,52851007.000
2025-12-31,13693.110,14011.140,14052.730,13641.360,47942501.000
2026-01-05,14255.660,14361.520,14447.900,14050.130,59709413.000
2026-01-06,14279.290,14823.970,14836.710,14274.800,59526771.000
2026-01-07,14759.040,14720.560,14865.060,14537.320,55221013.000
2026-01-08,14630.480,15342.980,15366.010,14630.480,68129855.000
2026-01-09,15570.480,15908.740,16164.900,15502.660,76780691.000
2026-01-12,16285.590,16868.400,16937.920,16208.830,72632801.000
2026-01-13,16759.690,15989.680,16759.690,15844.690,68643212.000
2026-01-14,15884.510,15959.220,16458.630,15762.340,73164174.000
2026-01-15,15653.590,15483.720,15794.910,15335.580,43871188.000
2026-01-16,15466.400,15339.150,15598.400,15199.930,43318148.000
2026-01-19,15192.760,15575.730,15757.060,15166.580,39615016.000
2026-01-20,15604.360,15121.920,15689.230,14941.840,48937070.000
2026-01-21,15031.040,15110.540,15332.110,15031.040,37371560.000
2026-01-22,15131.580,15587.070,15614.010,15131.580,55589892.000
2026-01-23,15680.610,16054.920,16119.180,15538.340,57137295.000
2026-01-26,15970.880,15344.120,15970.880,15284.850,51115747.000
2026-01-27,15221.180,15562.370,15635.930,15124.310,40493403.000
2026-01-28,15583.510,15317.090,15601.630,15251.090,36829775.000
2026-01-29,15223.640,15037.480,15373.140,15036.460,38431656.000
2026-01-30,14945.210,14783.920,15088.210,14501.550,37357899.000
2026-02-02,14790.380,14499.610,15018.270,14494.590,29752409.000
2026-02-03,14677.210,15153.000,15154.880,14585.420,40056557.000
2026-02-04,15101.460,15180.010,15383.680,14976.870,37566674.000
2026-02-05,14998.590,14979.650,15259.500,14916.340,27510091.000
2026-02-06,14840.760,14714.650,14992.960,14665.360,26596475.000
2026-02-09,14959.080,14977.690,15024.800,14819.390,26351679.000
2026-02-10,14980.580,15004.670,15071.160,14754.200,26780533.000
2026-02-11,14988.420,14896.280,15155.940,14888.340,26315784.000
2026-02-12,14867.500,15093.440,15136.790,14822.690,27416173.000
2026-02-13,15053.430,15127.960,15303.560,15051.960,28514919.000
2026-02-24,15237.430,15317.940,15484.470,15153.670,30096374.000
2026-02-25,15333.290,15595.600,15640.640,15288.080,33379406.000
2026-02-26,15542.770,15859.090,15903.820,15457.930,35063430.000
2026-02-27,15785.950,15854.760,15970.750,15731.200,35794924.000
2026-03-02,16070.510,16226.750,16363.290,15898.630,55116624.000
2026-03-03,16174.950,15097.450,16174.950,15087.190,47253717.000
2026-03-04,14828.160,15314.780,15447.530,14828.160,33345972.000
2026-03-05,15486.110,15415.280,15499.410,15216.170,32441565.000
2026-03-06,15308.390,15555.700,15801.200,15294.990,32410673.000
2026-03-09,15293.720,15266.330,15340.080,14969.340,35449837.000
2026-03-10,15356.790,15467.270,15649.870,15356.790,31042832.000
2026-03-11,15493.140,15225.310,15516.680,15212.470,28738072.000
2026-03-12,15200.300,14907.220,15215.180,14799.260,29394645.000
2026-03-13,14788.590,14484.060,14789.860,14453.600,26455117.000
2026-03-16,14488.480,14465.320,14502.660,14212.450,22685035.000
2026-03-17,14534.230,14079.710,14557.070,14075.900,21121050.000
2026-03-18,14123.920,14320.540,14332.500,14001.130,21178483.000
2026-03-19,14056.140,13941.070,14146.080,13880.850,19736059.000
2026-03-20,14012.800,13546.190,14030.140,13542.650,20562626.000
2026-03-23,13241.330,12870.800,13354.290,12801.910,25390991.000
2026-03-24,13106.660,13188.190,13195.130,12874.360,21799510.000
2026-03-25,13251.420,13433.380,13478.130,13251.420,21527186.000
2026-03-26,13476.830,13168.270,13476.830,13097.810,20269397.000
2026-03-27,12953.430,13243.240,13316.770,12953.340,16008012.000
2026-03-30,13046.550,13392.350,13415.570,13045.250,19331608.000
2026-03-31,13409.830,13318.230,13690.740,13317.860,22643118.000
2026-04-01,13541.040,13394.310,13558.590,13296.990,17296835.000
2026-04-02,13366.170,13135.340,13479.510,13077.720,15499740.000
2026-04-03,13203.580,12964.240,13218.670,12943.440,13602020.000
2026-04-07,13011.890,12968.770,13058.480,12893.190,13116086.000
2026-04-08,13239.950,13629.110,13629.110,13239.950,21328625.000
2026-04-09,13479.880,13525.110,13651.640,13443.240,17730350.000
2026-04-10,13645.830,13691.650,13878.370,13645.830,18371329.000
2026-04-13,13587.430,13809.700,13859.250,13587.430,17823542.000
2026-04-14,13902.400,14057.830,14057.830,13803.630,22850860.000
2026-04-15,14121.300,13995.600,14281.990,13950.860,25277097.000
2026-04-16,13989.650,14058.350,14073.950,13897.050,19652334.000
2026-04-17,14006.350,14176.000,14214.240,13978.920,20016879.000
2026-04-20,14176.670,14560.060,14580.950,14176.670,31361329.000
2026-04-21,14554.360,14497.210,14614.230,14379.140,27327283.000
2026-04-22,14330.630,14536.460,14541.120,14292.520,23144291.000
2026-04-23,14596.410,14558.530,14777.860,14411.980,30321064.000
2026-04-24,14523.990,14274.970,14530.880,14216.450,24822806.000
2026-04-27,14210.590,14251.530,14268.960,14061.220,23675126.000
2026-04-28,14235.230,14028.350,14256.380,13980.900,28189742.000
2026-04-29,13894.510,14068.070,14094.230,13894.510,21825538.000
2026-04-30,14129.560,14301.360,14332.450,14099.730,28082928.000
2026-05-06,14387.250,14615.230,14700.580,14387.250,26732109.000
2026-05-07,14686.420,14786.380,14789.440,14589.810,27692066.000
2026-05-08,14697.360,15058.950,15096.160,14639.110,37102218.000
2026-05-11,15216.140,15168.280,15277.890,15079.150,37398590.000
2026-05-12,15193.100,15038.310,15193.890,14835.270,34618086.000
2026-05-13,14935.050,15212.840,15236.590,14896.400,29794726.000
2026-05-14,15238.740,14511.780,15245.980,14511.780,31675084.000
2026-05-15,14529.970,14171.010,14640.890,14073.490,28008060.000
2026-05-18,14123.080,14075.060,14294.750,13989.890,24135254.000
2026-05-19,14047.260,14093.310,14093.340,13752.210,23069482.000
2026-05-20,13989.760,14027.940,14098.930,13913.900,21280396.000
2026-05-21,14108.520,13672.730,14282.400,13658.440,26739886.000
2026-05-22,13811.450,13883.120,13913.470,13678.110,22244853.000
2026-05-25,13986.370,14075.790,14079.360,13798.790,24935880.000
2026-05-26,13972.640,13787.400,13972.640,13576.690,24328891.000
2026-05-27,13807.010,13522.170,13943.080,13452.940,23773261.000
2026-05-28,13505.580,13740.540,13803.920,13488.450,22292425.000
2026-05-29,13772.770,13088.190,13772.770,13008.090,26222773.000
2026-06-01,13066.350,12921.610,13209.860,12911.360,19924404.000
2026-06-02,12950.560,12889.220,12979.490,12578.710,20523278.000
2026-06-03,12884.390,12978.770,13177.530,12864.300,23866955.000
2026-06-04,12865.290,13027.640,13093.550,12862.050,20422584.000
2026-06-05,13052.900,12984.890,13205.130,12880.520,27155624.000
2026-06-08,12625.240,12429.190,12905.690,12325.180,26256039.000
2026-06-09,12528.610,12589.640,12594.200,12337.740,21261184.000
2026-06-10,12501.830,12444.270,12643.530,12302.440,22958481.000
2026-06-11,12327.270,12435.810,12491.660,12236.260,21624036.000
2026-06-12,12664.700,12681.640,12984.370,12642.780,29505072.000
2026-06-15,12664.420,12860.610,12860.610,12603.270,25363019.000
2026-06-16,12945.040,12901.070,12994.940,12841.930,25894473.000
2026-06-17,12835.280,13119.050,13158.370,12832.550,26795764.000
2026-06-18,13016.480,13134.730,13313.720,13006.720,28049479.000
2026-06-22,13138.860,13219.580,13222.420,12819.610,30226273.000
2026-06-23,13177.170,12745.120,13177.170,12693.350,26190212.000
2026-06-24,12701.540,12855.150,12910.540,12580.830,25682454.000
2026-06-25,12819.760,12838.250,13026.720,12728.680,26923018.000
2026-06-26,12752.530,12622.810,12833.170,12469.730,31334990.000
2026-06-29,12647.860,12569.320,12703.000,12373.050,26492943.000
2026-06-30,12587.590,13023.120,13063.730,12549.590,26942343.000
2026-07-01,13066.090,13110.450,13259.240,13017.760,27264936.000
2026-07-02,12910.020,12788.280,13147.670,12754.530,24906614.000
2026-07-03,12831.050,13228.680,13350.890,12831.050,29539979.000
2026-07-06,13321.170,13032.250,13463.990,12932.540,27577480.000
2026-07-07,12999.840,12692.130,13113.840,12633.480,22454827.000
2026-07-08,12712.940,12380.820,12757.980,12380.820,22796305.000
2026-07-09,12415.470,12650.930,12670.920,12152.500,24041152.000
2026-07-10,12655.080,12953.690,13401.770,12622.990,38078497.000
2026-07-13,12888.580,12103.660,12888.580,12103.130,36932735.000
2026-07-14,12023.330,11794.400,12041.040,11460.390,28352752.000
2026-07-15,11723.250,11618.670,11879.100,11574.800,21852664.000
2026-07-16,11449.520,11373.170,11660.540,11329.170,18727211.000
2026-07-17,11311.880,10773.080,11335.480,10719.600,22495581.000
2026-07-20,10909.340,10724.570,11013.710,10505.260,22704906.000
2026-07-21,10821.870,11076.650,11077.620,10535.220,24447180.000
2026-07-22,10986.050,10991.280,11229.220,10945.850,20843412.000
2026-07-23,10994.290,11181.700,11208.420,10991.500,19282694.000
2026-07-24,11063.460,10912.340,11212.570,10909.240,19950552.000
2026-07-27,10882.170,11188.110,11188.110,10851.190,18631349.000
2026-07-28,11041.750,10881.810,11135.180,10837.520,16307952.000
2026-07-29,10917.160,11074.780,11111.630,10771.080,19195206.000
2026-07-30,11009.590,10842.400,11071.400,10755.480,18672231.000
2026-07-31,11028.170,11035.360,11183.910,11021.550,20980692.000
2026-08-03,11007.940,11150.170,11172.000,10987.090,16748606.000
2026-08-04,11192.300,11295.870,11341.640,11146.400,16839668.000
2026-08-05,11273.470,11503.620,11560.000,11271.720,19213796.000
2026-08-06,11414.080,11504.710,11570.510,11362.660,18664235.000
2026-08-07,11493.230,11688.330,11700.160,11359.260,20946219.000
2026-08-10,11713.130,11862.400,11867.250,11590.200,20713824.000
2026-08-11,11668.350,11616.530,11787.150,11575.750,19623239.000
2026-08-12,11598.420,11717.280,11755.060,11557.250,15059024.000
2026-08-13,11776.110,11609.540,11823.560,11609.540,18056579.000
2026-08-14,11629.640,11659.750,11742.170,11535.570,16090260.000
2026-08-17,11691.770,11880.450,11880.450,11633.960,16958141.000
2026-08-18,11876.060,11831.370,11889.450,11696.840,17320442.000
2026-08-19,11827.240,11206.330,11831.580,11191.190,24579854.000
2026-08-20,11259.240,11107.640,11277.790,11070.070,15146115.000
2026-08-21,11053.690,11201.930,11242.910,10992.020,12126587.000
2026-08-24,11184.820,11047.040,11240.030,10922.780,14770359.000
2026-08-25,10946.120,11090.200,11131.170,10859.280,13231945.000
2026-08-26,11084.930,11123.680,11214.360,11039.440,12710789.000
2026-08-27,11140.390,11350.160,11361.280,11101.640,14126984.000
2026-08-28,11328.140,11358.040,11471.210,11317.240,14495647.000
2026-08-31,11285.650,11558.720,11559.460,11284.270,15732855.000
2026-09-01,11529.620,11538.190,11617.110,11460.800,16572286.000
2026-09-02,11466.170,11548.660,11657.880,11428.180,19095248.000
2026-09-03,11584.310,11534.720,11592.690,11475.860,18904740.000
2026-09-04,11579.990,11632.760,11810.950,11579.990,23667743.000
